filename,relative_path,category,extension,mime_type,file_size_bytes,file_size_kb,file_size_mb,width,height,duration_seconds,fps,codec,sample_rate,channels,page_count,text_length,line_count,character_count,comment_line_count,blank_line_count
video_056.mp4,Video/video_056.mp4,Video,mp4,video/mp4,11030547,10772.02,10.52,1920.0,1036.0,29.99,23.98,,,,,,,,,
video_007.mp4,Video/video_007.mp4,Video,mp4,video/mp4,21025958,20533.16,20.05,1920.0,1036.0,29.99,23.98,,,,,,,,,
127225115.java,code/1459/C/127225115.java,Code,java,text/x-java-source,5428,5.3,0.01,,,,,,,,,,555.0,5127.0,18.0,336.0
video_090.mp4,Video/video_090.mp4,Video,mp4,video/mp4,20837620,20349.24,19.87,1920.0,1036.0,29.99,23.98,,,,,,,,,
video_065.mp4,Video/video_065.mp4,Video,mp4,video/mp4,16048263,15672.13,15.3,1920.0,1036.0,30.03,23.98,,,,,,,,,
Screenshot (709).png,images/Screenshot (709).png,Image,png,image/png,1515894,1480.37,1.45,1920.0,1080.0,,,,,,,,,,,
Screenshot (472).png,images/Screenshot (472).png,Image,png,image/png,129099,126.07,0.12,1920.0,1080.0,,,,,,,,,,,
FXDCZKVBXPOBKON5ZHKWU6WCDH5BEDYV.doc,Doc/Doc/FXDCZKVBXPOBKON5ZHKWU6WCDH5BEDYV.doc,Document,doc,application/msword,38104,37.21,0.04,,,,,,,,,38104.0,,,,
YAXK7IA4W3QHHZRCYOHF3TJUMR2V32KE.doc,Doc/Doc/YAXK7IA4W3QHHZRCYOHF3TJUMR2V32KE.doc,Document,doc,application/msword,38656,37.75,0.04,,,,,,,,,38656.0,,,,
90.wav,audio/90.wav,Audio,wav,audio/wav,377900,369.04,0.36,,,2.14,,pcm_s16le,44100.0,2.0,,,,,,
141435973.java,code/1477/B/141435973.java,Code,java,text/x-java-source,6771,6.61,0.01,,,,,,,,,,426.0,6558.0,5.0,238.0
fb8c6201bfd519374fe7aba9648e678df1b4492d.pdf,Pdf/fb8c6201bfd519374fe7aba9648e678df1b4492d.pdf,Document,pdf,application/pdf,406136,396.62,0.39,,,,,,,,1.0,40613.0,,,,
164349288.cpp,code/1439/A2/164349288.cpp,Code,cpp,text/x-c++,12750,12.45,0.01,,,,,,,,,,530.0,12485.0,41.0,288.0
189431898.py,code/189431898.py,Code,py,text/x-python,351,0.34,0.0,,,,,,,,,,36.0,333.0,0.0,22.0
192.wav,audio/192.wav,Audio,wav,audio/wav,364076,355.54,0.35,,,2.06,,pcm_s16le,44100.0,2.0,,,,,,
ADYF6YEDFBWOGKPODVGYMTVM4VRY2C5K.doc,Doc/Doc/ADYF6YEDFBWOGKPODVGYMTVM4VRY2C5K.doc,Document,doc,application/msword,70072,68.43,0.07,,,,,,,,,70072.0,,,,
QZ74K7KFE4OPYKEUIOXGTTM6Q73UJP4C.pdf,Pdf/QZ74K7KFE4OPYKEUIOXGTTM6Q73UJP4C.pdf,Document,pdf,application/pdf,5022043,4904.34,4.79,,,,,,,,1.0,50000.0,,,,
4CWINULHRRVWF33LXZE4U5EEHETC2SI6.docx,Docx/Docx/4CWINULHRRVWF33LXZE4U5EEHETC2SI6.docx,Document,docx,application/vnd.openxmlformats-officedocument.wordprocessingml.document,353370,345.09,0.34,,,,,,,,,353370.0,,,,
167082172.py,code/1512/A/167082172.py,Code,py,text/x-python,279,0.27,0.0,,,,,,,,,,27.0,266.0,0.0,13.0
168.wav,audio/168.wav,Audio,wav,audio/wav,571436,558.04,0.54,,,3.24,,pcm_s16le,44100.0,2.0,,,,,,
Orders-With Nulls.docx,Docx/Docx/Orders-With Nulls.docx,Document,docx,application/vnd.openxmlformats-officedocument.wordprocessingml.document,92635,90.46,0.09,,,,,,,,,92635.0,,,,
MVB3NUAZBLEVULOZQYWDXHOLA46NEJXI.pdf,Pdf/MVB3NUAZBLEVULOZQYWDXHOLA46NEJXI.pdf,Document,pdf,application/pdf,375499,366.7,0.36,,,,,,,,1.0,37549.0,,,,
331.wav,audio/331.wav,Audio,wav,audio/wav,410156,400.54,0.39,,,2.32,,pcm_s16le,44100.0,2.0,,,,,,
IUJCXHJGQ5XTDLV3CYTCTXLPD77RUA2P.pdf,Pdf/IUJCXHJGQ5XTDLV3CYTCTXLPD77RUA2P.pdf,Document,pdf,application/pdf,66534,64.97,0.06,,,,,,,,6.0,6653.0,,,,
Data Join vs Data Blending.docx,Docx/Docx/Data Join vs Data Blending.docx,Document,docx,application/vnd.openxmlformats-officedocument.wordprocessingml.document,36835,35.97,0.04,,,,,,,,,36835.0,,,,
KQKKOFZRA2MSM7S4EEGOTH2CPEJOUNWD.pdf,Pdf/KQKKOFZRA2MSM7S4EEGOTH2CPEJOUNWD.pdf,Document,pdf,application/pdf,27760,27.11,0.03,,,,,,,,3.0,2776.0,,,,
92179394.java,code/1404/B/92179394.java,Code,java,text/x-java-source,2278,2.22,0.0,,,,,,,,,,156.0,2200.0,0.0,84.0
125071173.java,code/1549/D/125071173.java,Code,java,text/x-java-source,10076,9.84,0.01,,,,,,,,,,729.0,9712.0,17.0,421.0
178811913.py,code/178811913.py,Code,py,text/x-python,1323,1.29,0.0,,,,,,,,,,102.0,1272.0,4.0,55.0
e666bebd9a30492fb9ca052e0f7d0841a5920f4d.pdf,Pdf/e666bebd9a30492fb9ca052e0f7d0841a5920f4d.pdf,Document,pdf,application/pdf,14421269,14083.27,13.75,,,,,,,,1.0,50000.0,,,,
357.wav,audio/357.wav,Audio,wav,audio/wav,580652,567.04,0.55,,,3.29,,pcm_s16le,44100.0,2.0,,,,,,
Screenshot (470).png,images/Screenshot (470).png,Image,png,image/png,126412,123.45,0.12,1920.0,1080.0,,,,,,,,,,,
PFYC6E5GGQLD2ON3WMS63OO5DERTOC5G.pdf,Pdf/PFYC6E5GGQLD2ON3WMS63OO5DERTOC5G.pdf,Document,pdf,application/pdf,39368,38.45,0.04,,,,,,,,1.0,3936.0,,,,
191765565.py,code/191765565.py,Code,py,text/x-python,669,0.65,0.0,,,,,,,,,,57.0,641.0,2.0,35.0
video_008.mp4,Video/video_008.mp4,Video,mp4,video/mp4,13213086,12903.4,12.6,1920.0,1036.0,29.99,23.98,,,,,,,,,
JYMSHAQOPOCHYVWZYLPSNQYDNAGMT5DR.pdf,Pdf/JYMSHAQOPOCHYVWZYLPSNQYDNAGMT5DR.pdf,Document,pdf,application/pdf,241261,235.61,0.23,,,,,,,,3.0,24126.0,,,,
MG64TNXHW4FTW3UTMAX6PXK5AZ5MMO5X.doc,Doc/Doc/MG64TNXHW4FTW3UTMAX6PXK5AZ5MMO5X.doc,Document,doc,application/msword,38288,37.39,0.04,,,,,,,,,38288.0,,,,
163087768.java,code/1534/C/163087768.java,Code,java,text/x-java-source,2193,2.14,0.0,,,,,,,,,,164.0,2111.0,1.0,89.0
rdc_mouvement_de_population_retournee_septembre_2023.docx,Docx/Docx/rdc_mouvement_de_population_retournee_septembre_2023.docx,Document,docx,application/vnd.openxmlformats-officedocument.wordprocessingml.document,861292,841.11,0.82,,,,,,,,,861292.0,,,,
20.wav,audio/20.wav,Audio,wav,audio/wav,1880122,1836.06,1.79,,,2.66,,pcm_f64le,44100.0,2.0,,,,,,
Screenshot (736).png,images/Screenshot (736).png,Image,png,image/png,134853,131.69,0.13,1920.0,1080.0,,,,,,,,,,,
M3JC5LYIW5JUNGMUE4FIXGDYFEUABDJK.pdf,Pdf/M3JC5LYIW5JUNGMUE4FIXGDYFEUABDJK.pdf,Document,pdf,application/pdf,240208,234.58,0.23,,,,,,,,2.0,24020.0,,,,
ZEUIAARRTYABYRX2TMCK5AHQO6AIOQXM.pdf,Pdf/ZEUIAARRTYABYRX2TMCK5AHQO6AIOQXM.pdf,Document,pdf,application/pdf,2808554,2742.73,2.68,,,,,,,,4.0,50000.0,,,,
118474914.py,code/1535/E/118474914.py,Code,py,text/x-python,1716,1.68,0.0,,,,,,,,,,61.0,1686.0,0.0,30.0
video_052.mp4,Video/video_052.mp4,Video,mp4,video/mp4,13845075,13520.58,13.2,1920.0,1036.0,29.99,23.98,,,,,,,,,
12851f0053449570257ff3dfe552621a8dd63d53.docx,Docx/Docx/12851f0053449570257ff3dfe552621a8dd63d53.docx,Document,docx,application/vnd.openxmlformats-officedocument.wordprocessingml.document,173597,169.53,0.17,,,,,,,,,173597.0,,,,
ULCLOMI3UKLP64SCVDH4CHNACUNJWMNC.pdf,Pdf/ULCLOMI3UKLP64SCVDH4CHNACUNJWMNC.pdf,Document,pdf,application/pdf,43986,42.96,0.04,,,,,,,,1.0,4398.0,,,,
92175857.java,code/1404/B/92175857.java,Code,java,text/x-java-source,2313,2.26,0.0,,,,,,,,,,157.0,2235.0,0.0,84.0
HOR7BQTQAFIPH2Z5TCKEJ5FZCCV7MZBO.pdf,Pdf/HOR7BQTQAFIPH2Z5TCKEJ5FZCCV7MZBO.pdf,Document,pdf,application/pdf,2784,2.72,0.0,,,,,,,,3.0,278.0,,,,
154597177.java,code/154597177.java,Code,java,text/x-java-source,7180,7.01,0.01,,,,,,,,,,476.0,6942.0,2.0,295.0
GWYYEO7BT54SUYBU7M4232GNAWWV6IOX.docx,Docx/Docx/GWYYEO7BT54SUYBU7M4232GNAWWV6IOX.docx,Document,docx,application/vnd.openxmlformats-officedocument.wordprocessingml.document,190837,186.36,0.18,,,,,,,,,190837.0,,,,
191770305.cpp,code/191770305.cpp,Code,cpp,text/x-c++,3870,3.78,0.0,,,,,,,,,,286.0,3725.0,24.0,165.0
6MPUNFSLSFKNLOGE2I6WRELWSJOF27UK.pdf,Pdf/6MPUNFSLSFKNLOGE2I6WRELWSJOF27UK.pdf,Document,pdf,application/pdf,36212,35.36,0.03,,,,,,,,1.0,3621.0,,,,
Screenshot (468).png,images/Screenshot (468).png,Image,png,image/png,137414,134.19,0.13,1920.0,1080.0,,,,,,,,,,,
143538536.java,code/1463/C/143538536.java,Code,java,text/x-java-source,3289,3.21,0.0,,,,,,,,,,303.0,3138.0,8.0,167.0
BYVMYNJSMFL7V7VYYCQ566SBR2HTWF5C.pdf,Pdf/BYVMYNJSMFL7V7VYYCQ566SBR2HTWF5C.pdf,Document,pdf,application/pdf,63033,61.56,0.06,,,,,,,,1.0,6303.0,,,,
166.wav,audio/166.wav,Audio,wav,audio/wav,571436,558.04,0.54,,,3.24,,pcm_s16le,44100.0,2.0,,,,,,
73881006.java,code/73881006.java,Code,java,text/x-java-source,5160,5.04,0.0,,,,,,,,,,196.0,4964.0,4.0,21.0
96.wav,audio/96.wav,Audio,wav,audio/wav,423980,414.04,0.4,,,2.4,,pcm_s16le,44100.0,2.0,,,,,,
Screenshot (486).png,images/Screenshot (486).png,Image,png,image/png,1024555,1000.54,0.98,1920.0,1080.0,,,,,,,,,,,
5F7F36M3NZCHDTIFIVI5JQRBDYNY6KJL.pdf,Pdf/5F7F36M3NZCHDTIFIVI5JQRBDYNY6KJL.pdf,Document,pdf,application/pdf,2137,2.09,0.0,,,,,,,,2.0,213.0,,,,
194079178.cpp,code/194079178.cpp,Code,cpp,text/x-c++,1043,1.02,0.0,,,,,,,,,,109.0,989.0,6.0,62.0
162603556.java,code/162603556.java,Code,java,text/x-java-source,3979,3.89,0.0,,,,,,,,,,312.0,3823.0,3.0,188.0
189.wav,audio/189.wav,Audio,wav,audio/wav,576044,562.54,0.55,,,3.27,,pcm_s16le,44100.0,2.0,,,,,,
158280762.cpp,code/1465/A/158280762.cpp,Code,cpp,text/x-c++,4322,4.22,0.0,,,,,,,,,,148.0,4131.0,39.0,12.0
166714492.cpp,code/1427/A/166714492.cpp,Code,cpp,text/x-c++,3852,3.76,0.0,,,,,,,,,,343.0,3519.0,94.0,178.0
166032905.java,code/1466/C/166032905.java,Code,java,text/x-java-source,15437,15.08,0.01,,,,,,,,,,998.0,14938.0,80.0,585.0
Screenshot (451).png,images/Screenshot (451).png,Image,png,image/png,287054,280.33,0.27,1920.0,1080.0,,,,,,,,,,,
Screenshot (530).png,images/Screenshot (530).png,Image,png,image/png,205030,200.22,0.2,1920.0,1080.0,,,,,,,,,,,
O6K6RC2TPUGKD4NJLXH6KUVRELRT5PWG.pdf,Pdf/O6K6RC2TPUGKD4NJLXH6KUVRELRT5PWG.pdf,Document,pdf,application/pdf,460421,449.63,0.44,,,,,,,,2.0,46042.0,,,,
YE5PQJ6NUYA6UOWHADZIVVMCINU4AYZF.doc,Doc/Doc/YE5PQJ6NUYA6UOWHADZIVVMCINU4AYZF.doc,Document,doc,application/msword,978259,955.33,0.93,,,,,,,,,978259.0,,,,
165234321.java,code/1420/B/165234321.java,Code,java,text/x-java-source,794,0.78,0.0,,,,,,,,,,78.0,755.0,1.0,47.0
video_092.mp4,Video/video_092.mp4,Video,mp4,video/mp4,20191015,19717.79,19.26,1920.0,1036.0,30.03,23.98,,,,,,,,,
4VMUKG4TIVAVUP5H4SRGXIJZUWERU7I2.pdf,Pdf/4VMUKG4TIVAVUP5H4SRGXIJZUWERU7I2.pdf,Document,pdf,application/pdf,12802,12.5,0.01,,,,,,,,1.0,1280.0,,,,
164429043.cpp,code/1552/D/164429043.cpp,Code,cpp,text/x-c++,816,0.8,0.0,,,,,,,,,,76.0,778.0,2.0,40.0
0e21835a42a6df2405496f62647058ff855743c1.pdf,Pdf/0e21835a42a6df2405496f62647058ff855743c1.pdf,Document,pdf,application/pdf,1223197,1194.53,1.17,,,,,,,,1.0,50000.0,,,,
I532QF7XT4CGRZFQBRSA7QQMH3UCWFW7.doc,Doc/Doc/I532QF7XT4CGRZFQBRSA7QQMH3UCWFW7.doc,Document,doc,application/msword,38527,37.62,0.04,,,,,,,,,38527.0,,,,
Screenshot (498).png,images/Screenshot (498).png,Image,png,image/png,206007,201.18,0.2,1920.0,1080.0,,,,,,,,,,,
Screenshot (691).png,images/Screenshot (691).png,Image,png,image/png,696691,680.36,0.66,1920.0,1080.0,,,,,,,,,,,
SE6VNMZC7SS4KLSVUOXM3QR4FK2WJHWZ.docx,Docx/Docx/SE6VNMZC7SS4KLSVUOXM3QR4FK2WJHWZ.docx,Document,docx,application/vnd.openxmlformats-officedocument.wordprocessingml.document,145699,142.28,0.14,,,,,,,,,145699.0,,,,
194373860.py,code/194373860.py,Code,py,text/x-python,922,0.9,0.0,,,,,,,,,,73.0,886.0,0.0,38.0
14.wav,audio/14.wav,Audio,wav,audio/wav,1861690,1818.06,1.78,,,2.64,,pcm_f64le,44100.0,2.0,,,,,,
82.wav,audio/82.wav,Audio,wav,audio/wav,493100,481.54,0.47,,,2.8,,pcm_s16le,44100.0,2.0,,,,,,
184609506.cpp,code/184609506.cpp,Code,cpp,text/x-c++,3467,3.39,0.0,,,,,,,,,,208.0,3363.0,24.0,112.0
79.wav,audio/79.wav,Audio,wav,audio/wav,516140,504.04,0.49,,,2.93,,pcm_s16le,44100.0,2.0,,,,,,
187.wav,audio/187.wav,Audio,wav,audio/wav,576044,562.54,0.55,,,3.27,,pcm_s16le,44100.0,2.0,,,,,,
video_049.mp4,Video/video_049.mp4,Video,mp4,video/mp4,30365839,29654.14,28.96,1920.0,1036.0,29.99,23.98,,,,,,,,,
83870223.java,code/83870223.java,Code,java,text/x-java-source,1404,1.37,0.0,,,,,,,,,,158.0,1325.0,4.0,81.0
EVWZKEBEBK3TDSK3VC4AHQKSNXD6FBWI.pdf,Pdf/EVWZKEBEBK3TDSK3VC4AHQKSNXD6FBWI.pdf,Document,pdf,application/pdf,84198,82.22,0.08,,,,,,,,1.0,8419.0,,,,
145396881.java,code/145396881.java,Code,java,text/x-java-source,7817,7.63,0.01,,,,,,,,,,665.0,7485.0,17.0,385.0
192795309.cpp,code/192795309.cpp,Code,cpp,text/x-c++,471,0.46,0.0,,,,,,,,,,28.0,444.0,1.0,4.0
167092312.py,code/1468/C/167092312.py,Code,py,text/x-python,599,0.58,0.0,,,,,,,,,,57.0,571.0,0.0,29.0
EKYCT6JDYSVHCFQPJSCTM7VEB5GEUPWR.pdf,Pdf/EKYCT6JDYSVHCFQPJSCTM7VEB5GEUPWR.pdf,Document,pdf,application/pdf,105337,102.87,0.1,,,,,,,,1.0,10533.0,,,,
L3KZFZMAQFEW4RY6D5IJJXCRWUVUBLRJ.pdf,Pdf/L3KZFZMAQFEW4RY6D5IJJXCRWUVUBLRJ.pdf,Document,pdf,application/pdf,246453,240.68,0.24,,,,,,,,6.0,24645.0,,,,
WYEYQIJLZUN467X4ATTAXA2FIUYL2C3T.doc,Doc/Doc/WYEYQIJLZUN467X4ATTAXA2FIUYL2C3T.doc,Document,doc,application/msword,52237,51.01,0.05,,,,,,,,,52237.0,,,,
146212912.cpp,code/1523/F/146212912.cpp,Code,cpp,text/x-c++,4960,4.84,0.0,,,,,,,,,,273.0,4824.0,21.0,136.0
Screenshot (602).png,images/Screenshot (602).png,Image,png,image/png,105408,102.94,0.1,1920.0,1080.0,,,,,,,,,,,
254.wav,audio/254.wav,Audio,wav,audio/wav,1529914,1494.06,1.46,,,2.17,,pcm_f64le,44100.0,2.0,,,,,,
133971873.py,code/1551/F/133971873.py,Code,py,text/x-python,1590,1.55,0.0,,,,,,,,,,122.0,1529.0,0.0,63.0
RI2EFC7G35NUUXG5XEXZL7S2JTPG25NY.pdf,Pdf/RI2EFC7G35NUUXG5XEXZL7S2JTPG25NY.pdf,Document,pdf,application/pdf,95300,93.07,0.09,,,,,,,,1.0,9530.0,,,,
319.wav,audio/319.wav,Audio,wav,audio/wav,465452,454.54,0.44,,,2.64,,pcm_s16le,44100.0,2.0,,,,,,
f2558b421c2bbdec48e576c09dbc08ddc9f1c4a5.pdf,Pdf/f2558b421c2bbdec48e576c09dbc08ddc9f1c4a5.pdf,Document,pdf,application/pdf,257243,251.21,0.25,,,,,,,,20.0,25724.0,,,,
KMTEGGFKCFAJV3ICJRDK3YR2OAFQJ22Y.pdf,Pdf/KMTEGGFKCFAJV3ICJRDK3YR2OAFQJ22Y.pdf,Document,pdf,application/pdf,154333,150.72,0.15,,,,,,,,8.0,15433.0,,,,
TMLSWMKGDE2PLE3QSREAPVVCNK7QXPRC.pdf,Pdf/TMLSWMKGDE2PLE3QSREAPVVCNK7QXPRC.pdf,Document,pdf,application/pdf,75743,73.97,0.07,,,,,,,,15.0,7574.0,,,,
187671443.py,code/187671443.py,Code,py,text/x-python,137,0.13,0.0,,,,,,,,,,11.0,132.0,0.0,6.0
160.wav,audio/160.wav,Audio,wav,audio/wav,695852,679.54,0.66,,,3.94,,pcm_s16le,44100.0,2.0,,,,,,
179.wav,audio/179.wav,Audio,wav,audio/wav,1824826,1782.06,1.74,,,2.59,,pcm_f64le,44100.0,2.0,,,,,,
83.wav,audio/83.wav,Audio,wav,audio/wav,1972282,1926.06,1.88,,,2.8,,pcm_f64le,44100.0,2.0,,,,,,
126.wav,audio/126.wav,Audio,wav,audio/wav,580652,567.04,0.55,,,3.29,,pcm_s16le,44100.0,2.0,,,,,,
2GFKZ3FSJWFKVKALUPEYHSLSHEJ3OGA6.pdf,Pdf/2GFKZ3FSJWFKVKALUPEYHSLSHEJ3OGA6.pdf,Document,pdf,application/pdf,5666,5.53,0.01,,,,,,,,2.0,566.0,,,,
SPOQ5FUVLA2ZM5ITKZRVFHCP3MGMBPEX.docx,Docx/Docx/SPOQ5FUVLA2ZM5ITKZRVFHCP3MGMBPEX.docx,Document,docx,application/vnd.openxmlformats-officedocument.wordprocessingml.document,37908,37.02,0.04,,,,,,,,,37908.0,,,,
video_094.mp4,Video/video_094.mp4,Video,mp4,video/mp4,22365066,21840.88,21.33,1920.0,1036.0,30.03,23.98,,,,,,,,,
T5YDZLEHT6CHH5L4TRKYQOFOCKXWR5DM.pdf,Pdf/T5YDZLEHT6CHH5L4TRKYQOFOCKXWR5DM.pdf,Document,pdf,application/pdf,46027,44.95,0.04,,,,,,,,2.0,4602.0,,,,
ZEVGJOLU5PKURGKDQ3GMLEWFTBUGJXT6.pdf,Pdf/ZEVGJOLU5PKURGKDQ3GMLEWFTBUGJXT6.pdf,Document,pdf,application/pdf,314016,306.66,0.3,,,,,,,,3.0,31401.0,,,,
255.wav,audio/255.wav,Audio,wav,audio/wav,382508,373.54,0.36,,,2.17,,pcm_s16le,44100.0,2.0,,,,,,
152908504.cpp,code/152908504.cpp,Code,cpp,text/x-c++,701,0.68,0.0,,,,,,,,,,46.0,678.0,7.0,23.0
96826170.py,code/1434/C/96826170.py,Code,py,text/x-python,832,0.81,0.0,,,,,,,,,,49.0,808.0,4.0,26.0
167476348.cpp,code/1548/A/167476348.cpp,Code,cpp,text/x-c++,868,0.85,0.0,,,,,,,,,,93.0,822.0,3.0,47.0
245.wav,audio/245.wav,Audio,wav,audio/wav,1640506,1602.06,1.56,,,2.32,,pcm_f64le,44100.0,2.0,,,,,,
162340125.py,code/1407/B/162340125.py,Code,py,text/x-python,575,0.56,0.0,,,,,,,,,,46.0,552.0,0.0,24.0
149910885.cpp,code/1483/E/149910885.cpp,Code,cpp,text/x-c++,4329,4.23,0.0,,,,,,,,,,305.0,4177.0,97.0,152.0
11613a97cef51ad28635fdd86915e74d94cff227.pdf,Pdf/11613a97cef51ad28635fdd86915e74d94cff227.pdf,Document,pdf,application/pdf,222037,216.83,0.21,,,,,,,,6.0,22203.0,,,,
192794683.cpp,code/192794683.cpp,Code,cpp,text/x-c++,919,0.9,0.0,,,,,,,,,,43.0,878.0,2.0,1.0
122633480.java,code/1438/D/122633480.java,Code,java,text/x-java-source,2415,2.36,0.0,,,,,,,,,,134.0,2348.0,18.0,70.0
279.wav,audio/279.wav,Audio,wav,audio/wav,419372,409.54,0.4,,,2.38,,pcm_s16le,44100.0,2.0,,,,,,
GZ62LWSF6OMAXHC5VDCOYD53D7GSE2HO.pdf,Pdf/GZ62LWSF6OMAXHC5VDCOYD53D7GSE2HO.pdf,Document,pdf,application/pdf,1729705,1689.17,1.65,,,,,,,,1.0,50000.0,,,,
189972719.java,code/189972719.java,Code,java,text/x-java-source,9143,8.93,0.01,,,,,,,,,,602.0,8842.0,15.0,361.0
AEDZUJF6HFEQUC3GZMVSC5EVDPBEJ7TF.pdf,Pdf/AEDZUJF6HFEQUC3GZMVSC5EVDPBEJ7TF.pdf,Document,pdf,application/pdf,10530,10.28,0.01,,,,,,,,2.0,1053.0,,,,
6AVXT3OLPGYVAG7L4CBYJHXLAXJE4V6F.pdf,Pdf/6AVXT3OLPGYVAG7L4CBYJHXLAXJE4V6F.pdf,Document,pdf,application/pdf,783719,765.35,0.75,,,,,,,,2.0,50000.0,,,,
fsi-2013.doc,Doc/Doc/fsi-2013.doc,Document,doc,application/msword,44416,43.38,0.04,,,,,,,,,44416.0,,,,
71.wav,audio/71.wav,Audio,wav,audio/wav,1585210,1548.06,1.51,,,2.25,,pcm_f64le,44100.0,2.0,,,,,,
201.wav,audio/201.wav,Audio,wav,audio/wav,543788,531.04,0.52,,,3.08,,pcm_s16le,44100.0,2.0,,,,,,
162459880.py,code/1535/C/162459880.py,Code,py,text/x-python,1021,1.0,0.0,,,,,,,,,,69.0,987.0,0.0,37.0
RUW5HYZIHK3VYBQE2PL4OZ3KT2S2SPVO.pdf,Pdf/RUW5HYZIHK3VYBQE2PL4OZ3KT2S2SPVO.pdf,Document,pdf,application/pdf,69268,67.64,0.07,,,,,,,,1.0,6926.0,,,,
Screenshot (715).png,images/Screenshot (715).png,Image,png,image/png,121072,118.23,0.12,1920.0,1080.0,,,,,,,,,,,
114.wav,audio/114.wav,Audio,wav,audio/wav,562220,549.04,0.54,,,3.19,,pcm_s16le,44100.0,2.0,,,,,,
152549473.java,code/152549473.java,Code,java,text/x-java-source,2458,2.4,0.0,,,,,,,,,,209.0,2354.0,2.0,128.0
KWL6TCYCODD5ODQXOPLOAX46TIM557CL.pdf,Pdf/KWL6TCYCODD5ODQXOPLOAX46TIM557CL.pdf,Document,pdf,application/pdf,120187,117.37,0.11,,,,,,,,2.0,12018.0,,,,
162985463.java,code/1490/E/162985463.java,Code,java,text/x-java-source,5791,5.66,0.01,,,,,,,,,,390.0,5596.0,25.0,230.0
46KXLWATPXX7EE6CIIN3H4KUPVN3RX75.doc,Doc/Doc/46KXLWATPXX7EE6CIIN3H4KUPVN3RX75.doc,Document,doc,application/msword,38767,37.86,0.04,,,,,,,,,38767.0,,,,
193801208.cpp,code/193801208.cpp,Code,cpp,text/x-c++,12111,11.83,0.01,,,,,,,,,,1059.0,11582.0,110.0,586.0
AB2LVVUR7Q4T7O5QDSUALJSM5UMJH2HT.doc,Doc/Doc/AB2LVVUR7Q4T7O5QDSUALJSM5UMJH2HT.doc,Document,doc,application/msword,58916,57.54,0.06,,,,,,,,,58916.0,,,,
152823854.cpp,code/1411/D/152823854.cpp,Code,cpp,text/x-c++,3468,3.39,0.0,,,,,,,,,,202.0,3367.0,16.0,121.0
Screenshot (591).png,images/Screenshot (591).png,Image,png,image/png,2830222,2763.89,2.7,1920.0,1080.0,,,,,,,,,,,
31.wav,audio/31.wav,Audio,wav,audio/wav,497708,486.04,0.47,,,2.82,,pcm_s16le,44100.0,2.0,,,,,,
video_012.mp4,Video/video_012.mp4,Video,mp4,video/mp4,34576914,33766.52,32.98,1920.0,1036.0,29.99,23.98,,,,,,,,,
SFF6OU2N7INH3UGAKC4QLCTJU2VZK7WM.docx,Docx/Docx/SFF6OU2N7INH3UGAKC4QLCTJU2VZK7WM.docx,Document,docx,application/vnd.openxmlformats-officedocument.wordprocessingml.document,243955,238.24,0.23,,,,,,,,,243955.0,,,,
72160382.py,code/72160382.py,Code,py,text/x-python,823,0.8,0.0,,,,,,,,,,55.0,796.0,0.0,27.0
189563952.py,code/189563952.py,Code,py,text/x-python,495,0.48,0.0,,,,,,,,,,58.0,466.0,4.0,40.0
186096223.cpp,code/186096223.cpp,Code,cpp,text/x-c++,560,0.55,0.0,,,,,,,,,,53.0,534.0,1.0,26.0
151298794.java,code/1487/C/151298794.java,Code,java,text/x-java-source,9118,8.9,0.01,,,,,,,,,,898.0,8669.0,18.0,495.0
PYTDN333IKHN3QCZW6AJ2ASF6NEQCVJ6.doc,Doc/Doc/PYTDN333IKHN3QCZW6AJ2ASF6NEQCVJ6.doc,Document,doc,application/msword,45594,44.53,0.04,,,,,,,,,45594.0,,,,
159907787.cpp,code/1439/C/159907787.cpp,Code,cpp,text/x-c++,2745,2.68,0.0,,,,,,,,,,301.0,2595.0,19.0,151.0
159298870.py,code/159298870.py,Code,py,text/x-python,1281,1.25,0.0,,,,,,,,,,81.0,1241.0,5.0,45.0
172246559.java,code/172246559.java,Code,java,text/x-java-source,3532,3.45,0.0,,,,,,,,,,214.0,3425.0,4.0,110.0
166631796.cpp,code/1536/A/166631796.cpp,Code,cpp,text/x-c++,1485,1.45,0.0,,,,,,,,,,74.0,1412.0,17.0,7.0
104276124.py,code/1469/E/104276124.py,Code,py,text/x-python,942,0.92,0.0,,,,,,,,,,87.0,899.0,0.0,43.0
TQSAKC5ZXKO27EPBJ7HLTN2K3CW5L4MR.docx,Docx/Docx/TQSAKC5ZXKO27EPBJ7HLTN2K3CW5L4MR.docx,Document,docx,application/vnd.openxmlformats-officedocument.wordprocessingml.document,37970,37.08,0.04,,,,,,,,,37970.0,,,,
16.wav,audio/16.wav,Audio,wav,audio/wav,488492,477.04,0.47,,,2.77,,pcm_s16le,44100.0,2.0,,,,,,
KNOSFODTQCUVGFKMJLWBF6KZS3RVBESD.docx,Docx/Docx/KNOSFODTQCUVGFKMJLWBF6KZS3RVBESD.docx,Document,docx,application/vnd.openxmlformats-officedocument.wordprocessingml.document,39914,38.98,0.04,,,,,,,,,39914.0,,,,
44CC3S6FHPO5OFLW26RYVMNN3CLMBFU5.docx,Docx/Docx/44CC3S6FHPO5OFLW26RYVMNN3CLMBFU5.docx,Document,docx,application/vnd.openxmlformats-officedocument.wordprocessingml.document,39837,38.9,0.04,,,,,,,,,39837.0,,,,
55.wav,audio/55.wav,Audio,wav,audio/wav,511532,499.54,0.49,,,2.9,,pcm_s16le,44100.0,2.0,,,,,,
MG64TNXHW4FTW3UTMAX6PXK5AZ5MMO5X.docx,Docx/Docx/MG64TNXHW4FTW3UTMAX6PXK5AZ5MMO5X.docx,Document,docx,application/vnd.openxmlformats-officedocument.wordprocessingml.document,38288,37.39,0.04,,,,,,,,,38288.0,,,,
230.wav,audio/230.wav,Audio,wav,audio/wav,1880122,1836.06,1.79,,,2.66,,pcm_f64le,44100.0,2.0,,,,,,
236.wav,audio/236.wav,Audio,wav,audio/wav,1824826,1782.06,1.74,,,2.59,,pcm_f64le,44100.0,2.0,,,,,,
sa-datasets.docx,Docx/Docx/sa-datasets.docx,Document,docx,application/vnd.openxmlformats-officedocument.wordprocessingml.document,404225,394.75,0.39,,,,,,,,,404225.0,,,,
92318088.py,code/1407/E/92318088.py,Code,py,text/x-python,791,0.77,0.0,,,,,,,,,,88.0,747.0,0.0,58.0
165376065.cpp,code/1446/B/165376065.cpp,Code,cpp,text/x-c++,616,0.6,0.0,,,,,,,,,,43.0,595.0,1.0,22.0
2SFC5QHEHUKZAZANWGTNYNCLR6KHKDS2.pdf,Pdf/2SFC5QHEHUKZAZANWGTNYNCLR6KHKDS2.pdf,Document,pdf,application/pdf,47154,46.05,0.04,,,,,,,,1.0,4715.0,,,,
Screenshot (726).png,images/Screenshot (726).png,Image,png,image/png,173840,169.77,0.17,1920.0,1080.0,,,,,,,,,,,
167549069.cpp,code/1554/C/167549069.cpp,Code,cpp,text/x-c++,4408,4.3,0.0,,,,,,,,,,137.0,2220.0,9.0,74.0
TV2FR5ZDVPUTCZABFDGX5523SXF5WWIR.docx,Docx/Docx/TV2FR5ZDVPUTCZABFDGX5523SXF5WWIR.docx,Document,docx,application/vnd.openxmlformats-officedocument.wordprocessingml.document,38036,37.14,0.04,,,,,,,,,38036.0,,,,
161511203.java,code/161511203.java,Code,java,text/x-java-source,2068,2.02,0.0,,,,,,,,,,140.0,1998.0,0.0,78.0
262.wav,audio/262.wav,Audio,wav,audio/wav,414764,405.04,0.4,,,2.35,,pcm_s16le,44100.0,2.0,,,,,,
110402490.py,code/1480/D2/110402490.py,Code,py,text/x-python,891,0.87,0.0,,,,,,,,,,93.0,845.0,1.0,48.0
EQDIZLFPMDEBKUMF53WGJTJNZCBWBPPH.pdf,Pdf/EQDIZLFPMDEBKUMF53WGJTJNZCBWBPPH.pdf,Document,pdf,application/pdf,309648,302.39,0.3,,,,,,,,1.0,30964.0,,,,
CEANMN5G6I4ISNFSTYEX44YCLQ52GWCV.pdf,Pdf/CEANMN5G6I4ISNFSTYEX44YCLQ52GWCV.pdf,Document,pdf,application/pdf,33015,32.24,0.03,,,,,,,,1.0,3301.0,,,,
Data Bleanding File One.docx,Docx/Docx/Data Bleanding File One.docx,Document,docx,application/vnd.openxmlformats-officedocument.wordprocessingml.document,36790,35.93,0.04,,,,,,,,,36790.0,,,,
7VDYUYI25N4D4JRD7SKH4HJVX7GYRRFJ.pdf,Pdf/7VDYUYI25N4D4JRD7SKH4HJVX7GYRRFJ.pdf,Document,pdf,application/pdf,192218,187.71,0.18,,,,,,,,1.0,19221.0,,,,
BLPT55AK2Y5UAQGF36X5OMVOO6APKWVI.doc,Doc/Doc/BLPT55AK2Y5UAQGF36X5OMVOO6APKWVI.doc,Document,doc,application/msword,78831,76.98,0.08,,,,,,,,,78831.0,,,,
2WE4HZPD57KVPL4RQKCB4PUG42SQ2RMJ.pdf,Pdf/2WE4HZPD57KVPL4RQKCB4PUG42SQ2RMJ.pdf,Document,pdf,application/pdf,502322,490.55,0.48,,,,,,,,8.0,50000.0,,,,
184883294.cpp,code/184883294.cpp,Code,cpp,text/x-c++,5433,5.31,0.01,,,,,,,,,,215.0,5218.0,3.0,27.0
145.wav,audio/145.wav,Audio,wav,audio/wav,677420,661.54,0.65,,,3.84,,pcm_s16le,44100.0,2.0,,,,,,
XRYHJNEQBXETTP5HKCE5THSUVASCXEG4.pdf,Pdf/XRYHJNEQBXETTP5HKCE5THSUVASCXEG4.pdf,Document,pdf,application/pdf,39607,38.68,0.04,,,,,,,,1.0,3960.0,,,,
165299745.cpp,code/1436/D/165299745.cpp,Code,cpp,text/x-c++,2603,2.54,0.0,,,,,,,,,,94.0,2509.0,31.0,6.0
3I3G2ZKLILXKCZTX77LVBWNF5IR2ZM7E.pdf,Pdf/3I3G2ZKLILXKCZTX77LVBWNF5IR2ZM7E.pdf,Document,pdf,application/pdf,86683,84.65,0.08,,,,,,,,1.0,8668.0,,,,
OOCZ65LSQNV54SSBIQ5C2LVLOZNKUXH3.docx,Docx/Docx/OOCZ65LSQNV54SSBIQ5C2LVLOZNKUXH3.docx,Document,docx,application/vnd.openxmlformats-officedocument.wordprocessingml.document,65324,63.79,0.06,,,,,,,,,65324.0,,,,
73511863.java,code/73511863.java,Code,java,text/x-java-source,5090,4.97,0.0,,,,,,,,,,299.0,4941.0,1.0,165.0
OOCZ65LSQNV54SSBIQ5C2LVLOZNKUXH3.doc,Doc/Doc/OOCZ65LSQNV54SSBIQ5C2LVLOZNKUXH3.doc,Document,doc,application/msword,65324,63.79,0.06,,,,,,,,,65324.0,,,,
cc9101f06002345e30cd6f92d692d4ccc439f430.doc,Doc/Doc/cc9101f06002345e30cd6f92d692d4ccc439f430.doc,Document,doc,application/msword,172596,168.55,0.16,,,,,,,,,172596.0,,,,
183761232.cpp,code/183761232.cpp,Code,cpp,text/x-c++,7696,7.52,0.01,,,,,,,,,,869.0,7262.0,22.0,567.0
video_044.mp4,Video/video_044.mp4,Video,mp4,video/mp4,16002099,15627.05,15.26,1920.0,1036.0,29.99,23.98,,,,,,,,,
189274748.cpp,code/189274748.cpp,Code,cpp,text/x-c++,3390,3.31,0.0,,,,,,,,,,299.0,3241.0,55.0,149.0
161579182.cpp,code/1503/C/161579182.cpp,Code,cpp,text/x-c++,2261,2.21,0.0,,,,,,,,,,159.0,2182.0,7.0,103.0
303.wav,audio/303.wav,Audio,wav,audio/wav,414764,405.04,0.4,,,2.35,,pcm_s16le,44100.0,2.0,,,,,,
BLPT55AK2Y5UAQGF36X5OMVOO6APKWVI.docx,Docx/Docx/BLPT55AK2Y5UAQGF36X5OMVOO6APKWVI.docx,Document,docx,application/vnd.openxmlformats-officedocument.wordprocessingml.document,78831,76.98,0.08,,,,,,,,,78831.0,,,,
4CWINULHRRVWF33LXZE4U5EEHETC2SI6.doc,Doc/Doc/4CWINULHRRVWF33LXZE4U5EEHETC2SI6.doc,Document,doc,application/msword,353370,345.09,0.34,,,,,,,,,353370.0,,,,
EUMZHAVVHG7K6CDQVOACCW3IN4DSMT5M.doc,Doc/Doc/EUMZHAVVHG7K6CDQVOACCW3IN4DSMT5M.doc,Document,doc,application/msword,377411,368.57,0.36,,,,,,,,,377411.0,,,,
154167669.java,code/1470/A/154167669.java,Code,java,text/x-java-source,2639,2.58,0.0,,,,,,,,,,191.0,2544.0,1.0,102.0
127252402.java,code/1534/F1/127252402.java,Code,java,text/x-java-source,13352,13.04,0.01,,,,,,,,,,1060.0,12822.0,2.0,602.0
193302705.py,code/193302705.py,Code,py,text/x-python,275,0.27,0.0,,,,,,,,,,30.0,260.0,0.0,18.0
2EDEPZ4VHTLPTWSZR6FAVUJ3B2ZVSIPS.pdf,Pdf/2EDEPZ4VHTLPTWSZR6FAVUJ3B2ZVSIPS.pdf,Document,pdf,application/pdf,240962,235.31,0.23,,,,,,,,2.0,24096.0,,,,
H75CHMEGQV5GB7Y4YQS4OYSBCPHUFFBY.doc,Doc/Doc/H75CHMEGQV5GB7Y4YQS4OYSBCPHUFFBY.doc,Document,doc,application/msword,258126,252.08,0.25,,,,,,,,,258126.0,,,,
166796217.cpp,code/1467/D/166796217.cpp,Code,cpp,text/x-c++,1503,1.47,0.0,,,,,,,,,,92.0,1457.0,6.0,51.0
JQTLTBNFMLOTJNAZWAJGUYXUWJ42X5WM.doc,Doc/Doc/JQTLTBNFMLOTJNAZWAJGUYXUWJ42X5WM.doc,Document,doc,application/msword,37569,36.69,0.04,,,,,,,,,37569.0,,,,
342.wav,audio/342.wav,Audio,wav,audio/wav,419372,409.54,0.4,,,2.38,,pcm_s16le,44100.0,2.0,,,,,,
AEJC2MUHWWSV5JKM6Q34CUY7QK4LVHP7.pdf,Pdf/AEJC2MUHWWSV5JKM6Q34CUY7QK4LVHP7.pdf,Document,pdf,application/pdf,70779,69.12,0.07,,,,,,,,1.0,7077.0,,,,
Screenshot (724).png,images/Screenshot (724).png,Image,png,image/png,413014,403.33,0.39,1920.0,1080.0,,,,,,,,,,,
172214202.cpp,code/172214202.cpp,Code,cpp,text/x-c++,1360,1.33,0.0,,,,,,,,,,50.0,1311.0,21.0,4.0
184.wav,audio/184.wav,Audio,wav,audio/wav,433196,423.04,0.41,,,2.46,,pcm_s16le,44100.0,2.0,,,,,,
CRUX6GOFZIONS7TFHX7MGJWDZ5F636K6.pdf,Pdf/CRUX6GOFZIONS7TFHX7MGJWDZ5F636K6.pdf,Document,pdf,application/pdf,123107,120.22,0.12,,,,,,,,4.0,12310.0,,,,
192850231.cpp,code/192850231.cpp,Code,cpp,text/x-c++,11382,11.12,0.01,,,,,,,,,,476.0,7310.0,53.0,255.0
ZEZKWHVDSQXEMJQPI3I6NGC26E63NXNR.pdf,Pdf/ZEZKWHVDSQXEMJQPI3I6NGC26E63NXNR.pdf,Document,pdf,application/pdf,51253,50.05,0.05,,,,,,,,1.0,5125.0,,,,
191193736.cpp,code/191193736.cpp,Code,cpp,text/x-c++,2288,2.23,0.0,,,,,,,,,,155.0,2211.0,2.0,77.0
155586419.py,code/1445/B/155586419.py,Code,py,text/x-python,5015,4.9,0.0,,,,,,,,,,420.0,4805.0,9.0,262.0
151021424.py,code/1430/D/151021424.py,Code,py,text/x-python,349,0.34,0.0,,,,,,,,,,33.0,333.0,0.0,16.0
160274966.py,code/1461/B/160274966.py,Code,py,text/x-python,694,0.68,0.0,,,,,,,,,,63.0,663.0,0.0,39.0
GDSKWZKLKQOSH72CKDIFPUJMVX4KDIW7.pdf,Pdf/GDSKWZKLKQOSH72CKDIFPUJMVX4KDIW7.pdf,Document,pdf,application/pdf,313822,306.47,0.3,,,,,,,,3.0,31382.0,,,,
350.wav,audio/350.wav,Audio,wav,audio/wav,1419322,1386.06,1.35,,,2.01,,pcm_f64le,44100.0,2.0,,,,,,
BLQYONKYGPSK7RW76LOAUDZGQXB634CT.doc,Doc/Doc/BLQYONKYGPSK7RW76LOAUDZGQXB634CT.doc,Document,doc,application/msword,37422,36.54,0.04,,,,,,,,,37422.0,,,,
VY63NSKASK2Y4IRQZDCRO3KL3N7QSD7K.pdf,Pdf/VY63NSKASK2Y4IRQZDCRO3KL3N7QSD7K.pdf,Document,pdf,application/pdf,644374,629.27,0.61,,,,,,,,12.0,50000.0,,,,
video_025.mp4,Video/video_025.mp4,Video,mp4,video/mp4,9010619,8799.43,8.59,1920.0,1036.0,30.95,23.98,,,,,,,,,
Screenshot (702).png,images/Screenshot (702).png,Image,png,image/png,946835,924.64,0.9,1920.0,1080.0,,,,,,,,,,,
53.wav,audio/53.wav,Audio,wav,audio/wav,1603642,1566.06,1.53,,,2.27,,pcm_f64le,44100.0,2.0,,,,,,
L3YHCAZRLQVYA7O4G6SG5BQHUREJTYQO.pdf,Pdf/L3YHCAZRLQVYA7O4G6SG5BQHUREJTYQO.pdf,Document,pdf,application/pdf,619143,604.63,0.59,,,,,,,,2.0,50000.0,,,,
140.wav,audio/140.wav,Audio,wav,audio/wav,1990714,1944.06,1.9,,,2.82,,pcm_f64le,44100.0,2.0,,,,,,
172.wav,audio/172.wav,Audio,wav,audio/wav,479276,468.04,0.46,,,2.72,,pcm_s16le,44100.0,2.0,,,,,,
192830612.py,code/192830612.py,Code,py,text/x-python,3177,3.1,0.0,,,,,,,,,,213.0,3071.0,8.0,119.0
141568860.java,code/1534/D/141568860.java,Code,java,text/x-java-source,3402,3.32,0.0,,,,,,,,,,228.0,3288.0,9.0,130.0
video_057.mp4,Video/video_057.mp4,Video,mp4,video/mp4,13988640,13660.78,13.34,1920.0,1036.0,30.03,23.98,,,,,,,,,
rdc_mouvement_de_population_retournee_janvier_2024.docx,Docx/Docx/rdc_mouvement_de_population_retournee_janvier_2024.docx,Document,docx,application/vnd.openxmlformats-officedocument.wordprocessingml.document,725162,708.17,0.69,,,,,,,,,725162.0,,,,
166002385.cpp,code/1513/D/166002385.cpp,Code,cpp,text/x-c++,1143,1.12,0.0,,,,,,,,,,113.0,1087.0,4.0,58.0
152965522.cpp,code/1421/E/152965522.cpp,Code,cpp,text/x-c++,1372,1.34,0.0,,,,,,,,,,99.0,1267.0,12.0,53.0
167710726.cpp,code/1454/C/167710726.cpp,Code,cpp,text/x-c++,2993,2.92,0.0,,,,,,,,,,248.0,2860.0,29.0,144.0
191373052.cpp,code/191373052.cpp,Code,cpp,text/x-c++,1800,1.76,0.0,,,,,,,,,,122.0,1739.0,20.0,63.0
video_085.mp4,Video/video_085.mp4,Video,mp4,video/mp4,22146322,21627.27,21.12,1920.0,1036.0,29.99,23.98,,,,,,,,,
194179189.java,code/194179189.java,Code,java,text/x-java-source,320,0.31,0.0,,,,,,,,,,28.0,306.0,0.0,17.0
video_029.mp4,Video/video_029.mp4,Video,mp4,video/mp4,12666386,12369.52,12.08,1920.0,1036.0,30.03,23.98,,,,,,,,,
video_096.mp4,Video/video_096.mp4,Video,mp4,video/mp4,48794730,47651.1,46.53,1920.0,1036.0,30.03,23.98,,,,,,,,,
3KF674T52XCSSWUXJN6WRXYXLXBCQI3P.pdf,Pdf/3KF674T52XCSSWUXJN6WRXYXLXBCQI3P.pdf,Document,pdf,application/pdf,2399103,2342.87,2.29,,,,,,,,1.0,50000.0,,,,
TQSAKC5ZXKO27EPBJ7HLTN2K3CW5L4MR.doc,Doc/Doc/TQSAKC5ZXKO27EPBJ7HLTN2K3CW5L4MR.doc,Document,doc,application/msword,37970,37.08,0.04,,,,,,,,,37970.0,,,,
161380592.java,code/1521/A/161380592.java,Code,java,text/x-java-source,661,0.65,0.0,,,,,,,,,,61.0,631.0,0.0,38.0
227.wav,audio/227.wav,Audio,wav,audio/wav,2580538,2520.06,2.46,,,3.66,,pcm_f64le,44100.0,2.0,,,,,,
Screenshot (592).png,images/Screenshot (592).png,Image,png,image/png,2651499,2589.35,2.53,1920.0,1080.0,,,,,,,,,,,
105054541.py,code/105054541.py,Code,py,text/x-python,709,0.69,0.0,,,,,,,,,,61.0,679.0,0.0,31.0
127028186.java,code/1401/D/127028186.java,Code,java,text/x-java-source,1970,1.92,0.0,,,,,,,,,,148.0,1896.0,3.0,84.0
44CC3S6FHPO5OFLW26RYVMNN3CLMBFU5.pdf,Pdf/44CC3S6FHPO5OFLW26RYVMNN3CLMBFU5.pdf,Document,pdf,application/pdf,46861,45.76,0.04,,,,,,,,2.0,4686.0,,,,
186794208.py,code/186794208.py,Code,py,text/x-python,1272,1.24,0.0,,,,,,,,,,115.0,1215.0,1.0,66.0
135196731.py,code/135196731.py,Code,py,text/x-python,3251,3.17,0.0,,,,,,,,,,206.0,3148.0,3.0,116.0
148656310.py,code/1517/B/148656310.py,Code,py,text/x-python,1563,1.53,0.0,,,,,,,,,,63.0,1501.0,15.0,8.0
153477552.cpp,code/1468/H/153477552.cpp,Code,cpp,text/x-c++,747,0.73,0.0,,,,,,,,,,77.0,709.0,3.0,38.0
VDWP6Q64TMEWDW2TCZ4TGUJX44EK6E36.pdf,Pdf/VDWP6Q64TMEWDW2TCZ4TGUJX44EK6E36.pdf,Document,pdf,application/pdf,35087,34.26,0.03,,,,,,,,1.0,3508.0,,,,
45W73IZ4UHYYGASU2Y4JO6Q7SC56OPTI.pdf,Pdf/45W73IZ4UHYYGASU2Y4JO6Q7SC56OPTI.pdf,Document,pdf,application/pdf,15451,15.09,0.01,,,,,,,,1.0,1545.0,,,,
P7MWMCFFFSYYNCKYBTUACYK2SLL32AB5.pdf,Pdf/P7MWMCFFFSYYNCKYBTUACYK2SLL32AB5.pdf,Document,pdf,application/pdf,688128,672.0,0.66,,,,,,,,1.0,50000.0,,,,
video_073.mp4,Video/video_073.mp4,Video,mp4,video/mp4,34282797,33479.29,32.69,1920.0,1036.0,30.03,23.98,,,,,,,,,
67JSPHIB2F6WUL35OLRAOZ2UEDTI2XZ5.docx,Docx/Docx/67JSPHIB2F6WUL35OLRAOZ2UEDTI2XZ5.docx,Document,docx,application/vnd.openxmlformats-officedocument.wordprocessingml.document,40282,39.34,0.04,,,,,,,,,40282.0,,,,
Screenshot (732).png,images/Screenshot (732).png,Image,png,image/png,113468,110.81,0.11,1920.0,1080.0,,,,,,,,,,,
167205113.java,code/1452/D/167205113.java,Code,java,text/x-java-source,7373,7.2,0.01,,,,,,,,,,624.0,7061.0,2.0,350.0
147223801.cpp,code/1423/B/147223801.cpp,Code,cpp,text/x-c++,3695,3.61,0.0,,,,,,,,,,253.0,3569.0,15.0,139.0
178009559.cpp,code/178009559.cpp,Code,cpp,text/x-c++,2717,2.65,0.0,,,,,,,,,,189.0,2623.0,12.0,98.0
78.wav,audio/78.wav,Audio,wav,audio/wav,529964,517.54,0.51,,,3.0,,pcm_s16le,44100.0,2.0,,,,,,
191694441.cpp,code/191694441.cpp,Code,cpp,text/x-c++,3020,2.95,0.0,,,,,,,,,,119.0,2786.0,12.0,14.0
video_059.mp4,Video/video_059.mp4,Video,mp4,video/mp4,16788467,16394.99,16.01,1920.0,1036.0,30.03,23.98,,,,,,,,,
118726274.py,code/1529/E/118726274.py,Code,py,text/x-python,13010,12.71,0.01,,,,,,,,,,761.0,12630.0,30.0,442.0
MFDBEUJHJSM7EYXX7SA6GULFWNIDHE5Q.docx,Docx/Docx/MFDBEUJHJSM7EYXX7SA6GULFWNIDHE5Q.docx,Document,docx,application/vnd.openxmlformats-officedocument.wordprocessingml.document,47814513,46693.86,45.6,,,,,,,,,47814513.0,,,,
Screenshot (452).png,images/Screenshot (452).png,Image,png,image/png,274528,268.09,0.26,1920.0,1080.0,,,,,,,,,,,
40.wav,audio/40.wav,Audio,wav,audio/wav,474668,463.54,0.45,,,2.69,,pcm_s16le,44100.0,2.0,,,,,,
Screenshot (476).png,images/Screenshot (476).png,Image,png,image/png,146333,142.9,0.14,1920.0,1080.0,,,,,,,,,,,
DG45DWPFVSPLLJLFUHTJUGTYNSX7WEMF.docx,Docx/Docx/DG45DWPFVSPLLJLFUHTJUGTYNSX7WEMF.docx,Document,docx,application/vnd.openxmlformats-officedocument.wordprocessingml.document,611412,597.08,0.58,,,,,,,,,611412.0,,,,
11613a97cef51ad28635fdd86915e74d94cff227.docx,Docx/Docx/11613a97cef51ad28635fdd86915e74d94cff227.docx,Document,docx,application/vnd.openxmlformats-officedocument.wordprocessingml.document,170849,166.84,0.16,,,,,,,,,170849.0,,,,
177.wav,audio/177.wav,Audio,wav,audio/wav,612908,598.54,0.58,,,3.47,,pcm_s16le,44100.0,2.0,,,,,,
191381488.cpp,code/191381488.cpp,Code,cpp,text/x-c++,2753,2.69,0.0,,,,,,,,,,220.0,2643.0,29.0,118.0
OEP4CRRCT63IR7FA3IVB5BCG2ZREEVGH.pdf,Pdf/OEP4CRRCT63IR7FA3IVB5BCG2ZREEVGH.pdf,Document,pdf,application/pdf,85028,83.04,0.08,,,,,,,,2.0,8502.0,,,,
video_071.mp4,Video/video_071.mp4,Video,mp4,video/mp4,15914486,15541.49,15.18,1920.0,1036.0,30.03,23.98,,,,,,,,,
SQSXIT5KUD33XPR7ABPDCGW4XGQGAQYH.pdf,Pdf/SQSXIT5KUD33XPR7ABPDCGW4XGQGAQYH.pdf,Document,pdf,application/pdf,10736,10.48,0.01,,,,,,,,2.0,1073.0,,,,
FDTYXYUFBYWZS4D6AXVHXVZMDTSVAQO3.pdf,Pdf/FDTYXYUFBYWZS4D6AXVHXVZMDTSVAQO3.pdf,Document,pdf,application/pdf,91514,89.37,0.09,,,,,,,,1.0,9151.0,,,,
124890957.java,code/1484/C/124890957.java,Code,java,text/x-java-source,2053,2.0,0.0,,,,,,,,,,161.0,1973.0,0.0,82.0
CMKTEAMIWZYAZM4XVNX6MDAOWI4G7VD6.pdf,Pdf/CMKTEAMIWZYAZM4XVNX6MDAOWI4G7VD6.pdf,Document,pdf,application/pdf,52066,50.85,0.05,,,,,,,,18.0,5206.0,,,,
194265363.cpp,code/194265363.cpp,Code,cpp,text/x-c++,133,0.13,0.0,,,,,,,,,,5.0,131.0,1.0,2.0
Screenshot (461).png,images/Screenshot (461).png,Image,png,image/png,166039,162.15,0.16,1920.0,1080.0,,,,,,,,,,,
151854031.java,code/1458/A/151854031.java,Code,java,text/x-java-source,2414,2.36,0.0,,,,,,,,,,106.0,2309.0,0.0,10.0
QNKRV7UHP5TEQSOYA73EJYJ7MSG66S3D.pdf,Pdf/QNKRV7UHP5TEQSOYA73EJYJ7MSG66S3D.pdf,Document,pdf,application/pdf,35971,35.13,0.03,,,,,,,,3.0,3597.0,,,,
172309419.java,code/172309419.java,Code,java,text/x-java-source,16527,16.14,0.02,,,,,,,,,,1086.0,15984.0,5.0,611.0
74.wav,audio/74.wav,Audio,wav,audio/wav,1548346,1512.06,1.48,,,2.19,,pcm_f64le,44100.0,2.0,,,,,,
Screenshot (443).png,images/Screenshot (443).png,Image,png,image/png,179277,175.08,0.17,1920.0,1080.0,,,,,,,,,,,
347.wav,audio/347.wav,Audio,wav,audio/wav,1585210,1548.06,1.51,,,2.25,,pcm_f64le,44100.0,2.0,,,,,,
184292464.cpp,code/184292464.cpp,Code,cpp,text/x-c++,1114,1.09,0.0,,,,,,,,,,116.0,1056.0,7.0,58.0
207.wav,audio/207.wav,Audio,wav,audio/wav,488492,477.04,0.47,,,2.77,,pcm_s16le,44100.0,2.0,,,,,,
190641955.py,code/190641955.py,Code,py,text/x-python,917,0.9,0.0,,,,,,,,,,50.0,892.0,0.0,27.0
video_015.mp4,Video/video_015.mp4,Video,mp4,video/mp4,4582881,4475.47,4.37,1920.0,1036.0,30.91,23.98,,,,,,,,,
167727969.cpp,code/1545/D/167727969.cpp,Code,cpp,text/x-c++,2041,1.99,0.0,,,,,,,,,,88.0,1912.0,11.0,3.0
241.wav,audio/241.wav,Audio,wav,audio/wav,433196,423.04,0.41,,,2.46,,pcm_s16le,44100.0,2.0,,,,,,
108820059.py,code/1491/E/108820059.py,Code,py,text/x-python,1637,1.6,0.0,,,,,,,,,,61.0,1607.0,0.0,30.0
88796176.java,code/88796176.java,Code,java,text/x-java-source,5215,5.09,0.0,,,,,,,,,,388.0,5021.0,10.0,218.0
video_080.mp4,Video/video_080.mp4,Video,mp4,video/mp4,14805445,14458.44,14.12,1920.0,1036.0,29.99,23.98,,,,,,,,,
190756905.py,code/190756905.py,Code,py,text/x-python,707,0.69,0.0,,,,,,,,,,53.0,681.0,3.0,30.0
154419569.java,code/154419569.java,Code,java,text/x-java-source,1114,1.09,0.0,,,,,,,,,,79.0,1075.0,0.0,39.0
146752006.java,code/1546/B/146752006.java,Code,java,text/x-java-source,3197,3.12,0.0,,,,,,,,,,204.0,3095.0,2.0,113.0
Screenshot (737).png,images/Screenshot (737).png,Image,png,image/png,128320,125.31,0.12,1920.0,1080.0,,,,,,,,,,,
Screenshot (596).png,images/Screenshot (596).png,Image,png,image/png,567711,554.41,0.54,1920.0,1080.0,,,,,,,,,,,
Screenshot (598).png,images/Screenshot (598).png,Image,png,image/png,121188,118.35,0.12,1920.0,1080.0,,,,,,,,,,,
166073065.py,code/1436/C/166073065.py,Code,py,text/x-python,733,0.72,0.0,,,,,,,,,,55.0,706.0,0.0,27.0
Screenshot (482).png,images/Screenshot (482).png,Image,png,image/png,580963,567.35,0.55,1920.0,1080.0,,,,,,,,,,,
video_040.mp4,Video/video_040.mp4,Video,mp4,video/mp4,14290867,13955.92,13.63,1920.0,1036.0,29.99,23.98,,,,,,,,,
194126765.cpp,code/194126765.cpp,Code,cpp,text/x-c++,2488,2.43,0.0,,,,,,,,,,134.0,2355.0,7.0,10.0
167528975.cpp,code/1461/C/167528975.cpp,Code,cpp,text/x-c++,2868,2.8,0.0,,,,,,,,,,313.0,2712.0,19.0,160.0
111613136.java,code/111613136.java,Code,java,text/x-java-source,3584,3.5,0.0,,,,,,,,,,351.0,3409.0,1.0,208.0
Screenshot (441).png,images/Screenshot (441).png,Image,png,image/png,126260,123.3,0.12,1920.0,1080.0,,,,,,,,,,,
166109086.cpp,code/1446/A/166109086.cpp,Code,cpp,text/x-c++,2592,2.53,0.0,,,,,,,,,,139.0,2523.0,21.0,71.0
136543539.py,code/1484/B/136543539.py,Code,py,text/x-python,356,0.35,0.0,,,,,,,,,,20.0,346.0,0.0,12.0
OARISNKXLKQMHUOI5CJP52OYQJ2AARZR.docx,Docx/Docx/OARISNKXLKQMHUOI5CJP52OYQJ2AARZR.docx,Document,docx,application/vnd.openxmlformats-officedocument.wordprocessingml.document,62529,61.06,0.06,,,,,,,,,62529.0,,,,
J5ZSV4CEZDUKODXRBOAVGJVB5XTR5QMA.pdf,Pdf/J5ZSV4CEZDUKODXRBOAVGJVB5XTR5QMA.pdf,Document,pdf,application/pdf,1379,1.35,0.0,,,,,,,,2.0,137.0,,,,
166862045.cpp,code/1535/B/166862045.cpp,Code,cpp,text/x-c++,1142,1.12,0.0,,,,,,,,,,98.0,1093.0,17.0,51.0
b4eb68dd1d92f8c56b25e6d52948ba6c8ca8ec83.pdf,Pdf/b4eb68dd1d92f8c56b25e6d52948ba6c8ca8ec83.pdf,Document,pdf,application/pdf,3258806,3182.43,3.11,,,,,,,,1.0,50000.0,,,,
PLOHNC5FBG7GG7BN7IZ5TLOLYMGRDOY6.pdf,Pdf/PLOHNC5FBG7GG7BN7IZ5TLOLYMGRDOY6.pdf,Document,pdf,application/pdf,67106,65.53,0.06,,,,,,,,1.0,6710.0,,,,
166757502.cpp,code/1511/C/166757502.cpp,Code,cpp,text/x-c++,575,0.56,0.0,,,,,,,,,,28.0,548.0,7.0,4.0
2G54QACZZK5MIIKK25USTLNPN66FST63.doc,Doc/Doc/2G54QACZZK5MIIKK25USTLNPN66FST63.doc,Document,doc,application/msword,104011,101.57,0.1,,,,,,,,,104011.0,,,,
121346377.java,code/1422/C/121346377.java,Code,java,text/x-java-source,2144,2.09,0.0,,,,,,,,,,161.0,2064.0,7.0,103.0
Screenshot (473).png,images/Screenshot (473).png,Image,png,image/png,127789,124.79,0.12,1920.0,1080.0,,,,,,,,,,,
144112846.java,code/1416/A/144112846.java,Code,java,text/x-java-source,38089,37.2,0.04,,,,,,,,,,2536.0,36821.0,5.0,1455.0
161017556.java,code/1527/B1/161017556.java,Code,java,text/x-java-source,945,0.92,0.0,,,,,,,,,,66.0,912.0,3.0,35.0
2G54QACZZK5MIIKK25USTLNPN66FST63.docx,Docx/Docx/2G54QACZZK5MIIKK25USTLNPN66FST63.docx,Document,docx,application/vnd.openxmlformats-officedocument.wordprocessingml.document,104011,101.57,0.1,,,,,,,,,104011.0,,,,
Screenshot (699).png,images/Screenshot (699).png,Image,png,image/png,2667654,2605.13,2.54,1920.0,1080.0,,,,,,,,,,,
211.wav,audio/211.wav,Audio,wav,audio/wav,456236,445.54,0.44,,,2.59,,pcm_s16le,44100.0,2.0,,,,,,
186168856.cpp,code/186168856.cpp,Code,cpp,text/x-c++,5874,5.74,0.01,,,,,,,,,,479.0,5635.0,94.0,247.0
5JEF6INEQSUEH2KKAOO5NNONLBEXWTXI.doc,Doc/Doc/5JEF6INEQSUEH2KKAOO5NNONLBEXWTXI.doc,Document,doc,application/msword,865561,845.27,0.83,,,,,,,,,865561.0,,,,
Employee Sample Data.doc,Doc/Doc/Employee Sample Data.doc,Document,doc,application/msword,77990,76.16,0.07,,,,,,,,,77990.0,,,,
159173940.java,code/1546/B/159173940.java,Code,java,text/x-java-source,4056,3.96,0.0,,,,,,,,,,288.0,3912.0,10.0,168.0
165455911.py,code/1490/A/165455911.py,Code,py,text/x-python,116,0.11,0.0,,,,,,,,,,1.0,116.0,0.0,0.0
105829321.py,code/1478/F/105829321.py,Code,py,text/x-python,4802,4.69,0.0,,,,,,,,,,300.0,4628.0,11.0,174.0
Screenshot (593).png,images/Screenshot (593).png,Image,png,image/png,1867189,1823.43,1.78,1920.0,1080.0,,,,,,,,,,,
Screenshot (454).png,images/Screenshot (454).png,Image,png,image/png,245800,240.04,0.23,1920.0,1080.0,,,,,,,,,,,
147394087.java,code/1550/C/147394087.java,Code,java,text/x-java-source,22268,21.75,0.02,,,,,,,,,,1507.0,21515.0,110.0,887.0
58.wav,audio/58.wav,Audio,wav,audio/wav,451628,441.04,0.43,,,2.56,,pcm_s16le,44100.0,2.0,,,,,,
243.wav,audio/243.wav,Audio,wav,audio/wav,433196,423.04,0.41,,,2.46,,pcm_s16le,44100.0,2.0,,,,,,
124861336.py,code/124861336.py,Code,py,text/x-python,5992,5.85,0.01,,,,,,,,,,418.0,5783.0,14.0,241.0
194110154.cpp,code/194110154.cpp,Code,cpp,text/x-c++,423,0.41,0.0,,,,,,,,,,41.0,403.0,2.0,23.0
318.wav,audio/318.wav,Audio,wav,audio/wav,387116,378.04,0.37,,,2.19,,pcm_s16le,44100.0,2.0,,,,,,
192983805.cpp,code/192983805.cpp,Code,cpp,text/x-c++,608,0.59,0.0,,,,,,,,,,34.0,574.0,3.0,0.0
2FDPTMT2NZDE6RIJSZZXGBMD7LYL7YHV.docx,Docx/Docx/2FDPTMT2NZDE6RIJSZZXGBMD7LYL7YHV.docx,Document,docx,application/vnd.openxmlformats-officedocument.wordprocessingml.document,17055206,16655.47,16.27,,,,,,,,,17055206.0,,,,
157449920.py,code/157449920.py,Code,py,text/x-python,547,0.53,0.0,,,,,,,,,,53.0,521.0,0.0,26.0
190283581.cpp,code/190283581.cpp,Code,cpp,text/x-c++,9572,9.35,0.01,,,,,,,,,,668.0,9238.0,47.0,341.0
142353035.py,code/1501/A/142353035.py,Code,py,text/x-python,478,0.47,0.0,,,,,,,,,,33.0,462.0,0.0,19.0
E3XL5U27WEMN6KDITFQEPNYN3FFPZRHE.doc,Doc/Doc/E3XL5U27WEMN6KDITFQEPNYN3FFPZRHE.doc,Document,doc,application/msword,46455,45.37,0.04,,,,,,,,,46455.0,,,,
X2TE62KGA4WZHW5FVEWCH6NZ76MUPQZ7.pdf,Pdf/X2TE62KGA4WZHW5FVEWCH6NZ76MUPQZ7.pdf,Document,pdf,application/pdf,132375,129.27,0.13,,,,,,,,1.0,13237.0,,,,
video_075.mp4,Video/video_075.mp4,Video,mp4,video/mp4,26708454,26082.47,25.47,1920.0,1036.0,29.99,23.98,,,,,,,,,
166420607.java,code/1554/B/166420607.java,Code,java,text/x-java-source,731,0.71,0.0,,,,,,,,,,61.0,701.0,0.0,36.0
144.wav,audio/144.wav,Audio,wav,audio/wav,456236,445.54,0.44,,,2.59,,pcm_s16le,44100.0,2.0,,,,,,
Screenshot (738).png,images/Screenshot (738).png,Image,png,image/png,140379,137.09,0.13,1920.0,1080.0,,,,,,,,,,,
44.wav,audio/44.wav,Audio,wav,audio/wav,1787962,1746.06,1.71,,,2.53,,pcm_f64le,44100.0,2.0,,,,,,
166226842.cpp,code/1541/A/166226842.cpp,Code,cpp,text/x-c++,925,0.9,0.0,,,,,,,,,,91.0,880.0,1.0,47.0
WYEYQIJLZUN467X4ATTAXA2FIUYL2C3T.docx,Docx/Docx/WYEYQIJLZUN467X4ATTAXA2FIUYL2C3T.docx,Document,docx,application/vnd.openxmlformats-officedocument.wordprocessingml.document,52237,51.01,0.05,,,,,,,,,52237.0,,,,
PVW3BCYZZQIFEHTAV4LFTP25PEF7ZF2E.pdf,Pdf/PVW3BCYZZQIFEHTAV4LFTP25PEF7ZF2E.pdf,Document,pdf,application/pdf,30612,29.89,0.03,,,,,,,,3.0,3061.0,,,,
LAL27T7CADLHBSTG3MN4LEQI5CT7CLHU.docx,Docx/Docx/LAL27T7CADLHBSTG3MN4LEQI5CT7CLHU.docx,Document,docx,application/vnd.openxmlformats-officedocument.wordprocessingml.document,313831,306.48,0.3,,,,,,,,,313831.0,,,,
video_031.mp4,Video/video_031.mp4,Video,mp4,video/mp4,14373195,14036.32,13.71,1920.0,1036.0,30.03,23.98,,,,,,,,,
5JEF6INEQSUEH2KKAOO5NNONLBEXWTXI.docx,Docx/Docx/5JEF6INEQSUEH2KKAOO5NNONLBEXWTXI.docx,Document,docx,application/vnd.openxmlformats-officedocument.wordprocessingml.document,865561,845.27,0.83,,,,,,,,,865561.0,,,,
336.wav,audio/336.wav,Audio,wav,audio/wav,400940,391.54,0.38,,,2.27,,pcm_s16le,44100.0,2.0,,,,,,
166330299.cpp,code/1494/E/166330299.cpp,Code,cpp,text/x-c++,592,0.58,0.0,,,,,,,,,,46.0,569.0,3.0,23.0
139647605.py,code/1538/G/139647605.py,Code,py,text/x-python,4332,4.23,0.0,,,,,,,,,,151.0,4181.0,3.0,35.0
Screenshot (489).png,images/Screenshot (489).png,Image,png,image/png,313057,305.72,0.3,1920.0,1080.0,,,,,,,,,,,
163986933.cpp,code/1487/F/163986933.cpp,Code,cpp,text/x-c++,1713,1.67,0.0,,,,,,,,,,61.0,1652.0,9.0,1.0
ADYF6YEDFBWOGKPODVGYMTVM4VRY2C5K.docx,Docx/Docx/ADYF6YEDFBWOGKPODVGYMTVM4VRY2C5K.docx,Document,docx,application/vnd.openxmlformats-officedocument.wordprocessingml.document,70072,68.43,0.07,,,,,,,,,70072.0,,,,
ZZLARWOCNXAHCS25AGWDA2UPFRV3G6TU.pdf,Pdf/ZZLARWOCNXAHCS25AGWDA2UPFRV3G6TU.pdf,Document,pdf,application/pdf,116205,113.48,0.11,,,,,,,,3.0,11620.0,,,,
209.wav,audio/209.wav,Audio,wav,audio/wav,1658938,1620.06,1.58,,,2.35,,pcm_f64le,44100.0,2.0,,,,,,
167643623.cpp,code/1512/A/167643623.cpp,Code,cpp,text/x-c++,569,0.56,0.0,,,,,,,,,,53.0,543.0,1.0,27.0
164.wav,audio/164.wav,Audio,wav,audio/wav,1824826,1782.06,1.74,,,2.59,,pcm_f64le,44100.0,2.0,,,,,,
293.wav,audio/293.wav,Audio,wav,audio/wav,1732666,1692.06,1.65,,,2.46,,pcm_f64le,44100.0,2.0,,,,,,
fsi-2007.docx,Docx/Docx/fsi-2007.docx,Document,docx,application/vnd.openxmlformats-officedocument.wordprocessingml.document,43387,42.37,0.04,,,,,,,,,43387.0,,,,
187629869.cpp,code/187629869.cpp,Code,cpp,text/x-c++,1606,1.57,0.0,,,,,,,,,,125.0,1544.0,5.0,63.0
CTMYRF75O3COU6UV5KWIFEF6TLJF4REJ.pdf,Pdf/CTMYRF75O3COU6UV5KWIFEF6TLJF4REJ.pdf,Document,pdf,application/pdf,396251,386.96,0.38,,,,,,,,6.0,39625.0,,,,
159455669.java,code/1512/D/159455669.java,Code,java,text/x-java-source,33549,32.76,0.03,,,,,,,,,,2359.0,32370.0,53.0,1343.0
QLBRTJBPTEPSW266VK6E34FMP47KXTDL.pdf,Pdf/QLBRTJBPTEPSW266VK6E34FMP47KXTDL.pdf,Document,pdf,application/pdf,48817,47.67,0.05,,,,,,,,1.0,4881.0,,,,
141404549.java,code/1525/D/141404549.java,Code,java,text/x-java-source,3396,3.32,0.0,,,,,,,,,,231.0,3281.0,0.0,116.0
152543622.java,code/1554/A/152543622.java,Code,java,text/x-java-source,664,0.65,0.0,,,,,,,,,,47.0,641.0,0.0,26.0
1e8c2332a461a3a142840fa477fa907c66c35dac.pdf,Pdf/1e8c2332a461a3a142840fa477fa907c66c35dac.pdf,Document,pdf,application/pdf,229304,223.93,0.22,,,,,,,,1.0,22930.0,,,,
324.wav,audio/324.wav,Audio,wav,audio/wav,497708,486.04,0.47,,,2.82,,pcm_s16le,44100.0,2.0,,,,,,
Screenshot (506).png,images/Screenshot (506).png,Image,png,image/png,205414,200.6,0.2,1920.0,1080.0,,,,,,,,,,,
167069809.py,code/167069809.py,Code,py,text/x-python,336,0.33,0.0,,,,,,,,,,40.0,316.0,1.0,25.0
UHB2FR7SVNEMVG7ILGEDDB27TN3D4VF6.pdf,Pdf/UHB2FR7SVNEMVG7ILGEDDB27TN3D4VF6.pdf,Document,pdf,application/pdf,442918,432.54,0.42,,,,,,,,9.0,44291.0,,,,
Screenshot (505).png,images/Screenshot (505).png,Image,png,image/png,203553,198.78,0.19,1920.0,1080.0,,,,,,,,,,,
QRJ42GGGA52M42R57XTGIQONYKAKWVG5.pdf,Pdf/QRJ42GGGA52M42R57XTGIQONYKAKWVG5.pdf,Document,pdf,application/pdf,149974,146.46,0.14,,,,,,,,8.0,14997.0,,,,
4JVIYSW2MHWPE5BXGXLAXTNMHGHJFPUP.docx,Docx/Docx/4JVIYSW2MHWPE5BXGXLAXTNMHGHJFPUP.docx,Document,docx,application/vnd.openxmlformats-officedocument.wordprocessingml.document,646731,631.57,0.62,,,,,,,,,646731.0,,,,
162397354.java,code/1527/B1/162397354.java,Code,java,text/x-java-source,1611,1.57,0.0,,,,,,,,,,144.0,1539.0,1.0,80.0
83377111.java,code/83377111.java,Code,java,text/x-java-source,10161,9.92,0.01,,,,,,,,,,392.0,9769.0,5.0,100.0
ZBOY7WHWU4JUMTIM2RO2TCO5VONTYYE4.doc,Doc/Doc/ZBOY7WHWU4JUMTIM2RO2TCO5VONTYYE4.doc,Document,doc,application/msword,37764,36.88,0.04,,,,,,,,,37764.0,,,,
KBEV4F2NJWE2NHI6CMYRY5GAXEJ3N7QD.pdf,Pdf/KBEV4F2NJWE2NHI6CMYRY5GAXEJ3N7QD.pdf,Document,pdf,application/pdf,106195,103.71,0.1,,,,,,,,1.0,10619.0,,,,
video_010.mp4,Video/video_010.mp4,Video,mp4,video/mp4,32931602,32159.77,31.41,1920.0,1036.0,29.99,23.98,,,,,,,,,
193480058.cpp,code/193480058.cpp,Code,cpp,text/x-c++,2132,2.08,0.0,,,,,,,,,,169.0,2048.0,18.0,85.0
Screenshot (733).png,images/Screenshot (733).png,Image,png,image/png,135378,132.21,0.13,1920.0,1080.0,,,,,,,,,,,
194072684.cpp,code/194072684.cpp,Code,cpp,text/x-c++,3761,3.67,0.0,,,,,,,,,,115.0,3761.0,21.0,3.0
4JIOYSGO26FIUJU47G4MCVYSZUGX7EAE.pdf,Pdf/4JIOYSGO26FIUJU47G4MCVYSZUGX7EAE.pdf,Document,pdf,application/pdf,242861,237.17,0.23,,,,,,,,3.0,24286.0,,,,
9.wav,audio/9.wav,Audio,wav,audio/wav,387116,378.04,0.37,,,2.19,,pcm_s16le,44100.0,2.0,,,,,,
R6LHWCGK5EOQHHR7EXRI7ZJLBG2R5QOF.pdf,Pdf/R6LHWCGK5EOQHHR7EXRI7ZJLBG2R5QOF.pdf,Document,pdf,application/pdf,2200,2.15,0.0,,,,,,,,2.0,220.0,,,,
Screenshot (599).png,images/Screenshot (599).png,Image,png,image/png,121601,118.75,0.12,1920.0,1080.0,,,,,,,,,,,
192795754.cpp,code/192795754.cpp,Code,cpp,text/x-c++,1632,1.59,0.0,,,,,,,,,,55.0,1579.0,3.0,1.0
YR3GWIPLRONWKH7DSOR3LVKXS2ORMWMC.pdf,Pdf/YR3GWIPLRONWKH7DSOR3LVKXS2ORMWMC.pdf,Document,pdf,application/pdf,3839,3.75,0.0,,,,,,,,3.0,383.0,,,,
193802352.cpp,code/193802352.cpp,Code,cpp,text/x-c++,2011,1.96,0.0,,,,,,,,,,130.0,1946.0,30.0,77.0
168352397.java,code/168352397.java,Code,java,text/x-java-source,1572,1.54,0.0,,,,,,,,,,104.0,1520.0,0.0,57.0
RHPH4OMXIVY3KFVPJQZYY5EH4MEK5YD6.pdf,Pdf/RHPH4OMXIVY3KFVPJQZYY5EH4MEK5YD6.pdf,Document,pdf,application/pdf,57976,56.62,0.06,,,,,,,,1.0,5797.0,,,,
HHG5MLUR5GQ5MO622QRT7XNQRXCML7YP.doc,Doc/Doc/HHG5MLUR5GQ5MO622QRT7XNQRXCML7YP.doc,Document,doc,application/msword,38871,37.96,0.04,,,,,,,,,38871.0,,,,
YE5PQJ6NUYA6UOWHADZIVVMCINU4AYZF.pdf,Pdf/YE5PQJ6NUYA6UOWHADZIVVMCINU4AYZF.pdf,Document,pdf,application/pdf,144925,141.53,0.14,,,,,,,,2.0,14492.0,,,,
fsi-2014.docx,Docx/Docx/fsi-2014.docx,Document,docx,application/vnd.openxmlformats-officedocument.wordprocessingml.document,43486,42.47,0.04,,,,,,,,,43486.0,,,,
AB2LVVUR7Q4T7O5QDSUALJSM5UMJH2HT.docx,Docx/Docx/AB2LVVUR7Q4T7O5QDSUALJSM5UMJH2HT.docx,Document,docx,application/vnd.openxmlformats-officedocument.wordprocessingml.document,58916,57.54,0.06,,,,,,,,,58916.0,,,,
170.wav,audio/170.wav,Audio,wav,audio/wav,2119738,2070.06,2.02,,,3.0,,pcm_f64le,44100.0,2.0,,,,,,
Screenshot (700).png,images/Screenshot (700).png,Image,png,image/png,1244551,1215.38,1.19,1920.0,1080.0,,,,,,,,,,,
194026765.py,code/194026765.py,Code,py,text/x-python,238,0.23,0.0,,,,,,,,,,23.0,227.0,0.0,11.0
KOIY3K7K4LNEPAQQ2YXCAW2KS4TYUSBR.doc,Doc/Doc/KOIY3K7K4LNEPAQQ2YXCAW2KS4TYUSBR.doc,Document,doc,application/msword,117645,114.89,0.11,,,,,,,,,117645.0,,,,
99379374.py,code/99379374.py,Code,py,text/x-python,10498,10.25,0.01,,,,,,,,,,814.0,10049.0,11.0,464.0
24.wav,audio/24.wav,Audio,wav,audio/wav,456236,445.54,0.44,,,2.59,,pcm_s16le,44100.0,2.0,,,,,,
video_022.mp4,Video/video_022.mp4,Video,mp4,video/mp4,24958322,24373.36,23.8,1920.0,1036.0,30.03,23.98,,,,,,,,,
120912423.java,code/120912423.java,Code,java,text/x-java-source,11142,10.88,0.01,,,,,,,,,,412.0,10730.0,54.0,47.0
228.wav,audio/228.wav,Audio,wav,audio/wav,645164,630.04,0.62,,,3.66,,pcm_s16le,44100.0,2.0,,,,,,
193240761.py,code/193240761.py,Code,py,text/x-python,81,0.08,0.0,,,,,,,,,,5.0,79.0,0.0,2.0
9a88dbee11432f3b74011df8eeab1943959dbb20.pdf,Pdf/9a88dbee11432f3b74011df8eeab1943959dbb20.pdf,Document,pdf,application/pdf,110655,108.06,0.11,,,,,,,,5.0,11065.0,,,,
186763272.py,code/186763272.py,Code,py,text/x-python,812,0.79,0.0,,,,,,,,,,78.0,773.0,0.0,52.0
5M56W5BE4HY6J3WK2TN3HZJ6N3ZMYTJ4.doc,Doc/Doc/5M56W5BE4HY6J3WK2TN3HZJ6N3ZMYTJ4.doc,Document,doc,application/msword,2077302,2028.62,1.98,,,,,,,,,2077302.0,,,,
KJRNBHQZEAPZL7FXVKBGPEN45LKGPLGM.pdf,Pdf/KJRNBHQZEAPZL7FXVKBGPEN45LKGPLGM.pdf,Document,pdf,application/pdf,8079,7.89,0.01,,,,,,,,2.0,807.0,,,,
fsi-2009.doc,Doc/Doc/fsi-2009.doc,Document,doc,application/msword,43400,42.38,0.04,,,,,,,,,43400.0,,,,
6MVFNNKY5VH3TCVPVECRH6YBKKZQMUFA.pdf,Pdf/6MVFNNKY5VH3TCVPVECRH6YBKKZQMUFA.pdf,Document,pdf,application/pdf,100511,98.16,0.1,,,,,,,,1.0,10051.0,,,,
video_043.mp4,Video/video_043.mp4,Video,mp4,video/mp4,9892638,9660.78,9.43,1920.0,1036.0,29.99,23.98,,,,,,,,,
DTUUL6SJCKWTMKUHW4EBFNTNIZCMIM2H.pdf,Pdf/DTUUL6SJCKWTMKUHW4EBFNTNIZCMIM2H.pdf,Document,pdf,application/pdf,327393,319.72,0.31,,,,,,,,1.0,32739.0,,,,
video_048.mp4,Video/video_048.mp4,Video,mp4,video/mp4,18530769,18096.45,17.67,1920.0,1036.0,29.99,23.98,,,,,,,,,
cc9101f06002345e30cd6f92d692d4ccc439f430.docx,Docx/Docx/cc9101f06002345e30cd6f92d692d4ccc439f430.docx,Document,docx,application/vnd.openxmlformats-officedocument.wordprocessingml.document,172596,168.55,0.16,,,,,,,,,172596.0,,,,
E7O4MCIJGJKJSZ2G3ID2HPJMHKKQESON.doc,Doc/Doc/E7O4MCIJGJKJSZ2G3ID2HPJMHKKQESON.doc,Document,doc,application/msword,1158638,1131.48,1.1,,,,,,,,,1158638.0,,,,
165106898.java,code/1437/B/165106898.java,Code,java,text/x-java-source,7835,7.65,0.01,,,,,,,,,,258.0,7706.0,39.0,139.0
162421709.py,code/162421709.py,Code,py,text/x-python,1037,1.01,0.0,,,,,,,,,,90.0,992.0,3.0,52.0
258.wav,audio/258.wav,Audio,wav,audio/wav,400940,391.54,0.38,,,2.27,,pcm_s16le,44100.0,2.0,,,,,,
sa-datasets.doc,Doc/Doc/sa-datasets.doc,Document,doc,application/msword,404225,394.75,0.39,,,,,,,,,404225.0,,,,
FGW25YJCHKX5V4CGB447WS3CQP2ZVRDY.doc,Doc/Doc/FGW25YJCHKX5V4CGB447WS3CQP2ZVRDY.doc,Document,doc,application/msword,37642,36.76,0.04,,,,,,,,,37642.0,,,,
Screenshot (692).png,images/Screenshot (692).png,Image,png,image/png,740691,723.33,0.71,1920.0,1080.0,,,,,,,,,,,
GHHN226SIBRDZ5Y52XT5WBU2Y6HS4C6P.pdf,Pdf/GHHN226SIBRDZ5Y52XT5WBU2Y6HS4C6P.pdf,Document,pdf,application/pdf,1868911,1825.11,1.78,,,,,,,,1.0,50000.0,,,,
video_083.mp4,Video/video_083.mp4,Video,mp4,video/mp4,13414585,13100.18,12.79,1920.0,1036.0,29.99,23.98,,,,,,,,,
35CQZCOMND26DXY46FVVS47WB2AL75OK.docx,Docx/Docx/35CQZCOMND26DXY46FVVS47WB2AL75OK.docx,Document,docx,application/vnd.openxmlformats-officedocument.wordprocessingml.document,57344,56.0,0.05,,,,,,,,,57344.0,,,,
313.wav,audio/313.wav,Audio,wav,audio/wav,474668,463.54,0.45,,,2.69,,pcm_s16le,44100.0,2.0,,,,,,
TEEGK5AIZ426F27JXF2QAPKENCTIT2GG.pdf,Pdf/TEEGK5AIZ426F27JXF2QAPKENCTIT2GG.pdf,Document,pdf,application/pdf,16605,16.22,0.02,,,,,,,,1.0,1660.0,,,,
video_038.mp4,Video/video_038.mp4,Video,mp4,video/mp4,15083924,14730.39,14.39,1920.0,1036.0,30.03,23.98,,,,,,,,,
159260739.cpp,code/1483/A/159260739.cpp,Code,cpp,text/x-c++,1373,1.34,0.0,,,,,,,,,,125.0,1311.0,12.0,67.0
43.wav,audio/43.wav,Audio,wav,audio/wav,447020,436.54,0.43,,,2.53,,pcm_s16le,44100.0,2.0,,,,,,
35REBWQXW3JLUKC6DAANAQ2P3RI5B6A6.pdf,Pdf/35REBWQXW3JLUKC6DAANAQ2P3RI5B6A6.pdf,Document,pdf,application/pdf,874690,854.19,0.83,,,,,,,,7.0,50000.0,,,,
278.wav,audio/278.wav,Audio,wav,audio/wav,1677370,1638.06,1.6,,,2.38,,pcm_f64le,44100.0,2.0,,,,,,
146591795.java,code/1494/E/146591795.java,Code,java,text/x-java-source,8282,8.09,0.01,,,,,,,,,,569.0,7998.0,4.0,322.0
166061922.py,code/1497/C2/166061922.py,Code,py,text/x-python,480,0.47,0.0,,,,,,,,,,33.0,464.0,0.0,17.0
192717833.java,code/192717833.java,Code,java,text/x-java-source,2577,2.52,0.0,,,,,,,,,,161.0,2497.0,0.0,82.0
101895982.java,code/1464/C/101895982.java,Code,java,text/x-java-source,5779,5.64,0.01,,,,,,,,,,212.0,5567.0,6.0,37.0
168886378.java,code/168886378.java,Code,java,text/x-java-source,6865,6.7,0.01,,,,,,,,,,456.0,6637.0,2.0,285.0
131680169.py,code/1479/B2/131680169.py,Code,py,text/x-python,2690,2.63,0.0,,,,,,,,,,182.0,2599.0,2.0,106.0
Screenshot (526).png,images/Screenshot (526).png,Image,png,image/png,627708,613.0,0.6,1920.0,1080.0,,,,,,,,,,,
352.wav,audio/352.wav,Audio,wav,audio/wav,400940,391.54,0.38,,,2.27,,pcm_s16le,44100.0,2.0,,,,,,
YQZG4CHDFUMUUDUEO2IY3GSWB4YCIKJI.pdf,Pdf/YQZG4CHDFUMUUDUEO2IY3GSWB4YCIKJI.pdf,Document,pdf,application/pdf,298883,291.88,0.29,,,,,,,,1.0,29888.0,,,,
Screenshot (492).png,images/Screenshot (492).png,Image,png,image/png,404947,395.46,0.39,1920.0,1080.0,,,,,,,,,,,
HPXULDFI3DAZ3V2NZOHYUGUY5SLS4AHU.pdf,Pdf/HPXULDFI3DAZ3V2NZOHYUGUY5SLS4AHU.pdf,Document,pdf,application/pdf,1659,1.62,0.0,,,,,,,,2.0,165.0,,,,
Screenshot (477).png,images/Screenshot (477).png,Image,png,image/png,253258,247.32,0.24,1920.0,1080.0,,,,,,,,,,,
Screenshot (485).png,images/Screenshot (485).png,Image,png,image/png,1534522,1498.56,1.46,1920.0,1080.0,,,,,,,,,,,
108.wav,audio/108.wav,Audio,wav,audio/wav,497708,486.04,0.47,,,2.82,,pcm_s16le,44100.0,2.0,,,,,,
284.wav,audio/284.wav,Audio,wav,audio/wav,1400890,1368.06,1.34,,,1.99,,pcm_f64le,44100.0,2.0,,,,,,
LLMXYLFSHQA3ZZUSNU4HCBJQ24N7LH6U.pdf,Pdf/LLMXYLFSHQA3ZZUSNU4HCBJQ24N7LH6U.pdf,Document,pdf,application/pdf,46602,45.51,0.04,,,,,,,,2.0,4660.0,,,,
DG45DWPFVSPLLJLFUHTJUGTYNSX7WEMF.doc,Doc/Doc/DG45DWPFVSPLLJLFUHTJUGTYNSX7WEMF.doc,Document,doc,application/msword,611412,597.08,0.58,,,,,,,,,611412.0,,,,
fsi-2014.doc,Doc/Doc/fsi-2014.doc,Document,doc,application/msword,43486,42.47,0.04,,,,,,,,,43486.0,,,,
P4RQFJUGBTNS65T2XDM6GMY3GVOTXUUC.pdf,Pdf/P4RQFJUGBTNS65T2XDM6GMY3GVOTXUUC.pdf,Document,pdf,application/pdf,4821,4.71,0.0,,,,,,,,1.0,482.0,,,,
f997183fa6bf1ef75e31406d98f025c16e527d20.doc,Doc/Doc/f997183fa6bf1ef75e31406d98f025c16e527d20.doc,Document,doc,application/msword,10937606,10681.26,10.43,,,,,,,,,10937606.0,,,,
video_053.mp4,Video/video_053.mp4,Video,mp4,video/mp4,18321569,17892.16,17.47,1920.0,1036.0,29.99,23.98,,,,,,,,,
391ee0e4abd1e732bd7c3e5c5dac77be1d03f569.pdf,Pdf/391ee0e4abd1e732bd7c3e5c5dac77be1d03f569.pdf,Document,pdf,application/pdf,655335,639.98,0.62,,,,,,,,1.0,50000.0,,,,
163345822.java,code/1428/C/163345822.java,Code,java,text/x-java-source,4981,4.86,0.0,,,,,,,,,,395.0,4784.0,7.0,238.0
Screenshot (696).png,images/Screenshot (696).png,Image,png,image/png,589551,575.73,0.56,1920.0,1080.0,,,,,,,,,,,
167024668.cpp,code/1433/C/167024668.cpp,Code,cpp,text/x-c++,996,0.97,0.0,,,,,,,,,,82.0,955.0,5.0,42.0
263.wav,audio/263.wav,Audio,wav,audio/wav,1658938,1620.06,1.58,,,2.35,,pcm_f64le,44100.0,2.0,,,,,,
Screenshot (723).png,images/Screenshot (723).png,Image,png,image/png,333686,325.87,0.32,1920.0,1080.0,,,,,,,,,,,
TNPZFHBSZAOTQBRUYZ4HMVLBZQIDOKJU.doc,Doc/Doc/TNPZFHBSZAOTQBRUYZ4HMVLBZQIDOKJU.doc,Document,doc,application/msword,796525,777.86,0.76,,,,,,,,,796525.0,,,,
Orders-With Nulls.doc,Doc/Doc/Orders-With Nulls.doc,Document,doc,application/msword,92635,90.46,0.09,,,,,,,,,92635.0,,,,
TQB32TPQYRF2BVFF3S4ARJ26TSIHFHHL.pdf,Pdf/TQB32TPQYRF2BVFF3S4ARJ26TSIHFHHL.pdf,Document,pdf,application/pdf,10119965,9882.78,9.65,,,,,,,,1.0,50000.0,,,,
125670038.java,code/125670038.java,Code,java,text/x-java-source,9178,8.96,0.01,,,,,,,,,,708.0,8824.0,12.0,384.0
SCXLRF5DK4NDSP4RXGJFZJMY5D6BK7MY.pdf,Pdf/SCXLRF5DK4NDSP4RXGJFZJMY5D6BK7MY.pdf,Document,pdf,application/pdf,194800,190.23,0.19,,,,,,,,1.0,19480.0,,,,
272.wav,audio/272.wav,Audio,wav,audio/wav,1529914,1494.06,1.46,,,2.17,,pcm_f64le,44100.0,2.0,,,,,,
152600980.java,code/152600980.java,Code,java,text/x-java-source,6887,6.73,0.01,,,,,,,,,,456.0,6659.0,2.0,282.0
Screenshot (708).png,images/Screenshot (708).png,Image,png,image/png,1595085,1557.7,1.52,1920.0,1080.0,,,,,,,,,,,
G5C3CM7DIONQOEWTYFPP3UJEWODLVHPN.pdf,Pdf/G5C3CM7DIONQOEWTYFPP3UJEWODLVHPN.pdf,Document,pdf,application/pdf,1413867,1380.73,1.35,,,,,,,,1.0,50000.0,,,,
UYH346BTJFOKSLYYXQBAVLVHBEJPYXZ5.docx,Docx/Docx/UYH346BTJFOKSLYYXQBAVLVHBEJPYXZ5.docx,Document,docx,application/vnd.openxmlformats-officedocument.wordprocessingml.document,49892,48.72,0.05,,,,,,,,,49892.0,,,,
160823707.cpp,code/1443/D/160823707.cpp,Code,cpp,text/x-c++,550,0.54,0.0,,,,,,,,,,51.0,525.0,1.0,29.0
6REZDVWAZINCN3EC63464SLUVI2QJHJW.pdf,Pdf/6REZDVWAZINCN3EC63464SLUVI2QJHJW.pdf,Document,pdf,application/pdf,142266,138.93,0.14,,,,,,,,1.0,14226.0,,,,
3SX4ZUITX7U6NVFXAEJBBJXEQ76IJFKV.pdf,Pdf/3SX4ZUITX7U6NVFXAEJBBJXEQ76IJFKV.pdf,Document,pdf,application/pdf,316277,308.86,0.3,,,,,,,,4.0,31627.0,,,,
7QX6IKZ22UTQYM2ZQVUU64G4ZKYSDE2R.pdf,Pdf/7QX6IKZ22UTQYM2ZQVUU64G4ZKYSDE2R.pdf,Document,pdf,application/pdf,14337,14.0,0.01,,,,,,,,1.0,1433.0,,,,
299.wav,audio/299.wav,Audio,wav,audio/wav,1824826,1782.06,1.74,,,2.59,,pcm_f64le,44100.0,2.0,,,,,,
193044711.py,code/193044711.py,Code,py,text/x-python,123,0.12,0.0,,,,,,,,,,6.0,120.0,1.0,2.0
163314981.java,code/1406/B/163314981.java,Code,java,text/x-java-source,1433,1.4,0.0,,,,,,,,,,89.0,1389.0,1.0,50.0
Screenshot (719).png,images/Screenshot (719).png,Image,png,image/png,220475,215.31,0.21,1920.0,1080.0,,,,,,,,,,,
2F73J4NP2YHKVISKHDIDJ7RGPDKTQZ7D.docx,Docx/Docx/2F73J4NP2YHKVISKHDIDJ7RGPDKTQZ7D.docx,Document,docx,application/vnd.openxmlformats-officedocument.wordprocessingml.document,43946,42.92,0.04,,,,,,,,,43946.0,,,,
FSZZW6LXFYIZLWSPDS3LUIYELMYHQLUI.pdf,Pdf/FSZZW6LXFYIZLWSPDS3LUIYELMYHQLUI.pdf,Document,pdf,application/pdf,225235,219.96,0.21,,,,,,,,5.0,22523.0,,,,
188936861.cpp,code/188936861.cpp,Code,cpp,text/x-c++,2016,1.97,0.0,,,,,,,,,,197.0,1918.0,21.0,99.0
166472405.java,code/1436/B/166472405.java,Code,java,text/x-java-source,11941,11.66,0.01,,,,,,,,,,821.0,11531.0,54.0,417.0
Screenshot (714).png,images/Screenshot (714).png,Image,png,image/png,119029,116.24,0.11,1920.0,1080.0,,,,,,,,,,,
video_060.mp4,Video/video_060.mp4,Video,mp4,video/mp4,8975411,8765.05,8.56,1920.0,1036.0,30.03,23.98,,,,,,,,,
100265542.py,code/1457/D/100265542.py,Code,py,text/x-python,919,0.9,0.0,,,,,,,,,,63.0,888.0,0.0,34.0
346.wav,audio/346.wav,Audio,wav,audio/wav,396332,387.04,0.38,,,2.25,,pcm_s16le,44100.0,2.0,,,,,,
96912073.java,code/1437/G/96912073.java,Code,java,text/x-java-source,24333,23.76,0.02,,,,,,,,,,2100.0,23117.0,25.0,1167.0
151443568.java,code/1451/C/151443568.java,Code,java,text/x-java-source,13841,13.52,0.01,,,,,,,,,,1234.0,13224.0,35.0,778.0
WLBI5UV3QEOKUAGIT73FRZZFM6NRCROL.docx,Docx/Docx/WLBI5UV3QEOKUAGIT73FRZZFM6NRCROL.docx,Document,docx,application/vnd.openxmlformats-officedocument.wordprocessingml.document,37088,36.22,0.04,,,,,,,,,37088.0,,,,
Screenshot (730).png,images/Screenshot (730).png,Image,png,image/png,310324,303.05,0.3,1920.0,1080.0,,,,,,,,,,,
video_005.mp4,Video/video_005.mp4,Video,mp4,video/mp4,16936447,16539.5,16.15,1920.0,1036.0,29.99,23.98,,,,,,,,,
223.wav,audio/223.wav,Audio,wav,audio/wav,557612,544.54,0.53,,,3.16,,pcm_s16le,44100.0,2.0,,,,,,
134814836.java,code/134814836.java,Code,java,text/x-java-source,8097,7.91,0.01,,,,,,,,,,249.0,7849.0,18.0,38.0
164224579.py,code/1506/B/164224579.py,Code,py,text/x-python,427,0.42,0.0,,,,,,,,,,34.0,410.0,0.0,17.0
157868964.py,code/1433/G/157868964.py,Code,py,text/x-python,2080,2.03,0.0,,,,,,,,,,153.0,1968.0,9.0,83.0
O4Z3IEED7ROYYCKDRARK2BBHSZGR4M5Y.docx,Docx/Docx/O4Z3IEED7ROYYCKDRARK2BBHSZGR4M5Y.docx,Document,docx,application/vnd.openxmlformats-officedocument.wordprocessingml.document,940694,918.65,0.9,,,,,,,,,940694.0,,,,
JQTLTBNFMLOTJNAZWAJGUYXUWJ42X5WM.docx,Docx/Docx/JQTLTBNFMLOTJNAZWAJGUYXUWJ42X5WM.docx,Document,docx,application/vnd.openxmlformats-officedocument.wordprocessingml.document,37569,36.69,0.04,,,,,,,,,37569.0,,,,
5LJK3WBGEWURVXHBKF7FQP32FD7C7FQO.pdf,Pdf/5LJK3WBGEWURVXHBKF7FQP32FD7C7FQO.pdf,Document,pdf,application/pdf,93276,91.09,0.09,,,,,,,,1.0,9327.0,,,,
Screenshot (467).png,images/Screenshot (467).png,Image,png,image/png,678849,662.94,0.65,1920.0,1080.0,,,,,,,,,,,
118026038.java,code/1497/E2/118026038.java,Code,java,text/x-java-source,1619,1.58,0.0,,,,,,,,,,103.0,1568.0,0.0,52.0
118475029.java,code/1535/E/118475029.java,Code,java,text/x-java-source,4722,4.61,0.0,,,,,,,,,,320.0,4562.0,4.0,179.0
295.wav,audio/295.wav,Audio,wav,audio/wav,423980,414.04,0.4,,,2.4,,pcm_s16le,44100.0,2.0,,,,,,
3RFOUAJS2LT6ZCT3K6C2SXFMNCJHTP5Q.pdf,Pdf/3RFOUAJS2LT6ZCT3K6C2SXFMNCJHTP5Q.pdf,Document,pdf,application/pdf,239492,233.88,0.23,,,,,,,,3.0,23949.0,,,,
190210747.cpp,code/190210747.cpp,Code,cpp,text/x-c++,3024,2.95,0.0,,,,,,,,,,210.0,2919.0,6.0,115.0
110672903.java,code/1483/D/110672903.java,Code,java,text/x-java-source,10483,10.24,0.01,,,,,,,,,,650.0,10158.0,6.0,367.0
ZDFWMKCHQYHS6FUNM6VG6IBZUGFGRP2Z.docx,Docx/Docx/ZDFWMKCHQYHS6FUNM6VG6IBZUGFGRP2Z.docx,Document,docx,application/vnd.openxmlformats-officedocument.wordprocessingml.document,41460,40.49,0.04,,,,,,,,,41460.0,,,,
323.wav,audio/323.wav,Audio,wav,audio/wav,1990714,1944.06,1.9,,,2.82,,pcm_f64le,44100.0,2.0,,,,,,
f55a8d69c6047f9037f79225c367766987e25f2b.docx,Docx/Docx/f55a8d69c6047f9037f79225c367766987e25f2b.docx,Document,docx,application/vnd.openxmlformats-officedocument.wordprocessingml.document,169763,165.78,0.16,,,,,,,,,169763.0,,,,
147633886.cpp,code/1483/B/147633886.cpp,Code,cpp,text/x-c++,3322,3.24,0.0,,,,,,,,,,99.0,3224.0,30.0,6.0
5PFVA6CO2FP66IJYJJ4YMWOLK5EHRCCD.pdf,Pdf/5PFVA6CO2FP66IJYJJ4YMWOLK5EHRCCD.pdf,Document,pdf,application/pdf,243510,237.8,0.23,,,,,,,,3.0,24351.0,,,,
163450851.java,code/1497/C1/163450851.java,Code,java,text/x-java-source,963,0.94,0.0,,,,,,,,,,92.0,917.0,0.0,50.0
166350226.cpp,code/1430/D/166350226.cpp,Code,cpp,text/x-c++,1268,1.24,0.0,,,,,,,,,,126.0,1205.0,2.0,63.0
Screenshot (718).png,images/Screenshot (718).png,Image,png,image/png,231341,225.92,0.22,1920.0,1080.0,,,,,,,,,,,
536b64435024c919d6b4c3f5819a889d0607f349 (1).pdf,Pdf/536b64435024c919d6b4c3f5819a889d0607f349 (1).pdf,Document,pdf,application/pdf,197107,192.49,0.19,,,,,,,,7.0,19710.0,,,,
video_016.mp4,Video/video_016.mp4,Video,mp4,video/mp4,27401037,26758.83,26.13,1920.0,1036.0,29.99,23.98,,,,,,,,,
NM76DD2NN5OG5VHK5TQMZV3OO3T6UDAK.pdf,Pdf/NM76DD2NN5OG5VHK5TQMZV3OO3T6UDAK.pdf,Document,pdf,application/pdf,33422,32.64,0.03,,,,,,,,2.0,3342.0,,,,
145677233.java,code/1492/B/145677233.java,Code,java,text/x-java-source,2370,2.31,0.0,,,,,,,,,,196.0,2272.0,1.0,110.0
fsi-2007.doc,Doc/Doc/fsi-2007.doc,Document,doc,application/msword,43387,42.37,0.04,,,,,,,,,43387.0,,,,
83753336.java,code/83753336.java,Code,java,text/x-java-source,4052,3.96,0.0,,,,,,,,,,282.0,3911.0,1.0,157.0
XIQ3WFVYEVSMKJN2WPNDW74W26YD3PPG.pdf,Pdf/XIQ3WFVYEVSMKJN2WPNDW74W26YD3PPG.pdf,Document,pdf,application/pdf,202625,197.88,0.19,,,,,,,,10.0,20262.0,,,,
215.wav,audio/215.wav,Audio,wav,audio/wav,1400890,1368.06,1.34,,,1.99,,pcm_f64le,44100.0,2.0,,,,,,
video_074.mp4,Video/video_074.mp4,Video,mp4,video/mp4,21028204,20535.36,20.05,1920.0,1036.0,29.99,23.98,,,,,,,,,
video_028.mp4,Video/video_028.mp4,Video,mp4,video/mp4,17775466,17358.85,16.95,1920.0,1036.0,30.03,23.98,,,,,,,,,
UFTWPHWPAMA7G4B6F5SMUFNA3HU6H5UW.pdf,Pdf/UFTWPHWPAMA7G4B6F5SMUFNA3HU6H5UW.pdf,Document,pdf,application/pdf,118314,115.54,0.11,,,,,,,,1.0,11831.0,,,,
719954f8de432dbfef6253fd5bfaad07dc44e103.pdf,Pdf/719954f8de432dbfef6253fd5bfaad07dc44e103.pdf,Document,pdf,application/pdf,758686,740.9,0.72,,,,,,,,1.0,50000.0,,,,
167063756.cpp,code/1529/C/167063756.cpp,Code,cpp,text/x-c++,1949,1.9,0.0,,,,,,,,,,163.0,1852.0,13.0,90.0
DLCKN67W6R4KMBYO4VLF2H7MTP665HIJ.pdf,Pdf/DLCKN67W6R4KMBYO4VLF2H7MTP665HIJ.pdf,Document,pdf,application/pdf,45656,44.59,0.04,,,,,,,,2.0,4565.0,,,,
188330011.cpp,code/188330011.cpp,Code,cpp,text/x-c++,1906,1.86,0.0,,,,,,,,,,149.0,1832.0,4.0,81.0
f55a8d69c6047f9037f79225c367766987e25f2b.doc,Doc/Doc/f55a8d69c6047f9037f79225c367766987e25f2b.doc,Document,doc,application/msword,169763,165.78,0.16,,,,,,,,,169763.0,,,,
148260840.java,code/1549/C/148260840.java,Code,java,text/x-java-source,2189,2.14,0.0,,,,,,,,,,91.0,2099.0,3.0,8.0
Screenshot (739).png,images/Screenshot (739).png,Image,png,image/png,145010,141.61,0.14,1920.0,1080.0,,,,,,,,,,,
ZRWJZJQPWO5B3TIBCWQKW47LFR6BM3HW.doc,Doc/Doc/ZRWJZJQPWO5B3TIBCWQKW47LFR6BM3HW.doc,Document,doc,application/msword,281345,274.75,0.27,,,,,,,,,281345.0,,,,
video_095.mp4,Video/video_095.mp4,Video,mp4,video/mp4,53209412,51962.32,50.74,1920.0,1036.0,30.03,23.98,,,,,,,,,
158841773.cpp,code/1458/D/158841773.cpp,Code,cpp,text/x-c++,2049,2.0,0.0,,,,,,,,,,147.0,1976.0,43.0,73.0
166805338.cpp,code/1511/D/166805338.cpp,Code,cpp,text/x-c++,4404,4.3,0.0,,,,,,,,,,241.0,4284.0,24.0,136.0
163690127.java,code/1475/A/163690127.java,Code,java,text/x-java-source,761,0.74,0.0,,,,,,,,,,55.0,734.0,0.0,27.0
Screenshot (448).png,images/Screenshot (448).png,Image,png,image/png,185047,180.71,0.18,1920.0,1080.0,,,,,,,,,,,
BLQYONKYGPSK7RW76LOAUDZGQXB634CT.docx,Docx/Docx/BLQYONKYGPSK7RW76LOAUDZGQXB634CT.docx,Document,docx,application/vnd.openxmlformats-officedocument.wordprocessingml.document,37422,36.54,0.04,,,,,,,,,37422.0,,,,
TV2FR5ZDVPUTCZABFDGX5523SXF5WWIR.doc,Doc/Doc/TV2FR5ZDVPUTCZABFDGX5523SXF5WWIR.doc,Document,doc,application/msword,38036,37.14,0.04,,,,,,,,,38036.0,,,,
166759535.cpp,code/1535/B/166759535.cpp,Code,cpp,text/x-c++,729,0.71,0.0,,,,,,,,,,68.0,695.0,3.0,39.0
157387181.java,code/1428/B/157387181.java,Code,java,text/x-java-source,1066,1.04,0.0,,,,,,,,,,88.0,1022.0,2.0,48.0
EU72SRWRRWAE3AYJ7CPHLDNOBSO3LTZ2.pdf,Pdf/EU72SRWRRWAE3AYJ7CPHLDNOBSO3LTZ2.pdf,Document,pdf,application/pdf,41729,40.75,0.04,,,,,,,,3.0,4172.0,,,,
193455900.py,code/193455900.py,Code,py,text/x-python,1136,1.11,0.0,,,,,,,,,,96.0,1088.0,1.0,59.0
GMK4H4BJR67LM7QUU3GAJT6J2Q5IKQT6.pdf,Pdf/GMK4H4BJR67LM7QUU3GAJT6J2Q5IKQT6.pdf,Document,pdf,application/pdf,2184798,2133.59,2.08,,,,,,,,1.0,50000.0,,,,
SE6VNMZC7SS4KLSVUOXM3QR4FK2WJHWZ.doc,Doc/Doc/SE6VNMZC7SS4KLSVUOXM3QR4FK2WJHWZ.doc,Document,doc,application/msword,145699,142.28,0.14,,,,,,,,,145699.0,,,,
NXQWVJBI6J23JG35UF2PBILHUJXOKLKW.doc,Doc/Doc/NXQWVJBI6J23JG35UF2PBILHUJXOKLKW.doc,Document,doc,application/msword,40012,39.07,0.04,,,,,,,,,40012.0,,,,
149933486.cpp,code/1484/C/149933486.cpp,Code,cpp,text/x-c++,1942,1.9,0.0,,,,,,,,,,77.0,1866.0,3.0,1.0
video_050.mp4,Video/video_050.mp4,Video,mp4,video/mp4,16137653,15759.43,15.39,1920.0,1036.0,29.99,23.98,,,,,,,,,
11.wav,audio/11.wav,Audio,wav,audio/wav,2082874,2034.06,1.99,,,2.95,,pcm_f64le,44100.0,2.0,,,,,,
314.wav,audio/314.wav,Audio,wav,audio/wav,1898554,1854.06,1.81,,,2.69,,pcm_f64le,44100.0,2.0,,,,,,
49833f5cf0647c2295e3b3bf11a68ec47a813414.doc,Doc/Doc/49833f5cf0647c2295e3b3bf11a68ec47a813414.doc,Document,doc,application/msword,516887,504.77,0.49,,,,,,,,,516887.0,,,,
R77SNILPJ5SSKNRBECOMST54VSPJ3RVT.pdf,Pdf/R77SNILPJ5SSKNRBECOMST54VSPJ3RVT.pdf,Document,pdf,application/pdf,276390,269.91,0.26,,,,,,,,45.0,27639.0,,,,
W7RVZWNXECQ4TT2MDDL7LOATVIQJFJTV.pdf,Pdf/W7RVZWNXECQ4TT2MDDL7LOATVIQJFJTV.pdf,Document,pdf,application/pdf,341764,333.75,0.33,,,,,,,,5.0,34176.0,,,,
162987327.java,code/1445/A/162987327.java,Code,java,text/x-java-source,955,0.93,0.0,,,,,,,,,,65.0,923.0,0.0,35.0
275.wav,audio/275.wav,Audio,wav,audio/wav,1677370,1638.06,1.6,,,2.38,,pcm_f64le,44100.0,2.0,,,,,,
Screenshot (697).png,images/Screenshot (697).png,Image,png,image/png,2783399,2718.16,2.65,1920.0,1080.0,,,,,,,,,,,
186035925.java,code/186035925.java,Code,java,text/x-java-source,9189,8.97,0.01,,,,,,,,,,839.0,8770.0,53.0,495.0
162030334.java,code/1551/B2/162030334.java,Code,java,text/x-java-source,9416,9.2,0.01,,,,,,,,,,758.0,9037.0,2.0,417.0
O4DQHOGINPSBCZGCDD5ZOF5K3PSWUVFO.pdf,Pdf/O4DQHOGINPSBCZGCDD5ZOF5K3PSWUVFO.pdf,Document,pdf,application/pdf,4378,4.28,0.0,,,,,,,,3.0,437.0,,,,
Screenshot (706).png,images/Screenshot (706).png,Image,png,image/png,1199532,1171.42,1.14,1920.0,1080.0,,,,,,,,,,,
276.wav,audio/276.wav,Audio,wav,audio/wav,419372,409.54,0.4,,,2.38,,pcm_s16le,44100.0,2.0,,,,,,
193685776.cpp,code/193685776.cpp,Code,cpp,text/x-c++,395,0.39,0.0,,,,,,,,,,44.0,373.0,5.0,29.0
XKCHYHXJXXWHZHTFNEIMA4IJZSXJSLLZ.pdf,Pdf/XKCHYHXJXXWHZHTFNEIMA4IJZSXJSLLZ.pdf,Document,pdf,application/pdf,42487,41.49,0.04,,,,,,,,1.0,4248.0,,,,
62.wav,audio/62.wav,Audio,wav,audio/wav,2175034,2124.06,2.07,,,3.08,,pcm_f64le,44100.0,2.0,,,,,,
Screenshot (731).png,images/Screenshot (731).png,Image,png,image/png,272993,266.59,0.26,1920.0,1080.0,,,,,,,,,,,
I532QF7XT4CGRZFQBRSA7QQMH3UCWFW7.docx,Docx/Docx/I532QF7XT4CGRZFQBRSA7QQMH3UCWFW7.docx,Document,docx,application/vnd.openxmlformats-officedocument.wordprocessingml.document,38527,37.62,0.04,,,,,,,,,38527.0,,,,
rdc_mouvement_de_population_retournee_janvier_2024.doc,Doc/Doc/rdc_mouvement_de_population_retournee_janvier_2024.doc,Document,doc,application/msword,725162,708.17,0.69,,,,,,,,,725162.0,,,,
fsi-2016.doc,Doc/Doc/fsi-2016.doc,Document,doc,application/msword,43576,42.55,0.04,,,,,,,,,43576.0,,,,
166346484.cpp,code/1419/D1/166346484.cpp,Code,cpp,text/x-c++,1169,1.14,0.0,,,,,,,,,,124.0,1107.0,17.0,66.0
150703137.java,code/1475/E/150703137.java,Code,java,text/x-java-source,3609,3.52,0.0,,,,,,,,,,287.0,3466.0,23.0,177.0
A6DZXB7GJCZULMSWOVPHR6WR6FRXNRAN.pdf,Pdf/A6DZXB7GJCZULMSWOVPHR6WR6FRXNRAN.pdf,Document,pdf,application/pdf,145846,142.43,0.14,,,,,,,,1.0,14584.0,,,,
166236962.java,code/1472/A/166236962.java,Code,java,text/x-java-source,980,0.96,0.0,,,,,,,,,,42.0,939.0,0.0,11.0
video_045.mp4,Video/video_045.mp4,Video,mp4,video/mp4,14422710,14084.68,13.75,1920.0,1036.0,29.99,23.98,,,,,,,,,
161320975.py,code/1527/C/161320975.py,Code,py,text/x-python,4968,4.85,0.0,,,,,,,,,,379.0,4779.0,6.0,216.0
Screenshot (721).png,images/Screenshot (721).png,Image,png,image/png,139511,136.24,0.13,1920.0,1080.0,,,,,,,,,,,
Screenshot (495).png,images/Screenshot (495).png,Image,png,image/png,145136,141.73,0.14,1920.0,1080.0,,,,,,,,,,,
KA545DH3SDEIKBX5MLR7QZVYWYBKBGLV.pdf,Pdf/KA545DH3SDEIKBX5MLR7QZVYWYBKBGLV.pdf,Document,pdf,application/pdf,91839,89.69,0.09,,,,,,,,1.0,9183.0,,,,
101.wav,audio/101.wav,Audio,wav,audio/wav,1493050,1458.06,1.42,,,2.12,,pcm_f64le,44100.0,2.0,,,,,,
HYGACNZRS4COKQDATI7LQEA6JCHCETTS.pdf,Pdf/HYGACNZRS4COKQDATI7LQEA6JCHCETTS.pdf,Document,pdf,application/pdf,244193,238.47,0.23,,,,,,,,3.0,24419.0,,,,
Screenshot (457).png,images/Screenshot (457).png,Image,png,image/png,696523,680.2,0.66,1920.0,1080.0,,,,,,,,,,,
OGSA4IWZYF53JIBKQTNJ66QCBGV7EKR7.doc,Doc/Doc/OGSA4IWZYF53JIBKQTNJ66QCBGV7EKR7.doc,Document,doc,application/msword,289061,282.29,0.28,,,,,,,,,289061.0,,,,
103.wav,audio/103.wav,Audio,wav,audio/wav,502316,490.54,0.48,,,2.85,,pcm_s16le,44100.0,2.0,,,,,,
video_070.mp4,Video/video_070.mp4,Video,mp4,video/mp4,14781443,14435.0,14.1,1920.0,1036.0,30.03,23.98,,,,,,,,,
Screenshot (695).png,images/Screenshot (695).png,Image,png,image/png,670671,654.95,0.64,1920.0,1080.0,,,,,,,,,,,
IPSOTZ2PBHPSDMON7CRCOAQD5CNYYOVE.pdf,Pdf/IPSOTZ2PBHPSDMON7CRCOAQD5CNYYOVE.pdf,Document,pdf,application/pdf,22813,22.28,0.02,,,,,,,,2.0,2281.0,,,,
154.wav,audio/154.wav,Audio,wav,audio/wav,626732,612.04,0.6,,,3.55,,pcm_s16le,44100.0,2.0,,,,,,
Screenshot (690).png,images/Screenshot (690).png,Image,png,image/png,728744,711.66,0.69,1920.0,1080.0,,,,,,,,,,,
89.wav,audio/89.wav,Audio,wav,audio/wav,1511482,1476.06,1.44,,,2.14,,pcm_f64le,44100.0,2.0,,,,,,
273.wav,audio/273.wav,Audio,wav,audio/wav,382508,373.54,0.36,,,2.17,,pcm_s16le,44100.0,2.0,,,,,,
12851f0053449570257ff3dfe552621a8dd63d53.pdf,Pdf/12851f0053449570257ff3dfe552621a8dd63d53.pdf,Document,pdf,application/pdf,414218,404.51,0.4,,,,,,,,1.0,41421.0,,,,
118311375.py,code/1439/A2/118311375.py,Code,py,text/x-python,7491,7.32,0.01,,,,,,,,,,550.0,7216.0,3.0,360.0
AG62TAHBIVHRPIZC4SJHTXWHNFOKTYL5.pdf,Pdf/AG62TAHBIVHRPIZC4SJHTXWHNFOKTYL5.pdf,Document,pdf,application/pdf,72457,70.76,0.07,,,,,,,,1.0,7245.0,,,,
193974672.cpp,code/193974672.cpp,Code,cpp,text/x-c++,15003,14.65,0.01,,,,,,,,,,447.0,14780.0,106.0,235.0
167490637.java,code/167490637.java,Code,java,text/x-java-source,1275,1.25,0.0,,,,,,,,,,47.0,1229.0,0.0,9.0
Screenshot (729).png,images/Screenshot (729).png,Image,png,image/png,150289,146.77,0.14,1920.0,1080.0,,,,,,,,,,,
72363933.java,code/72363933.java,Code,java,text/x-java-source,4112,4.02,0.0,,,,,,,,,,247.0,3989.0,3.0,139.0
O4BQRWPCNHJGJHA76LLVENRVKSDRAWSR.pdf,Pdf/O4BQRWPCNHJGJHA76LLVENRVKSDRAWSR.pdf,Document,pdf,application/pdf,61826,60.38,0.06,,,,,,,,1.0,6182.0,,,,
159525418.java,code/1419/D1/159525418.java,Code,java,text/x-java-source,2731,2.67,0.0,,,,,,,,,,118.0,2614.0,0.0,27.0
cars.docx,Docx/Docx/cars.docx,Document,docx,application/vnd.openxmlformats-officedocument.wordprocessingml.document,51630,50.42,0.05,,,,,,,,,51630.0,,,,
M24UMO5XAGV75HSW66Z2E3N6772MB2SW.doc,Doc/Doc/M24UMO5XAGV75HSW66Z2E3N6772MB2SW.doc,Document,doc,application/msword,40111,39.17,0.04,,,,,,,,,40111.0,,,,
YAXK7IA4W3QHHZRCYOHF3TJUMR2V32KE.docx,Docx/Docx/YAXK7IA4W3QHHZRCYOHF3TJUMR2V32KE.docx,Document,docx,application/vnd.openxmlformats-officedocument.wordprocessingml.document,38656,37.75,0.04,,,,,,,,,38656.0,,,,
O4Z3IEED7ROYYCKDRARK2BBHSZGR4M5Y.doc,Doc/Doc/O4Z3IEED7ROYYCKDRARK2BBHSZGR4M5Y.doc,Document,doc,application/msword,940694,918.65,0.9,,,,,,,,,940694.0,,,,
PKUP7YPNPYN6ZP26TRK25TL7U6WLNSGT.pdf,Pdf/PKUP7YPNPYN6ZP26TRK25TL7U6WLNSGT.pdf,Document,pdf,application/pdf,31821,31.08,0.03,,,,,,,,2.0,3182.0,,,,
video_023.mp4,Video/video_023.mp4,Video,mp4,video/mp4,26285183,25669.12,25.07,1920.0,1036.0,30.03,23.98,,,,,,,,,
PYTDN333IKHN3QCZW6AJ2ASF6NEQCVJ6.docx,Docx/Docx/PYTDN333IKHN3QCZW6AJ2ASF6NEQCVJ6.docx,Document,docx,application/vnd.openxmlformats-officedocument.wordprocessingml.document,45594,44.53,0.04,,,,,,,,,45594.0,,,,
Screenshot (701).png,images/Screenshot (701).png,Image,png,image/png,1149384,1122.45,1.1,1920.0,1080.0,,,,,,,,,,,
Screenshot (742).png,images/Screenshot (742).png,Image,png,image/png,415019,405.29,0.4,1920.0,1080.0,,,,,,,,,,,
Z6MFGCCD2MPGIYU6LAJOFH3VJWFDDW37.pdf,Pdf/Z6MFGCCD2MPGIYU6LAJOFH3VJWFDDW37.pdf,Document,pdf,application/pdf,157928,154.23,0.15,,,,,,,,5.0,15792.0,,,,
Y5P3TB77KSPOLIUMLGDQIIGE7XMVNENP.pdf,Pdf/Y5P3TB77KSPOLIUMLGDQIIGE7XMVNENP.pdf,Document,pdf,application/pdf,488053,476.61,0.47,,,,,,,,1.0,48805.0,,,,
178463665.py,code/178463665.py,Code,py,text/x-python,733,0.72,0.0,,,,,,,,,,59.0,704.0,0.0,34.0
3XSJWLQUWUFRCZDJZ2RLJ6KMMDBJZG4D.pdf,Pdf/3XSJWLQUWUFRCZDJZ2RLJ6KMMDBJZG4D.pdf,Document,pdf,application/pdf,259583,253.5,0.25,,,,,,,,1.0,25958.0,,,,
67.wav,audio/67.wav,Audio,wav,audio/wav,493100,481.54,0.47,,,2.8,,pcm_s16le,44100.0,2.0,,,,,,
150000369.cpp,code/1452/E/150000369.cpp,Code,cpp,text/x-c++,774,0.76,0.0,,,,,,,,,,80.0,734.0,2.0,40.0
193614758.cpp,code/193614758.cpp,Code,cpp,text/x-c++,1513,1.48,0.0,,,,,,,,,,60.0,1454.0,7.0,1.0
138358341.py,code/138358341.py,Code,py,text/x-python,509,0.5,0.0,,,,,,,,,,17.0,501.0,0.0,8.0
166369165.cpp,code/1436/C/166369165.cpp,Code,cpp,text/x-c++,2264,2.21,0.0,,,,,,,,,,195.0,2167.0,19.0,108.0
188.wav,audio/188.wav,Audio,wav,audio/wav,2304058,2250.06,2.2,,,3.27,,pcm_f64le,44100.0,2.0,,,,,,
fsi-2006.docx,Docx/Docx/fsi-2006.docx,Document,docx,application/vnd.openxmlformats-officedocument.wordprocessingml.document,42028,41.04,0.04,,,,,,,,,42028.0,,,,
Screenshot (727).png,images/Screenshot (727).png,Image,png,image/png,365567,357.0,0.35,1920.0,1080.0,,,,,,,,,,,
video_086.mp4,Video/video_086.mp4,Video,mp4,video/mp4,15653424,15286.55,14.93,1920.0,1036.0,29.99,23.98,,,,,,,,,
46.wav,audio/46.wav,Audio,wav,audio/wav,497708,486.04,0.47,,,2.82,,pcm_s16le,44100.0,2.0,,,,,,
162912407.cpp,code/1418/E/162912407.cpp,Code,cpp,text/x-c++,1221,1.19,0.0,,,,,,,,,,59.0,1163.0,1.0,12.0
MH3FFNRFQM4LT55ID7VX657NKPCRUB67.pdf,Pdf/MH3FFNRFQM4LT55ID7VX657NKPCRUB67.pdf,Document,pdf,application/pdf,951602,929.3,0.91,,,,,,,,1.0,50000.0,,,,
Screenshot (600).png,images/Screenshot (600).png,Image,png,image/png,121319,118.48,0.12,1920.0,1080.0,,,,,,,,,,,
F4W34PLIHPDTMPAVT42EVI6EOISWUJ2C.pdf,Pdf/F4W34PLIHPDTMPAVT42EVI6EOISWUJ2C.pdf,Document,pdf,application/pdf,165649,161.77,0.16,,,,,,,,1.0,16564.0,,,,
video_033.mp4,Video/video_033.mp4,Video,mp4,video/mp4,2240519,2188.01,2.14,1920.0,1036.0,30.61,24.11,,,,,,,,,
210.wav,audio/210.wav,Audio,wav,audio/wav,414764,405.04,0.4,,,2.35,,pcm_s16le,44100.0,2.0,,,,,,
180992928.cpp,code/180992928.cpp,Code,cpp,text/x-c++,5623,5.49,0.01,,,,,,,,,,347.0,5450.0,16.0,174.0
115165573.java,code/1454/E/115165573.java,Code,java,text/x-java-source,3487,3.41,0.0,,,,,,,,,,192.0,3391.0,2.0,102.0
video_014.mp4,Video/video_014.mp4,Video,mp4,video/mp4,30637169,29919.11,29.22,1920.0,1036.0,29.99,23.98,,,,,,,,,
173287754.java,code/173287754.java,Code,java,text/x-java-source,4389,4.29,0.0,,,,,,,,,,368.0,4205.0,0.0,216.0
138857814.py,code/1423/K/138857814.py,Code,py,text/x-python,565,0.55,0.0,,,,,,,,,,35.0,548.0,0.0,17.0
5f1daaa6087c0d2d803b23997270dc8d79a1eb40.pdf,Pdf/5f1daaa6087c0d2d803b23997270dc8d79a1eb40.pdf,Document,pdf,application/pdf,3078639,3006.48,2.94,,,,,,,,1.0,50000.0,,,,
191196348.cpp,code/191196348.cpp,Code,cpp,text/x-c++,1387,1.35,0.0,,,,,,,,,,137.0,1319.0,13.0,76.0
69589772.py,code/69589772.py,Code,py,text/x-python,2235,2.18,0.0,,,,,,,,,,192.0,2139.0,4.0,117.0
video_093.mp4,Video/video_093.mp4,Video,mp4,video/mp4,13375200,13061.72,12.76,1920.0,1036.0,30.03,23.98,,,,,,,,,
BIQ36HF3QF3EIONNDI43TL5IU43SQKWJ.doc,Doc/Doc/BIQ36HF3QF3EIONNDI43TL5IU43SQKWJ.doc,Document,doc,application/msword,39307,38.39,0.04,,,,,,,,,39307.0,,,,
167656666.cpp,code/1520/B/167656666.cpp,Code,cpp,text/x-c++,1106,1.08,0.0,,,,,,,,,,93.0,1060.0,17.0,50.0
4JIOYSGO26FIUJU47G4MCVYSZUGX7EAE.docx,Docx/Docx/4JIOYSGO26FIUJU47G4MCVYSZUGX7EAE.docx,Document,docx,application/vnd.openxmlformats-officedocument.wordprocessingml.document,38913,38.0,0.04,,,,,,,,,38913.0,,,,
46KXLWATPXX7EE6CIIN3H4KUPVN3RX75.pdf,Pdf/46KXLWATPXX7EE6CIIN3H4KUPVN3RX75.pdf,Document,pdf,application/pdf,29257,28.57,0.03,,,,,,,,1.0,2925.0,,,,
100.wav,audio/100.wav,Audio,wav,audio/wav,373292,364.54,0.36,,,2.12,,pcm_s16le,44100.0,2.0,,,,,,
104.wav,audio/104.wav,Audio,wav,audio/wav,2009146,1962.06,1.92,,,2.85,,pcm_f64le,44100.0,2.0,,,,,,
KNOSFODTQCUVGFKMJLWBF6KZS3RVBESD.doc,Doc/Doc/KNOSFODTQCUVGFKMJLWBF6KZS3RVBESD.doc,Document,doc,application/msword,39914,38.98,0.04,,,,,,,,,39914.0,,,,
182452509.cpp,code/182452509.cpp,Code,cpp,text/x-c++,1019,1.0,0.0,,,,,,,,,,99.0,969.0,7.0,49.0
video_037.mp4,Video/video_037.mp4,Video,mp4,video/mp4,15550050,15185.6,14.83,1920.0,1036.0,30.03,23.98,,,,,,,,,
166894763.py,code/1538/B/166894763.py,Code,py,text/x-python,296,0.29,0.0,,,,,,,,,,28.0,282.0,0.0,14.0
5.wav,audio/5.wav,Audio,wav,audio/wav,1769530,1728.06,1.69,,,2.51,,pcm_f64le,44100.0,2.0,,,,,,
CIPZA5WZQ5JAE4AXBJTWO4PFGT7ORKB7.pdf,Pdf/CIPZA5WZQ5JAE4AXBJTWO4PFGT7ORKB7.pdf,Document,pdf,application/pdf,56212,54.89,0.05,,,,,,,,3.0,5621.0,,,,
137.wav,audio/137.wav,Audio,wav,audio/wav,2433082,2376.06,2.32,,,3.45,,pcm_f64le,44100.0,2.0,,,,,,
161548097.py,code/1446/A/161548097.py,Code,py,text/x-python,1319,1.29,0.0,,,,,,,,,,79.0,1280.0,0.0,39.0
X2IMLLFKA2Z5YVXOFI7GIBJJBOWGR5TY.pdf,Pdf/X2IMLLFKA2Z5YVXOFI7GIBJJBOWGR5TY.pdf,Document,pdf,application/pdf,48516,47.38,0.05,,,,,,,,1.0,4851.0,,,,
165378230.java,code/165378230.java,Code,java,text/x-java-source,857,0.84,0.0,,,,,,,,,,59.0,828.0,0.0,34.0
5WEKPBBWFKF47XDYW5QBC36KFVBYJFE5.pdf,Pdf/5WEKPBBWFKF47XDYW5QBC36KFVBYJFE5.pdf,Document,pdf,application/pdf,205712,200.89,0.2,,,,,,,,1.0,20571.0,,,,
IWBFGFBEXBD54JGRHBZM5V2BUAZTRO4R.pdf,Pdf/IWBFGFBEXBD54JGRHBZM5V2BUAZTRO4R.pdf,Document,pdf,application/pdf,13470,13.15,0.01,,,,,,,,1.0,1347.0,,,,
RUL7FW772XCJNPOZ34TKKQD3THLBCHH7.pdf,Pdf/RUL7FW772XCJNPOZ34TKKQD3THLBCHH7.pdf,Document,pdf,application/pdf,20202780,19729.28,19.27,,,,,,,,1.0,50000.0,,,,
4BYJ3SJ7LQLUQONSHK7CN7NJFWKW62CX.pdf,Pdf/4BYJ3SJ7LQLUQONSHK7CN7NJFWKW62CX.pdf,Document,pdf,application/pdf,766837,748.86,0.73,,,,,,,,129.0,50000.0,,,,
U23MNPFKWDU6QBI3PCJ5KCLGX3RO4LMN.pdf,Pdf/U23MNPFKWDU6QBI3PCJ5KCLGX3RO4LMN.pdf,Document,pdf,application/pdf,14805,14.46,0.01,,,,,,,,1.0,1480.0,,,,
3P5D3UKXU2R6I2TK4OJSLL6LGIQJ4NY5.doc,Doc/Doc/3P5D3UKXU2R6I2TK4OJSLL6LGIQJ4NY5.doc,Document,doc,application/msword,62351,60.89,0.06,,,,,,,,,62351.0,,,,
129.wav,audio/129.wav,Audio,wav,audio/wav,529964,517.54,0.51,,,3.0,,pcm_s16le,44100.0,2.0,,,,,,
VCJ7JJLLASUDBR4Z54NLOWUBCMWVPCNT.doc,Doc/Doc/VCJ7JJLLASUDBR4Z54NLOWUBCMWVPCNT.doc,Document,doc,application/msword,41207,40.24,0.04,,,,,,,,,41207.0,,,,
Screenshot (720).png,images/Screenshot (720).png,Image,png,image/png,237228,231.67,0.23,1920.0,1080.0,,,,,,,,,,,
163.wav,audio/163.wav,Audio,wav,audio/wav,456236,445.54,0.44,,,2.59,,pcm_s16le,44100.0,2.0,,,,,,
235.wav,audio/235.wav,Audio,wav,audio/wav,456236,445.54,0.44,,,2.59,,pcm_s16le,44100.0,2.0,,,,,,
ZZLARWOCNXAHCS25AGWDA2UPFRV3G6TU.doc,Doc/Doc/ZZLARWOCNXAHCS25AGWDA2UPFRV3G6TU.doc,Document,doc,application/msword,730555,713.43,0.7,,,,,,,,,730555.0,,,,
171.wav,audio/171.wav,Audio,wav,audio/wav,529964,517.54,0.51,,,3.0,,pcm_s16le,44100.0,2.0,,,,,,
168349001.cpp,code/168349001.cpp,Code,cpp,text/x-c++,2009,1.96,0.0,,,,,,,,,,42.0,1968.0,23.0,0.0
48.wav,audio/48.wav,Audio,wav,audio/wav,497708,486.04,0.47,,,2.82,,pcm_s16le,44100.0,2.0,,,,,,
251.wav,audio/251.wav,Audio,wav,audio/wav,1585210,1548.06,1.51,,,2.25,,pcm_f64le,44100.0,2.0,,,,,,
XGGSDGFBFOJ2GAT5CWQVQOO6N3PDMSGP.pdf,Pdf/XGGSDGFBFOJ2GAT5CWQVQOO6N3PDMSGP.pdf,Document,pdf,application/pdf,240691,235.05,0.23,,,,,,,,2.0,24069.0,,,,
H75CHMEGQV5GB7Y4YQS4OYSBCPHUFFBY.pdf,Pdf/H75CHMEGQV5GB7Y4YQS4OYSBCPHUFFBY.pdf,Document,pdf,application/pdf,187853,183.45,0.18,,,,,,,,1.0,18785.0,,,,
196.wav,audio/196.wav,Audio,wav,audio/wav,451628,441.04,0.43,,,2.56,,pcm_s16le,44100.0,2.0,,,,,,
M4PQQ2SAF6X4U7WZE2ZG5FPZBNUKPKNC.pdf,Pdf/M4PQQ2SAF6X4U7WZE2ZG5FPZBNUKPKNC.pdf,Document,pdf,application/pdf,4240209,4140.83,4.04,,,,,,,,24.0,50000.0,,,,
FMKUKISD27PIQH3UAZ5GCM66QIJJV3G4.pdf,Pdf/FMKUKISD27PIQH3UAZ5GCM66QIJJV3G4.pdf,Document,pdf,application/pdf,241708,236.04,0.23,,,,,,,,2.0,24170.0,,,,
161.wav,audio/161.wav,Audio,wav,audio/wav,2783290,2718.06,2.65,,,3.94,,pcm_f64le,44100.0,2.0,,,,,,
166171027.py,code/1547/A/166171027.py,Code,py,text/x-python,525,0.51,0.0,,,,,,,,,,38.0,506.0,0.0,21.0
Screenshot (527).png,images/Screenshot (527).png,Image,png,image/png,608226,593.97,0.58,1920.0,1080.0,,,,,,,,,,,
194325722.cpp,code/194325722.cpp,Code,cpp,text/x-c++,2024,1.98,0.0,,,,,,,,,,92.0,1933.0,27.0,23.0
V5BPYCHUXYL6NY7HNB7SZHSWT7J7W6GC.pdf,Pdf/V5BPYCHUXYL6NY7HNB7SZHSWT7J7W6GC.pdf,Document,pdf,application/pdf,174625,170.53,0.17,,,,,,,,2.0,17462.0,,,,
WI2VFTXLXSXQKDIARAOUUVVHAWB2UQT2.pdf,Pdf/WI2VFTXLXSXQKDIARAOUUVVHAWB2UQT2.pdf,Document,pdf,application/pdf,19280,18.83,0.02,,,,,,,,1.0,1928.0,,,,
OAAZZPSDEIQQH4F3ND5HZDC7MTB4GXXU.pdf,Pdf/OAAZZPSDEIQQH4F3ND5HZDC7MTB4GXXU.pdf,Document,pdf,application/pdf,35328,34.5,0.03,,,,,,,,1.0,3532.0,,,,
Screenshot (597).png,images/Screenshot (597).png,Image,png,image/png,457202,446.49,0.44,1920.0,1080.0,,,,,,,,,,,
131536772.py,code/1433/G/131536772.py,Code,py,text/x-python,1876,1.83,0.0,,,,,,,,,,143.0,1805.0,1.0,78.0
2KPPNYIT75S3H25JKEWTMQ7WRNCCTMJM.pdf,Pdf/2KPPNYIT75S3H25JKEWTMQ7WRNCCTMJM.pdf,Document,pdf,application/pdf,6499,6.35,0.01,,,,,,,,1.0,649.0,,,,
Screenshot (455).png,images/Screenshot (455).png,Image,png,image/png,1028307,1004.21,0.98,1920.0,1080.0,,,,,,,,,,,
QNUOKFLA7NUJSOJ63IZBGJYX2EUW7JI3.pdf,Pdf/QNUOKFLA7NUJSOJ63IZBGJYX2EUW7JI3.pdf,Document,pdf,application/pdf,282716,276.09,0.27,,,,,,,,1.0,28271.0,,,,
191406379.py,code/191406379.py,Code,py,text/x-python,114,0.11,0.0,,,,,,,,,,3.0,111.0,0.0,0.0
166743740.cpp,code/1500/A/166743740.cpp,Code,cpp,text/x-c++,2890,2.82,0.0,,,,,,,,,,272.0,2754.0,28.0,166.0
video_046.mp4,Video/video_046.mp4,Video,mp4,video/mp4,9817528,9587.43,9.36,1920.0,1036.0,29.99,23.98,,,,,,,,,
18.wav,audio/18.wav,Audio,wav,audio/wav,488492,477.04,0.47,,,2.77,,pcm_s16le,44100.0,2.0,,,,,,
194405201.py,code/194405201.py,Code,py,text/x-python,343,0.33,0.0,,,,,,,,,,37.0,325.0,0.0,20.0
22.wav,audio/22.wav,Audio,wav,audio/wav,456236,445.54,0.44,,,2.59,,pcm_s16le,44100.0,2.0,,,,,,
AA7LE5CV3O4PNQJPJXH2W6ML2O44A2ET.pdf,Pdf/AA7LE5CV3O4PNQJPJXH2W6ML2O44A2ET.pdf,Document,pdf,application/pdf,82937,80.99,0.08,,,,,,,,1.0,8293.0,,,,
e65a0a289977abe2091b9c05c32d36db491616f6.pdf,Pdf/e65a0a289977abe2091b9c05c32d36db491616f6.pdf,Document,pdf,application/pdf,430985,420.88,0.41,,,,,,,,1.0,43098.0,,,,
344.wav,audio/344.wav,Audio,wav,audio/wav,1935418,1890.06,1.85,,,2.74,,pcm_f64le,44100.0,2.0,,,,,,
Data Bleanding File One.doc,Doc/Doc/Data Bleanding File One.doc,Document,doc,application/msword,36790,35.93,0.04,,,,,,,,,36790.0,,,,
DWLTLUWBPW5FY622QVPGQP22U45D65HE.pdf,Pdf/DWLTLUWBPW5FY622QVPGQP22U45D65HE.pdf,Document,pdf,application/pdf,333055,325.25,0.32,,,,,,,,1.0,33305.0,,,,
46KXLWATPXX7EE6CIIN3H4KUPVN3RX75.docx,Docx/Docx/46KXLWATPXX7EE6CIIN3H4KUPVN3RX75.docx,Document,docx,application/vnd.openxmlformats-officedocument.wordprocessingml.document,38767,37.86,0.04,,,,,,,,,38767.0,,,,
Screenshot (523).png,images/Screenshot (523).png,Image,png,image/png,172634,168.59,0.16,1920.0,1080.0,,,,,,,,,,,
192680909.cpp,code/192680909.cpp,Code,cpp,text/x-c++,2669,2.61,0.0,,,,,,,,,,156.0,2591.0,12.0,77.0
190095463.cpp,code/190095463.cpp,Code,cpp,text/x-c++,1362,1.33,0.0,,,,,,,,,,75.0,1288.0,25.0,13.0
329.wav,audio/329.wav,Audio,wav,audio/wav,2046010,1998.06,1.95,,,2.9,,pcm_f64le,44100.0,2.0,,,,,,
167651972.cpp,code/1520/B/167651972.cpp,Code,cpp,text/x-c++,419,0.41,0.0,,,,,,,,,,50.0,394.0,1.0,27.0
240.wav,audio/240.wav,Audio,wav,audio/wav,645164,630.04,0.62,,,3.66,,pcm_s16le,44100.0,2.0,,,,,,
159.wav,audio/159.wav,Audio,wav,audio/wav,400940,391.54,0.38,,,2.27,,pcm_s16le,44100.0,2.0,,,,,,
video_013.mp4,Video/video_013.mp4,Video,mp4,video/mp4,18794538,18354.04,17.92,1920.0,1036.0,29.99,23.98,,,,,,,,,
36.wav,audio/36.wav,Audio,wav,audio/wav,428588,418.54,0.41,,,2.43,,pcm_s16le,44100.0,2.0,,,,,,
RBQS77ZEQXZZN5PHJPGI4PI4XB3ANVBB.pdf,Pdf/RBQS77ZEQXZZN5PHJPGI4PI4XB3ANVBB.pdf,Document,pdf,application/pdf,515354,503.28,0.49,,,,,,,,1.0,50000.0,,,,
169.wav,audio/169.wav,Audio,wav,audio/wav,529964,517.54,0.51,,,3.0,,pcm_s16le,44100.0,2.0,,,,,,
Screenshot (693).png,images/Screenshot (693).png,Image,png,image/png,753427,735.77,0.72,1920.0,1080.0,,,,,,,,,,,
video_089.mp4,Video/video_089.mp4,Video,mp4,video/mp4,24007865,23445.18,22.9,1920.0,1036.0,29.99,23.98,,,,,,,,,
ZBOY7WHWU4JUMTIM2RO2TCO5VONTYYE4.pdf,Pdf/ZBOY7WHWU4JUMTIM2RO2TCO5VONTYYE4.pdf,Document,pdf,application/pdf,11877,11.6,0.01,,,,,,,,2.0,1187.0,,,,
165307800.cpp,code/1425/B/165307800.cpp,Code,cpp,text/x-c++,3362,3.28,0.0,,,,,,,,,,218.0,3253.0,4.0,113.0
194008282.java,code/194008282.java,Code,java,text/x-java-source,873,0.85,0.0,,,,,,,,,,61.0,843.0,0.0,33.0
330.wav,audio/330.wav,Audio,wav,audio/wav,511532,499.54,0.49,,,2.9,,pcm_s16le,44100.0,2.0,,,,,,
274.wav,audio/274.wav,Audio,wav,audio/wav,419372,409.54,0.4,,,2.38,,pcm_s16le,44100.0,2.0,,,,,,
167210350.cpp,code/1512/G/167210350.cpp,Code,cpp,text/x-c++,847,0.83,0.0,,,,,,,,,,40.0,808.0,5.0,2.0
204.wav,audio/204.wav,Audio,wav,audio/wav,603692,589.54,0.58,,,3.42,,pcm_s16le,44100.0,2.0,,,,,,
163114119.cpp,code/1479/B1/163114119.cpp,Code,cpp,text/x-c++,888,0.87,0.0,,,,,,,,,,66.0,855.0,6.0,35.0
234.wav,audio/234.wav,Audio,wav,audio/wav,663596,648.04,0.63,,,3.76,,pcm_s16le,44100.0,2.0,,,,,,
Screenshot (689).png,images/Screenshot (689).png,Image,png,image/png,755400,737.7,0.72,1920.0,1080.0,,,,,,,,,,,
video_097.mp4,Video/video_097.mp4,Video,mp4,video/mp4,6670534,6514.19,6.36,1920.0,1036.0,26.53,23.98,,,,,,,,,
Screenshot (471).png,images/Screenshot (471).png,Image,png,image/png,127436,124.45,0.12,1920.0,1080.0,,,,,,,,,,,
306.wav,audio/306.wav,Audio,wav,audio/wav,400940,391.54,0.38,,,2.27,,pcm_s16le,44100.0,2.0,,,,,,
97.wav,audio/97.wav,Audio,wav,audio/wav,410156,400.54,0.39,,,2.32,,pcm_s16le,44100.0,2.0,,,,,,
HCHQUVOOEBJYJX23WCEMGGC2WVXF2F3G.doc,Doc/Doc/HCHQUVOOEBJYJX23WCEMGGC2WVXF2F3G.doc,Document,doc,application/msword,101688,99.3,0.1,,,,,,,,,101688.0,,,,
ZBOY7WHWU4JUMTIM2RO2TCO5VONTYYE4.docx,Docx/Docx/ZBOY7WHWU4JUMTIM2RO2TCO5VONTYYE4.docx,Document,docx,application/vnd.openxmlformats-officedocument.wordprocessingml.document,37764,36.88,0.04,,,,,,,,,37764.0,,,,
194123732.cpp,code/194123732.cpp,Code,cpp,text/x-c++,5466,5.34,0.01,,,,,,,,,,205.0,5261.0,18.0,26.0
UJ4BLXG5WVOR74SEFBHIMJZYVQCVV3EZ.doc,Doc/Doc/UJ4BLXG5WVOR74SEFBHIMJZYVQCVV3EZ.doc,Document,doc,application/msword,59592932,58196.22,56.83,,,,,,,,,59592932.0,,,,
224.wav,audio/224.wav,Audio,wav,audio/wav,2230330,2178.06,2.13,,,3.16,,pcm_f64le,44100.0,2.0,,,,,,
154481504.java,code/1485/A/154481504.java,Code,java,text/x-java-source,1287,1.26,0.0,,,,,,,,,,123.0,1226.0,0.0,70.0
136592440.java,code/136592440.java,Code,java,text/x-java-source,14257,13.92,0.01,,,,,,,,,,1088.0,13713.0,19.0,632.0
video_072.mp4,Video/video_072.mp4,Video,mp4,video/mp4,26475284,25854.77,25.25,1920.0,1036.0,30.03,23.98,,,,,,,,,
231.wav,audio/231.wav,Audio,wav,audio/wav,470060,459.04,0.45,,,2.66,,pcm_s16le,44100.0,2.0,,,,,,
UJ4BLXG5WVOR74SEFBHIMJZYVQCVV3EZ.docx,Docx/Docx/UJ4BLXG5WVOR74SEFBHIMJZYVQCVV3EZ.docx,Document,docx,application/vnd.openxmlformats-officedocument.wordprocessingml.document,59592932,58196.22,56.83,,,,,,,,,59592932.0,,,,
198.wav,audio/198.wav,Audio,wav,audio/wav,451628,441.04,0.43,,,2.56,,pcm_s16le,44100.0,2.0,,,,,,
166654729.py,code/1476/A/166654729.py,Code,py,text/x-python,178,0.17,0.0,,,,,,,,,,13.0,172.0,0.0,7.0
Y4C4I2PAQFLQEVARQJGECB27WBTI3R3R.pdf,Pdf/Y4C4I2PAQFLQEVARQJGECB27WBTI3R3R.pdf,Document,pdf,application/pdf,107072,104.56,0.1,,,,,,,,3.0,10707.0,,,,
141453400.cpp,code/1523/F/141453400.cpp,Code,cpp,text/x-c++,3910,3.82,0.0,,,,,,,,,,315.0,3753.0,8.0,168.0
fsi-2022-download.doc,Doc/Doc/fsi-2022-download.doc,Document,doc,application/msword,57724,56.37,0.06,,,,,,,,,57724.0,,,,
192792493.cpp,code/192792493.cpp,Code,cpp,text/x-c++,389,0.38,0.0,,,,,,,,,,18.0,373.0,1.0,1.0
88390211.java,code/88390211.java,Code,java,text/x-java-source,10469,10.22,0.01,,,,,,,,,,140.0,10330.0,11.0,6.0
HGB546MCYLA3JJLIKLP5WGEFY6DUY5ML.pdf,Pdf/HGB546MCYLA3JJLIKLP5WGEFY6DUY5ML.pdf,Document,pdf,application/pdf,320974,313.45,0.31,,,,,,,,7.0,32097.0,,,,
ES5LDB5OV2PKIMVD3Z72CVQK4RSDBYJI.docx,Docx/Docx/ES5LDB5OV2PKIMVD3Z72CVQK4RSDBYJI.docx,Document,docx,application/vnd.openxmlformats-officedocument.wordprocessingml.document,40384,39.44,0.04,,,,,,,,,40384.0,,,,
77.wav,audio/77.wav,Audio,wav,audio/wav,2119738,2070.06,2.02,,,3.0,,pcm_f64le,44100.0,2.0,,,,,,
161020096.cpp,code/1447/D/161020096.cpp,Code,cpp,text/x-c++,14249,13.92,0.01,,,,,,,,,,1016.0,13741.0,49.0,546.0
67JSPHIB2F6WUL35OLRAOZ2UEDTI2XZ5.doc,Doc/Doc/67JSPHIB2F6WUL35OLRAOZ2UEDTI2XZ5.doc,Document,doc,application/msword,40282,39.34,0.04,,,,,,,,,40282.0,,,,
GWYYEO7BT54SUYBU7M4232GNAWWV6IOX.doc,Doc/Doc/GWYYEO7BT54SUYBU7M4232GNAWWV6IOX.doc,Document,doc,application/msword,190837,186.36,0.18,,,,,,,,,190837.0,,,,
247.wav,audio/247.wav,Audio,wav,audio/wav,419372,409.54,0.4,,,2.38,,pcm_s16le,44100.0,2.0,,,,,,
187194097.java,code/187194097.java,Code,java,text/x-java-source,507,0.5,0.0,,,,,,,,,,34.0,490.0,0.0,20.0
BOH4KJMMRAVVCOH7QURXB6OI54ZHSFSX.pdf,Pdf/BOH4KJMMRAVVCOH7QURXB6OI54ZHSFSX.pdf,Document,pdf,application/pdf,239996,234.37,0.23,,,,,,,,2.0,23999.0,,,,
99.wav,audio/99.wav,Audio,wav,audio/wav,410156,400.54,0.39,,,2.32,,pcm_s16le,44100.0,2.0,,,,,,
167406466.cpp,code/1474/B/167406466.cpp,Code,cpp,text/x-c++,1206,1.18,0.0,,,,,,,,,,127.0,1143.0,3.0,65.0
167438188.cpp,code/1542/A/167438188.cpp,Code,cpp,text/x-c++,594,0.58,0.0,,,,,,,,,,76.0,556.0,2.0,45.0
193.wav,audio/193.wav,Audio,wav,audio/wav,410156,400.54,0.39,,,2.32,,pcm_s16le,44100.0,2.0,,,,,,
221.wav,audio/221.wav,Audio,wav,audio/wav,1990714,1944.06,1.9,,,2.82,,pcm_f64le,44100.0,2.0,,,,,,
TQSAKC5ZXKO27EPBJ7HLTN2K3CW5L4MR.pdf,Pdf/TQSAKC5ZXKO27EPBJ7HLTN2K3CW5L4MR.pdf,Document,pdf,application/pdf,312738,305.41,0.3,,,,,,,,2.0,31273.0,,,,
147.wav,audio/147.wav,Audio,wav,audio/wav,677420,661.54,0.65,,,3.84,,pcm_s16le,44100.0,2.0,,,,,,
122269588.java,code/1413/A/122269588.java,Code,java,text/x-java-source,645,0.63,0.0,,,,,,,,,,41.0,625.0,0.0,21.0
ZRWJZJQPWO5B3TIBCWQKW47LFR6BM3HW.docx,Docx/Docx/ZRWJZJQPWO5B3TIBCWQKW47LFR6BM3HW.docx,Document,docx,application/vnd.openxmlformats-officedocument.wordprocessingml.document,281345,274.75,0.27,,,,,,,,,281345.0,,,,
Z42OE7PSGVKK54B3J2LWZ4THMYJIJHGJ.docx,Docx/Docx/Z42OE7PSGVKK54B3J2LWZ4THMYJIJHGJ.docx,Document,docx,application/vnd.openxmlformats-officedocument.wordprocessingml.document,41797,40.82,0.04,,,,,,,,,41797.0,,,,
FP3RQFKAHYT65A4O7T2B526NDPVG7D7I.pdf,Pdf/FP3RQFKAHYT65A4O7T2B526NDPVG7D7I.pdf,Document,pdf,application/pdf,4055,3.96,0.0,,,,,,,,1.0,405.0,,,,
158889650.cpp,code/1477/C/158889650.cpp,Code,cpp,text/x-c++,4684,4.57,0.0,,,,,,,,,,307.0,4531.0,49.0,171.0
166683467.cpp,code/1445/B/166683467.cpp,Code,cpp,text/x-c++,260,0.25,0.0,,,,,,,,,,35.0,243.0,1.0,19.0
ZWCWI7G7GYM3DHO2HOJBJRQNBG7GTV4C.pdf,Pdf/ZWCWI7G7GYM3DHO2HOJBJRQNBG7GTV4C.pdf,Document,pdf,application/pdf,9182,8.97,0.01,,,,,,,,1.0,918.0,,,,
84422588.py,code/84422588.py,Code,py,text/x-python,750,0.73,0.0,,,,,,,,,,79.0,711.0,1.0,49.0
200.wav,audio/200.wav,Audio,wav,audio/wav,2175034,2124.06,2.07,,,3.08,,pcm_f64le,44100.0,2.0,,,,,,
21.wav,audio/21.wav,Audio,wav,audio/wav,470060,459.04,0.45,,,2.66,,pcm_s16le,44100.0,2.0,,,,,,
SW6G4QILYS7QYXXVHMGTCXFHYU2QHV6Z.pdf,Pdf/SW6G4QILYS7QYXXVHMGTCXFHYU2QHV6Z.pdf,Document,pdf,application/pdf,11069,10.81,0.01,,,,,,,,2.0,1106.0,,,,
208.wav,audio/208.wav,Audio,wav,audio/wav,414764,405.04,0.4,,,2.35,,pcm_s16le,44100.0,2.0,,,,,,
Screenshot (447).png,images/Screenshot (447).png,Image,png,image/png,66613,65.05,0.06,1920.0,1080.0,,,,,,,,,,,
video_017.mp4,Video/video_017.mp4,Video,mp4,video/mp4,26062790,25451.94,24.86,1920.0,1036.0,29.99,23.98,,,,,,,,,
C6SH74HD7KHGRLPMM6FE42GBFEZBBOYM.pdf,Pdf/C6SH74HD7KHGRLPMM6FE42GBFEZBBOYM.pdf,Document,pdf,application/pdf,109840,107.27,0.1,,,,,,,,1.0,10984.0,,,,
video_081.mp4,Video/video_081.mp4,Video,mp4,video/mp4,19269469,18817.84,18.38,1920.0,1036.0,29.99,23.98,,,,,,,,,
167731280.py,code/1553/A/167731280.py,Code,py,text/x-python,163,0.16,0.0,,,,,,,,,,15.0,156.0,0.0,8.0
VCJ7JJLLASUDBR4Z54NLOWUBCMWVPCNT.docx,Docx/Docx/VCJ7JJLLASUDBR4Z54NLOWUBCMWVPCNT.docx,Document,docx,application/vnd.openxmlformats-officedocument.wordprocessingml.document,41207,40.24,0.04,,,,,,,,,41207.0,,,,
LXBG3TK5X532R47N47TPXOVVTBA4QCDE.pdf,Pdf/LXBG3TK5X532R47N47TPXOVVTBA4QCDE.pdf,Document,pdf,application/pdf,252927,247.0,0.24,,,,,,,,1.0,25292.0,,,,
6C5QST2YJX7GA4BOHPZK66SWOSEATYGO.pdf,Pdf/6C5QST2YJX7GA4BOHPZK66SWOSEATYGO.pdf,Document,pdf,application/pdf,312353,305.03,0.3,,,,,,,,2.0,31235.0,,,,
YEFBTIMFZUJ5QQSKCQ4LHUMSFR6KUQNO.pdf,Pdf/YEFBTIMFZUJ5QQSKCQ4LHUMSFR6KUQNO.pdf,Document,pdf,application/pdf,151880,148.32,0.14,,,,,,,,2.0,15188.0,,,,
153785993.cpp,code/1497/D/153785993.cpp,Code,cpp,text/x-c++,863,0.84,0.0,,,,,,,,,,63.0,832.0,2.0,32.0
150338505.java,code/1418/B/150338505.java,Code,java,text/x-java-source,11685,11.41,0.01,,,,,,,,,,894.0,11238.0,34.0,539.0
GOCYUTJWJZBXHIUSFYG3LVX5SG6HPEVV.docx,Docx/Docx/GOCYUTJWJZBXHIUSFYG3LVX5SG6HPEVV.docx,Document,docx,application/vnd.openxmlformats-officedocument.wordprocessingml.document,3259639,3183.24,3.11,,,,,,,,,3259639.0,,,,
167151151.py,code/1462/B/167151151.py,Code,py,text/x-python,444,0.43,0.0,,,,,,,,,,19.0,435.0,0.0,10.0
video_032.mp4,Video/video_032.mp4,Video,mp4,video/mp4,15477755,15115.0,14.76,1920.0,1036.0,30.03,23.98,,,,,,,,,
141790422.cpp,code/1531/A/141790422.cpp,Code,cpp,text/x-c++,1238,1.21,0.0,,,,,,,,,,101.0,1188.0,22.0,55.0
233.wav,audio/233.wav,Audio,wav,audio/wav,2654266,2592.06,2.53,,,3.76,,pcm_f64le,44100.0,2.0,,,,,,
35CQZCOMND26DXY46FVVS47WB2AL75OK.pdf,Pdf/35CQZCOMND26DXY46FVVS47WB2AL75OK.pdf,Document,pdf,application/pdf,62280,60.82,0.06,,,,,,,,1.0,6228.0,,,,
167171270.cpp,code/1497/B/167171270.cpp,Code,cpp,text/x-c++,1473,1.44,0.0,,,,,,,,,,185.0,1381.0,6.0,118.0
df7602a1700deab0723261081a9136bc98cbdc10.pdf,Pdf/df7602a1700deab0723261081a9136bc98cbdc10.pdf,Document,pdf,application/pdf,458569,447.82,0.44,,,,,,,,1.0,45856.0,,,,
video_047.mp4,Video/video_047.mp4,Video,mp4,video/mp4,28269153,27606.59,26.96,1920.0,1036.0,29.99,23.98,,,,,,,,,
video_030.mp4,Video/video_030.mp4,Video,mp4,video/mp4,20022374,19553.1,19.09,1920.0,1036.0,30.03,23.98,,,,,,,,,
183.wav,audio/183.wav,Audio,wav,audio/wav,387116,378.04,0.37,,,2.19,,pcm_s16le,44100.0,2.0,,,,,,
Data Join vs Data Blending.doc,Doc/Doc/Data Join vs Data Blending.doc,Document,doc,application/msword,36835,35.97,0.04,,,,,,,,,36835.0,,,,
NJU4VYU6LDS4YYXY3GLMO3V43KZZONNF.pdf,Pdf/NJU4VYU6LDS4YYXY3GLMO3V43KZZONNF.pdf,Document,pdf,application/pdf,11621,11.35,0.01,,,,,,,,1.0,1162.0,,,,
189509109.py,code/189509109.py,Code,py,text/x-python,6096,5.95,0.01,,,,,,,,,,414.0,5889.0,24.0,257.0
80.wav,audio/80.wav,Audio,wav,audio/wav,2064442,2016.06,1.97,,,2.93,,pcm_f64le,44100.0,2.0,,,,,,
60.wav,audio/60.wav,Audio,wav,audio/wav,451628,441.04,0.43,,,2.56,,pcm_s16le,44100.0,2.0,,,,,,
282.wav,audio/282.wav,Audio,wav,audio/wav,437804,427.54,0.42,,,2.48,,pcm_s16le,44100.0,2.0,,,,,,
163180472.cpp,code/1472/G/163180472.cpp,Code,cpp,text/x-c++,1909,1.86,0.0,,,,,,,,,,97.0,1813.0,3.0,2.0
BIQ36HF3QF3EIONNDI43TL5IU43SQKWJ.docx,Docx/Docx/BIQ36HF3QF3EIONNDI43TL5IU43SQKWJ.docx,Document,docx,application/vnd.openxmlformats-officedocument.wordprocessingml.document,39307,38.39,0.04,,,,,,,,,39307.0,,,,
193194887.py,code/193194887.py,Code,py,text/x-python,235,0.23,0.0,,,,,,,,,,14.0,228.0,0.0,8.0
248.wav,audio/248.wav,Audio,wav,audio/wav,1677370,1638.06,1.6,,,2.38,,pcm_f64le,44100.0,2.0,,,,,,
164653270.cpp,code/1453/B/164653270.cpp,Code,cpp,text/x-c++,549,0.54,0.0,,,,,,,,,,53.0,523.0,1.0,31.0
11613a97cef51ad28635fdd86915e74d94cff227.doc,Doc/Doc/11613a97cef51ad28635fdd86915e74d94cff227.doc,Document,doc,application/msword,170849,166.84,0.16,,,,,,,,,170849.0,,,,
146812404.cpp,code/146812404.cpp,Code,cpp,text/x-c++,1769,1.73,0.0,,,,,,,,,,129.0,1705.0,3.0,66.0
149022750.py,code/149022750.py,Code,py,text/x-python,725,0.71,0.0,,,,,,,,,,58.0,696.0,0.0,36.0
107.wav,audio/107.wav,Audio,wav,audio/wav,1990714,1944.06,1.9,,,2.82,,pcm_f64le,44100.0,2.0,,,,,,
ZZLARWOCNXAHCS25AGWDA2UPFRV3G6TU.docx,Docx/Docx/ZZLARWOCNXAHCS25AGWDA2UPFRV3G6TU.docx,Document,docx,application/vnd.openxmlformats-officedocument.wordprocessingml.document,730555,713.43,0.7,,,,,,,,,730555.0,,,,
EZ5GI4R7U4POAIDO2DOL6J3LIQLGQQRX.pdf,Pdf/EZ5GI4R7U4POAIDO2DOL6J3LIQLGQQRX.pdf,Document,pdf,application/pdf,241586,235.92,0.23,,,,,,,,2.0,24158.0,,,,
35CQZCOMND26DXY46FVVS47WB2AL75OK.doc,Doc/Doc/35CQZCOMND26DXY46FVVS47WB2AL75OK.doc,Document,doc,application/msword,57344,56.0,0.05,,,,,,,,,57344.0,,,,
Screenshot (741).png,images/Screenshot (741).png,Image,png,image/png,94448,92.23,0.09,1920.0,1080.0,,,,,,,,,,,
EUMZHAVVHG7K6CDQVOACCW3IN4DSMT5M.docx,Docx/Docx/EUMZHAVVHG7K6CDQVOACCW3IN4DSMT5M.docx,Document,docx,application/vnd.openxmlformats-officedocument.wordprocessingml.document,377411,368.57,0.36,,,,,,,,,377411.0,,,,
video_055.mp4,Video/video_055.mp4,Video,mp4,video/mp4,12719539,12421.42,12.13,1920.0,1036.0,29.99,23.98,,,,,,,,,
167675960.cpp,code/1547/B/167675960.cpp,Code,cpp,text/x-c++,1099,1.07,0.0,,,,,,,,,,100.0,1049.0,4.0,50.0
Screenshot (705).png,images/Screenshot (705).png,Image,png,image/png,1192704,1164.75,1.14,1920.0,1080.0,,,,,,,,,,,
189262048.cpp,code/189262048.cpp,Code,cpp,text/x-c++,4585,4.48,0.0,,,,,,,,,,319.0,4426.0,15.0,190.0
180567939.cpp,code/180567939.cpp,Code,cpp,text/x-c++,1786,1.74,0.0,,,,,,,,,,170.0,1701.0,7.0,84.0
Screenshot (450).png,images/Screenshot (450).png,Image,png,image/png,237331,231.77,0.23,1920.0,1080.0,,,,,,,,,,,
GKIGKIVD24PQYBUWILRPW2PXFZK3T363.pdf,Pdf/GKIGKIVD24PQYBUWILRPW2PXFZK3T363.pdf,Document,pdf,application/pdf,128959,125.94,0.12,,,,,,,,1.0,12895.0,,,,
194120866.cpp,code/194120866.cpp,Code,cpp,text/x-c++,467,0.46,0.0,,,,,,,,,,72.0,431.0,1.0,43.0
281.wav,audio/281.wav,Audio,wav,audio/wav,1751098,1710.06,1.67,,,2.48,,pcm_f64le,44100.0,2.0,,,,,,
Screenshot (493).png,images/Screenshot (493).png,Image,png,image/png,475768,464.62,0.45,1920.0,1080.0,,,,,,,,,,,
191385233.cpp,code/191385233.cpp,Code,cpp,text/x-c++,1885,1.84,0.0,,,,,,,,,,153.0,1809.0,13.0,76.0
HQIOPSJSKZG4AZ2NCERJBQQWVWNJ2CWH.pdf,Pdf/HQIOPSJSKZG4AZ2NCERJBQQWVWNJ2CWH.pdf,Document,pdf,application/pdf,242134,236.46,0.23,,,,,,,,2.0,24213.0,,,,
72153477.java,code/72153477.java,Code,java,text/x-java-source,1917,1.87,0.0,,,,,,,,,,156.0,1839.0,0.0,95.0
HB2IHQ5EY4MV6YIJNCKSZ5L2EA6BPV75.pdf,Pdf/HB2IHQ5EY4MV6YIJNCKSZ5L2EA6BPV75.pdf,Document,pdf,application/pdf,42999,41.99,0.04,,,,,,,,3.0,4299.0,,,,
Screenshot (687).png,images/Screenshot (687).png,Image,png,image/png,681362,665.39,0.65,1920.0,1080.0,,,,,,,,,,,
321.wav,audio/321.wav,Audio,wav,audio/wav,465452,454.54,0.44,,,2.64,,pcm_s16le,44100.0,2.0,,,,,,
184695146.py,code/184695146.py,Code,py,text/x-python,802,0.78,0.0,,,,,,,,,,102.0,751.0,4.0,72.0
E3XL5U27WEMN6KDITFQEPNYN3FFPZRHE.pdf,Pdf/E3XL5U27WEMN6KDITFQEPNYN3FFPZRHE.pdf,Document,pdf,application/pdf,74761,73.01,0.07,,,,,,,,1.0,7476.0,,,,
video_039.mp4,Video/video_039.mp4,Video,mp4,video/mp4,20168702,19696.0,19.23,1920.0,1036.0,29.99,23.98,,,,,,,,,
167589774.cpp,code/1517/B/167589774.cpp,Code,cpp,text/x-c++,4349,4.25,0.0,,,,,,,,,,279.0,4210.0,40.0,175.0
XXZGBTO7DJBJ476EV6TWS6YH62WUYQU2.pdf,Pdf/XXZGBTO7DJBJ476EV6TWS6YH62WUYQU2.pdf,Document,pdf,application/pdf,49602,48.44,0.05,,,,,,,,3.0,4960.0,,,,
151243952.cpp,code/1428/G1/151243952.cpp,Code,cpp,text/x-c++,3196,3.12,0.0,,,,,,,,,,244.0,3074.0,27.0,147.0
193991590.cpp,code/193991590.cpp,Code,cpp,text/x-c++,1413,1.38,0.0,,,,,,,,,,81.0,1373.0,3.0,40.0
105.wav,audio/105.wav,Audio,wav,audio/wav,502316,490.54,0.48,,,2.85,,pcm_s16le,44100.0,2.0,,,,,,
167567125.py,code/1438/C/167567125.py,Code,py,text/x-python,566,0.55,0.0,,,,,,,,,,41.0,546.0,4.0,24.0
ADKCW3EY3SXNVTZUASDS7GAKEJ4GIQBI.pdf,Pdf/ADKCW3EY3SXNVTZUASDS7GAKEJ4GIQBI.pdf,Document,pdf,application/pdf,411473,401.83,0.39,,,,,,,,1.0,41147.0,,,,
157948726.py,code/1494/C/157948726.py,Code,py,text/x-python,1138,1.11,0.0,,,,,,,,,,98.0,1089.0,0.0,51.0
3ZVA64MJREBJXFOQOIXK6WJVPBWFJF7L.docx,Docx/Docx/3ZVA64MJREBJXFOQOIXK6WJVPBWFJF7L.docx,Document,docx,application/vnd.openxmlformats-officedocument.wordprocessingml.document,39870,38.94,0.04,,,,,,,,,39870.0,,,,
O4OJHSZUX6K2VVH4VJPOFC7CMUOO5UX5.pdf,Pdf/O4OJHSZUX6K2VVH4VJPOFC7CMUOO5UX5.pdf,Document,pdf,application/pdf,315153,307.77,0.3,,,,,,,,4.0,31515.0,,,,
121755890.py,code/1535/E/121755890.py,Code,py,text/x-python,3285,3.21,0.0,,,,,,,,,,236.0,3167.0,4.0,138.0
SFF6OU2N7INH3UGAKC4QLCTJU2VZK7WM.doc,Doc/Doc/SFF6OU2N7INH3UGAKC4QLCTJU2VZK7WM.doc,Document,doc,application/msword,243955,238.24,0.23,,,,,,,,,243955.0,,,,
170774506.java,code/170774506.java,Code,java,text/x-java-source,766,0.75,0.0,,,,,,,,,,67.0,733.0,0.0,39.0
154462912.py,code/1554/C/154462912.py,Code,py,text/x-python,624,0.61,0.0,,,,,,,,,,57.0,596.0,4.0,31.0
166192098.cpp,code/1492/C/166192098.cpp,Code,cpp,text/x-c++,904,0.88,0.0,,,,,,,,,,67.0,737.0,11.0,33.0
44CC3S6FHPO5OFLW26RYVMNN3CLMBFU5.doc,Doc/Doc/44CC3S6FHPO5OFLW26RYVMNN3CLMBFU5.doc,Document,doc,application/msword,39837,38.9,0.04,,,,,,,,,39837.0,,,,
153280243.cpp,code/1435/D/153280243.cpp,Code,cpp,text/x-c++,1256,1.23,0.0,,,,,,,,,,49.0,1208.0,13.0,4.0
AZ7NEETDHP5PGNW2OI4D5AUJBQMF3OYE.docx,Docx/Docx/AZ7NEETDHP5PGNW2OI4D5AUJBQMF3OYE.docx,Document,docx,application/vnd.openxmlformats-officedocument.wordprocessingml.document,43337,42.32,0.04,,,,,,,,,43337.0,,,,
193218421.cpp,code/193218421.cpp,Code,cpp,text/x-c++,5016,4.9,0.0,,,,,,,,,,265.0,4884.0,46.0,159.0
video_024.mp4,Video/video_024.mp4,Video,mp4,video/mp4,25392133,24797.0,24.22,1920.0,1036.0,30.03,23.98,,,,,,,,,
28.wav,audio/28.wav,Audio,wav,audio/wav,405548,396.04,0.39,,,2.3,,pcm_s16le,44100.0,2.0,,,,,,
Screenshot (529).png,images/Screenshot (529).png,Image,png,image/png,331772,324.0,0.32,1920.0,1080.0,,,,,,,,,,,
160722920.cpp,code/1447/E/160722920.cpp,Code,cpp,text/x-c++,3135,3.06,0.0,,,,,,,,,,245.0,3013.0,33.0,134.0
167115343.py,code/1409/C/167115343.py,Code,py,text/x-python,1028,1.0,0.0,,,,,,,,,,97.0,980.0,0.0,68.0
166653176.cpp,code/1494/C/166653176.cpp,Code,cpp,text/x-c++,2228,2.18,0.0,,,,,,,,,,178.0,2139.0,3.0,97.0
163174708.py,code/1487/C/163174708.py,Code,py,text/x-python,648,0.63,0.0,,,,,,,,,,26.0,623.0,0.0,5.0
WZRQHWEXEG24SJPSEOEVB6FMPU6DA4VU.docx,Docx/Docx/WZRQHWEXEG24SJPSEOEVB6FMPU6DA4VU.docx,Document,docx,application/vnd.openxmlformats-officedocument.wordprocessingml.document,43079,42.07,0.04,,,,,,,,,43079.0,,,,
Screenshot (595).png,images/Screenshot (595).png,Image,png,image/png,108791,106.24,0.1,1920.0,1080.0,,,,,,,,,,,
170091790.py,code/170091790.py,Code,py,text/x-python,829,0.81,0.0,,,,,,,,,,44.0,785.0,0.0,5.0
64.wav,audio/64.wav,Audio,wav,audio/wav,470060,459.04,0.45,,,2.66,,pcm_s16le,44100.0,2.0,,,,,,
171702536.java,code/171702536.java,Code,java,text/x-java-source,4027,3.93,0.0,,,,,,,,,,332.0,3861.0,0.0,193.0
68.wav,audio/68.wav,Audio,wav,audio/wav,1972282,1926.06,1.88,,,2.8,,pcm_f64le,44100.0,2.0,,,,,,
189635989.cpp,code/189635989.cpp,Code,cpp,text/x-c++,2195,2.14,0.0,,,,,,,,,,167.0,2112.0,18.0,87.0
166669010.cpp,code/1401/C/166669010.cpp,Code,cpp,text/x-c++,2061,2.01,0.0,,,,,,,,,,125.0,1999.0,32.0,66.0
47.wav,audio/47.wav,Audio,wav,audio/wav,1990714,1944.06,1.9,,,2.82,,pcm_f64le,44100.0,2.0,,,,,,
203.wav,audio/203.wav,Audio,wav,audio/wav,2414650,2358.06,2.3,,,3.42,,pcm_f64le,44100.0,2.0,,,,,,
286.wav,audio/286.wav,Audio,wav,audio/wav,299564,292.54,0.29,,,1.7,,pcm_s16le,44100.0,2.0,,,,,,
RCW53FS3M3LSRJVG4JZ5PGQ6OGNMMZRP.pdf,Pdf/RCW53FS3M3LSRJVG4JZ5PGQ6OGNMMZRP.pdf,Document,pdf,application/pdf,211675,206.71,0.2,,,,,,,,1.0,21167.0,,,,
167118979.cpp,code/1400/D/167118979.cpp,Code,cpp,text/x-c++,3347,3.27,0.0,,,,,,,,,,177.0,3259.0,34.0,90.0
video_011.mp4,Video/video_011.mp4,Video,mp4,video/mp4,29017272,28337.18,27.67,1920.0,1036.0,29.99,23.98,,,,,,,,,
AZ7NEETDHP5PGNW2OI4D5AUJBQMF3OYE.pdf,Pdf/AZ7NEETDHP5PGNW2OI4D5AUJBQMF3OYE.pdf,Document,pdf,application/pdf,25924,25.32,0.02,,,,,,,,3.0,2592.0,,,,
147685601.py,code/1541/C/147685601.py,Code,py,text/x-python,1161,1.13,0.0,,,,,,,,,,87.0,1118.0,9.0,59.0
Screenshot (703).png,images/Screenshot (703).png,Image,png,image/png,2107735,2058.33,2.01,1920.0,1080.0,,,,,,,,,,,
video_006.mp4,Video/video_006.mp4,Video,mp4,video/mp4,22368473,21844.21,21.33,1920.0,1036.0,29.99,23.98,,,,,,,,,
270.wav,audio/270.wav,Audio,wav,audio/wav,479276,468.04,0.46,,,2.72,,pcm_s16le,44100.0,2.0,,,,,,
189548551.py,code/189548551.py,Code,py,text/x-python,139,0.14,0.0,,,,,,,,,,11.0,134.0,0.0,5.0
SPSFGPN6ASQKEKHHC33ELAD2CBFEPKXM.pdf,Pdf/SPSFGPN6ASQKEKHHC33ELAD2CBFEPKXM.pdf,Document,pdf,application/pdf,241042,235.39,0.23,,,,,,,,2.0,24104.0,,,,
HHG5MLUR5GQ5MO622QRT7XNQRXCML7YP.docx,Docx/Docx/HHG5MLUR5GQ5MO622QRT7XNQRXCML7YP.docx,Document,docx,application/vnd.openxmlformats-officedocument.wordprocessingml.document,38871,37.96,0.04,,,,,,,,,38871.0,,,,
124828116.java,code/1440/C1/124828116.java,Code,java,text/x-java-source,12197,11.91,0.01,,,,,,,,,,849.0,11773.0,44.0,466.0
Screenshot (499).png,images/Screenshot (499).png,Image,png,image/png,208227,203.35,0.2,1920.0,1080.0,,,,,,,,,,,
173142938.cpp,code/173142938.cpp,Code,cpp,text/x-c++,3443,3.36,0.0,,,,,,,,,,221.0,3333.0,15.0,110.0
Screenshot (496).png,images/Screenshot (496).png,Image,png,image/png,204006,199.22,0.19,1920.0,1080.0,,,,,,,,,,,
166160548.cpp,code/1550/A/166160548.cpp,Code,cpp,text/x-c++,594,0.58,0.0,,,,,,,,,,55.0,567.0,8.0,27.0
ZDFWMKCHQYHS6FUNM6VG6IBZUGFGRP2Z.doc,Doc/Doc/ZDFWMKCHQYHS6FUNM6VG6IBZUGFGRP2Z.doc,Document,doc,application/msword,41460,40.49,0.04,,,,,,,,,41460.0,,,,
E7O4MCIJGJKJSZ2G3ID2HPJMHKKQESON.docx,Docx/Docx/E7O4MCIJGJKJSZ2G3ID2HPJMHKKQESON.docx,Document,docx,application/vnd.openxmlformats-officedocument.wordprocessingml.document,1158638,1131.48,1.1,,,,,,,,,1158638.0,,,,
1.wav,audio/1.wav,Audio,wav,audio/wav,437804,427.54,0.42,,,2.48,,pcm_s16le,44100.0,2.0,,,,,,
49833f5cf0647c2295e3b3bf11a68ec47a813414.docx,Docx/Docx/49833f5cf0647c2295e3b3bf11a68ec47a813414.docx,Document,docx,application/vnd.openxmlformats-officedocument.wordprocessingml.document,516887,504.77,0.49,,,,,,,,,516887.0,,,,
video_001.mp4,Video/video_001.mp4,Video,mp4,video/mp4,2101655,2052.4,2.0,1920.0,1036.0,30.11,23.98,,,,,,,,,
SZYITDQYKPK6FN4ZP4NZB5QTKLZFT326.pdf,Pdf/SZYITDQYKPK6FN4ZP4NZB5QTKLZFT326.pdf,Document,pdf,application/pdf,3988184,3894.71,3.8,,,,,,,,1.0,50000.0,,,,
166063070.cpp,code/1484/B/166063070.cpp,Code,cpp,text/x-c++,2174,2.12,0.0,,,,,,,,,,167.0,2091.0,13.0,84.0
Screenshot (465).png,images/Screenshot (465).png,Image,png,image/png,138341,135.1,0.13,1920.0,1080.0,,,,,,,,,,,
193545857.py,code/193545857.py,Code,py,text/x-python,906,0.88,0.0,,,,,,,,,,78.0,867.0,0.0,45.0
174.wav,audio/174.wav,Audio,wav,audio/wav,479276,468.04,0.46,,,2.72,,pcm_s16le,44100.0,2.0,,,,,,
5SMHFLT35YOIS6UTY6OKBZYRZSTDMG2Q.pdf,Pdf/5SMHFLT35YOIS6UTY6OKBZYRZSTDMG2Q.pdf,Document,pdf,application/pdf,346438,338.32,0.33,,,,,,,,1.0,34643.0,,,,
131478338.py,code/131478338.py,Code,py,text/x-python,12629,12.33,0.01,,,,,,,,,,133.0,12563.0,0.0,67.0
167533428.py,code/1506/D/167533428.py,Code,py,text/x-python,194,0.19,0.0,,,,,,,,,,15.0,187.0,0.0,10.0
video_051.mp4,Video/video_051.mp4,Video,mp4,video/mp4,14429916,14091.71,13.76,1920.0,1036.0,29.99,23.98,,,,,,,,,
316.wav,audio/316.wav,Audio,wav,audio/wav,387116,378.04,0.37,,,2.19,,pcm_s16le,44100.0,2.0,,,,,,
Screenshot (440).png,images/Screenshot (440).png,Image,png,image/png,126547,123.58,0.12,1920.0,1080.0,,,,,,,,,,,
256.wav,audio/256.wav,Audio,wav,audio/wav,400940,391.54,0.38,,,2.27,,pcm_s16le,44100.0,2.0,,,,,,
video_077.mp4,Video/video_077.mp4,Video,mp4,video/mp4,20021510,19552.26,19.09,1920.0,1036.0,29.99,23.98,,,,,,,,,
Screenshot (594).png,images/Screenshot (594).png,Image,png,image/png,1951461,1905.72,1.86,1920.0,1080.0,,,,,,,,,,,
WSJDEJGLVPP7VL4KJA43GNTHS7CVD5TP.pdf,Pdf/WSJDEJGLVPP7VL4KJA43GNTHS7CVD5TP.pdf,Document,pdf,application/pdf,386009,376.96,0.37,,,,,,,,2.0,38600.0,,,,
FDSCSRQTOQOGCBTQJU35NWLJ7OVYQW7C.pdf,Pdf/FDSCSRQTOQOGCBTQJU35NWLJ7OVYQW7C.pdf,Document,pdf,application/pdf,3040,2.97,0.0,,,,,,,,3.0,304.0,,,,
217.wav,audio/217.wav,Audio,wav,audio/wav,682028,666.04,0.65,,,3.87,,pcm_s16le,44100.0,2.0,,,,,,
160239354.py,code/1461/B/160239354.py,Code,py,text/x-python,1113,1.09,0.0,,,,,,,,,,43.0,1071.0,0.0,6.0
328.wav,audio/328.wav,Audio,wav,audio/wav,511532,499.54,0.49,,,2.9,,pcm_s16le,44100.0,2.0,,,,,,
YEMPNY7TF626LFEX6EAVGN22YCCW27OI.pdf,Pdf/YEMPNY7TF626LFEX6EAVGN22YCCW27OI.pdf,Document,pdf,application/pdf,3717,3.63,0.0,,,,,,,,2.0,371.0,,,,
121542025.py,code/1509/D/121542025.py,Code,py,text/x-python,1091,1.07,0.0,,,,,,,,,,42.0,1050.0,2.0,2.0
O7N4FHZJHLMQ5QI2XPMYC2MSSNJ6DCNT.pdf,Pdf/O7N4FHZJHLMQ5QI2XPMYC2MSSNJ6DCNT.pdf,Document,pdf,application/pdf,248533,242.71,0.24,,,,,,,,1.0,24853.0,,,,
M24UMO5XAGV75HSW66Z2E3N6772MB2SW.docx,Docx/Docx/M24UMO5XAGV75HSW66Z2E3N6772MB2SW.docx,Document,docx,application/vnd.openxmlformats-officedocument.wordprocessingml.document,40111,39.17,0.04,,,,,,,,,40111.0,,,,
12851f0053449570257ff3dfe552621a8dd63d53.doc,Doc/Doc/12851f0053449570257ff3dfe552621a8dd63d53.doc,Document,doc,application/msword,173597,169.53,0.17,,,,,,,,,173597.0,,,,
191.wav,audio/191.wav,Audio,wav,audio/wav,1456186,1422.06,1.39,,,2.06,,pcm_f64le,44100.0,2.0,,,,,,
Q2ZW5DLO3XURCC6GCJMZY6LZZQUDI4ON.pdf,Pdf/Q2ZW5DLO3XURCC6GCJMZY6LZZQUDI4ON.pdf,Document,pdf,application/pdf,124892,121.96,0.12,,,,,,,,1.0,12489.0,,,,
266.wav,audio/266.wav,Audio,wav,audio/wav,1769530,1728.06,1.69,,,2.51,,pcm_f64le,44100.0,2.0,,,,,,
fsi-2017.doc,Doc/Doc/fsi-2017.doc,Document,doc,application/msword,50190,49.01,0.05,,,,,,,,,50190.0,,,,
194192181.cpp,code/194192181.cpp,Code,cpp,text/x-c++,1527,1.49,0.0,,,,,,,,,,63.0,1465.0,20.0,10.0
rdc_mouvement_de_population_retournee_septembre_2023.doc,Doc/Doc/rdc_mouvement_de_population_retournee_septembre_2023.doc,Document,doc,application/msword,861292,841.11,0.82,,,,,,,,,861292.0,,,,
165904297.py,code/1454/D/165904297.py,Code,py,text/x-python,612,0.6,0.0,,,,,,,,,,49.0,588.0,0.0,24.0
117225293.py,code/117225293.py,Code,py,text/x-python,9109,8.9,0.01,,,,,,,,,,555.0,8832.0,22.0,319.0
Screenshot (491).png,images/Screenshot (491).png,Image,png,image/png,1487209,1452.35,1.42,1920.0,1080.0,,,,,,,,,,,
153687397.java,code/1486/C1/153687397.java,Code,java,text/x-java-source,1837,1.79,0.0,,,,,,,,,,222.0,1726.0,0.0,134.0
T7NO5D5YLX4V5I7FBDQDAIXPBCLNAO7X.pdf,Pdf/T7NO5D5YLX4V5I7FBDQDAIXPBCLNAO7X.pdf,Document,pdf,application/pdf,243343,237.64,0.23,,,,,,,,2.0,24334.0,,,,
5F7F36M3NZCHDTIFIVI5JQRBDYNY6KJL.docx,Docx/Docx/5F7F36M3NZCHDTIFIVI5JQRBDYNY6KJL.docx,Document,docx,application/vnd.openxmlformats-officedocument.wordprocessingml.document,37705,36.82,0.04,,,,,,,,,37705.0,,,,
Screenshot (487).png,images/Screenshot (487).png,Image,png,image/png,853101,833.11,0.81,1920.0,1080.0,,,,,,,,,,,
165769702.cpp,code/1438/C/165769702.cpp,Code,cpp,text/x-c++,2006,1.96,0.0,,,,,,,,,,151.0,1931.0,17.0,80.0
WLBI5UV3QEOKUAGIT73FRZZFM6NRCROL.doc,Doc/Doc/WLBI5UV3QEOKUAGIT73FRZZFM6NRCROL.doc,Document,doc,application/msword,37088,36.22,0.04,,,,,,,,,37088.0,,,,
OGSA4IWZYF53JIBKQTNJ66QCBGV7EKR7.docx,Docx/Docx/OGSA4IWZYF53JIBKQTNJ66QCBGV7EKR7.docx,Document,docx,application/vnd.openxmlformats-officedocument.wordprocessingml.document,289061,282.29,0.28,,,,,,,,,289061.0,,,,
305.wav,audio/305.wav,Audio,wav,audio/wav,1603642,1566.06,1.53,,,2.27,,pcm_f64le,44100.0,2.0,,,,,,
139.wav,audio/139.wav,Audio,wav,audio/wav,497708,486.04,0.47,,,2.82,,pcm_s16le,44100.0,2.0,,,,,,
Screenshot (520).png,images/Screenshot (520).png,Image,png,image/png,142612,139.27,0.14,1920.0,1080.0,,,,,,,,,,,
343.wav,audio/343.wav,Audio,wav,audio/wav,483884,472.54,0.46,,,2.74,,pcm_s16le,44100.0,2.0,,,,,,
video_069.mp4,Video/video_069.mp4,Video,mp4,video/mp4,21691776,21183.38,20.69,1920.0,1036.0,30.03,23.98,,,,,,,,,
160267391.java,code/160267391.java,Code,java,text/x-java-source,712,0.7,0.0,,,,,,,,,,64.0,680.0,0.0,33.0
116217092.java,code/1521/C/116217092.java,Code,java,text/x-java-source,5847,5.71,0.01,,,,,,,,,,205.0,5640.0,21.0,15.0
310.wav,audio/310.wav,Audio,wav,audio/wav,299564,292.54,0.29,,,1.7,,pcm_s16le,44100.0,2.0,,,,,,
308.wav,audio/308.wav,Audio,wav,audio/wav,1677370,1638.06,1.6,,,2.38,,pcm_f64le,44100.0,2.0,,,,,,
6RWOLVNDX4CTI4PAGDGMWC3FFBTVW3TK.pdf,Pdf/6RWOLVNDX4CTI4PAGDGMWC3FFBTVW3TK.pdf,Document,pdf,application/pdf,138401,135.16,0.13,,,,,,,,3.0,13840.0,,,,
317.wav,audio/317.wav,Audio,wav,audio/wav,1548346,1512.06,1.48,,,2.19,,pcm_f64le,44100.0,2.0,,,,,,
Screenshot (522).png,images/Screenshot (522).png,Image,png,image/png,150752,147.22,0.14,1920.0,1080.0,,,,,,,,,,,
174328722.java,code/174328722.java,Code,java,text/x-java-source,6194,6.05,0.01,,,,,,,,,,433.0,5978.0,1.0,232.0
165310271.py,code/1418/A/165310271.py,Code,py,text/x-python,230,0.22,0.0,,,,,,,,,,11.0,225.0,0.0,6.0
video_019.mp4,Video/video_019.mp4,Video,mp4,video/mp4,26083457,25472.13,24.88,1920.0,1036.0,29.99,23.98,,,,,,,,,
Screenshot (483).png,images/Screenshot (483).png,Image,png,image/png,580791,567.18,0.55,1920.0,1080.0,,,,,,,,,,,
197.wav,audio/197.wav,Audio,wav,audio/wav,1806394,1764.06,1.72,,,2.56,,pcm_f64le,44100.0,2.0,,,,,,
167577093.cpp,code/1520/A/167577093.cpp,Code,cpp,text/x-c++,553,0.54,0.0,,,,,,,,,,50.0,528.0,2.0,29.0
Screenshot (735).png,images/Screenshot (735).png,Image,png,image/png,951649,929.34,0.91,1920.0,1080.0,,,,,,,,,,,
JPJ5MCDTMBPXA7YEZNO5KXTSWXWYNDW5.pdf,Pdf/JPJ5MCDTMBPXA7YEZNO5KXTSWXWYNDW5.pdf,Document,pdf,application/pdf,243739,238.03,0.23,,,,,,,,3.0,24373.0,,,,
7ID44TA4ZPWEYUNNLNWPGUFJWDYENEDY.pdf,Pdf/7ID44TA4ZPWEYUNNLNWPGUFJWDYENEDY.pdf,Document,pdf,application/pdf,6418390,6267.96,6.12,,,,,,,,1.0,50000.0,,,,
U4KYMMKKOPMN5E4H4J3X3L3KQ5HUY7GF.pdf,Pdf/U4KYMMKKOPMN5E4H4J3X3L3KQ5HUY7GF.pdf,Document,pdf,application/pdf,31431,30.69,0.03,,,,,,,,1.0,3143.0,,,,
76.wav,audio/76.wav,Audio,wav,audio/wav,529964,517.54,0.51,,,3.0,,pcm_s16le,44100.0,2.0,,,,,,
HE2GQLBH2WBUUJKRBNZCYY5QZWTVCY35.pdf,Pdf/HE2GQLBH2WBUUJKRBNZCYY5QZWTVCY35.pdf,Document,pdf,application/pdf,54759,53.48,0.05,,,,,,,,1.0,5475.0,,,,
49.wav,audio/49.wav,Audio,wav,audio/wav,483884,472.54,0.46,,,2.74,,pcm_s16le,44100.0,2.0,,,,,,
302.wav,audio/302.wav,Audio,wav,audio/wav,1658938,1620.06,1.58,,,2.35,,pcm_f64le,44100.0,2.0,,,,,,
269.wav,audio/269.wav,Audio,wav,audio/wav,1916986,1872.06,1.83,,,2.72,,pcm_f64le,44100.0,2.0,,,,,,
165049715.py,code/1527/C/165049715.py,Code,py,text/x-python,922,0.9,0.0,,,,,,,,,,101.0,872.0,2.0,63.0
6.wav,audio/6.wav,Audio,wav,audio/wav,442412,432.04,0.42,,,2.51,,pcm_s16le,44100.0,2.0,,,,,,
194181766.cpp,code/194181766.cpp,Code,cpp,text/x-c++,3258,3.18,0.0,,,,,,,,,,282.0,3117.0,25.0,159.0
video_041.mp4,Video/video_041.mp4,Video,mp4,video/mp4,17303375,16897.83,16.5,1920.0,1036.0,29.99,23.98,,,,,,,,,
332.wav,audio/332.wav,Audio,wav,audio/wav,1640506,1602.06,1.56,,,2.32,,pcm_f64le,44100.0,2.0,,,,,,
156.wav,audio/156.wav,Audio,wav,audio/wav,626732,612.04,0.6,,,3.55,,pcm_s16le,44100.0,2.0,,,,,,
DR2YP7NU7CR3XVU26T53RUKCUZ35HV5B.pdf,Pdf/DR2YP7NU7CR3XVU26T53RUKCUZ35HV5B.pdf,Document,pdf,application/pdf,36348,35.5,0.03,,,,,,,,1.0,3634.0,,,,
237.wav,audio/237.wav,Audio,wav,audio/wav,456236,445.54,0.44,,,2.59,,pcm_s16le,44100.0,2.0,,,,,,
153.wav,audio/153.wav,Audio,wav,audio/wav,437804,427.54,0.42,,,2.48,,pcm_s16le,44100.0,2.0,,,,,,
Screenshot (716).png,images/Screenshot (716).png,Image,png,image/png,253513,247.57,0.24,1920.0,1080.0,,,,,,,,,,,
video_091.mp4,Video/video_091.mp4,Video,mp4,video/mp4,14493970,14154.27,13.82,1920.0,1036.0,29.99,23.98,,,,,,,,,
166297489.cpp,code/1452/A/166297489.cpp,Code,cpp,text/x-c++,309,0.3,0.0,,,,,,,,,,41.0,289.0,1.0,27.0
167493958.cpp,code/1487/B/167493958.cpp,Code,cpp,text/x-c++,444,0.43,0.0,,,,,,,,,,46.0,421.0,4.0,26.0
Screenshot (474).png,images/Screenshot (474).png,Image,png,image/png,131016,127.95,0.12,1920.0,1080.0,,,,,,,,,,,
Screenshot (458).png,images/Screenshot (458).png,Image,png,image/png,280830,274.25,0.27,1920.0,1080.0,,,,,,,,,,,
ZOSGUBBCKERLX4O7ASNWV3DLHDYOVOZ2.pdf,Pdf/ZOSGUBBCKERLX4O7ASNWV3DLHDYOVOZ2.pdf,Document,pdf,application/pdf,2666250,2603.76,2.54,,,,,,,,1.0,50000.0,,,,
video_054.mp4,Video/video_054.mp4,Video,mp4,video/mp4,17935668,17515.3,17.1,1920.0,1036.0,29.99,23.98,,,,,,,,,
127.wav,audio/127.wav,Audio,wav,audio/wav,529964,517.54,0.51,,,3.0,,pcm_s16le,44100.0,2.0,,,,,,
189176988.cpp,code/189176988.cpp,Code,cpp,text/x-c++,3748,3.66,0.0,,,,,,,,,,285.0,3606.0,23.0,155.0
142688831.py,code/1472/E/142688831.py,Code,py,text/x-python,2370,2.31,0.0,,,,,,,,,,168.0,2286.0,3.0,84.0
190.wav,audio/190.wav,Audio,wav,audio/wav,364076,355.54,0.35,,,2.06,,pcm_s16le,44100.0,2.0,,,,,,
Z4BERFZH7TEKHVOZBCOGG7TB2KKXGT6P.pdf,Pdf/Z4BERFZH7TEKHVOZBCOGG7TB2KKXGT6P.pdf,Document,pdf,application/pdf,302699,295.6,0.29,,,,,,,,11.0,30269.0,,,,
83562086.java,code/83562086.java,Code,java,text/x-java-source,3481,3.4,0.0,,,,,,,,,,221.0,3371.0,1.0,111.0
5M56W5BE4HY6J3WK2TN3HZJ6N3ZMYTJ4.docx,Docx/Docx/5M56W5BE4HY6J3WK2TN3HZJ6N3ZMYTJ4.docx,Document,docx,application/vnd.openxmlformats-officedocument.wordprocessingml.document,2077302,2028.62,1.98,,,,,,,,,2077302.0,,,,
Screenshot (497).png,images/Screenshot (497).png,Image,png,image/png,1025547,1001.51,0.98,1920.0,1080.0,,,,,,,,,,,
VYK5MZE2ESWMGNXTHQZ56OQ46BR3JJUG.pdf,Pdf/VYK5MZE2ESWMGNXTHQZ56OQ46BR3JJUG.pdf,Document,pdf,application/pdf,2470,2.41,0.0,,,,,,,,2.0,247.0,,,,
163690432.py,code/1537/C/163690432.py,Code,py,text/x-python,454,0.44,0.0,,,,,,,,,,48.0,430.0,0.0,33.0
DTUUL6SJCKWTMKUHW4EBFNTNIZCMIM2H.docx,Docx/Docx/DTUUL6SJCKWTMKUHW4EBFNTNIZCMIM2H.docx,Document,docx,application/vnd.openxmlformats-officedocument.wordprocessingml.document,55918,54.61,0.05,,,,,,,,,55918.0,,,,
HLGUA2TVCFAMJQDFC5IC43JBVUOFXDWB.pdf,Pdf/HLGUA2TVCFAMJQDFC5IC43JBVUOFXDWB.pdf,Document,pdf,application/pdf,5136,5.02,0.0,,,,,,,,3.0,513.0,,,,
FPX7XMI7AP2GAD23QJNSAKAGCRPSZKTD.pdf,Pdf/FPX7XMI7AP2GAD23QJNSAKAGCRPSZKTD.pdf,Document,pdf,application/pdf,30701,29.98,0.03,,,,,,,,1.0,3070.0,,,,
164612018.java,code/1511/D/164612018.java,Code,java,text/x-java-source,9090,8.88,0.01,,,,,,,,,,748.0,8716.0,2.0,414.0
Screenshot (444).png,images/Screenshot (444).png,Image,png,image/png,183607,179.3,0.18,1920.0,1080.0,,,,,,,,,,,
5F7F36M3NZCHDTIFIVI5JQRBDYNY6KJL.doc,Doc/Doc/5F7F36M3NZCHDTIFIVI5JQRBDYNY6KJL.doc,Document,doc,application/msword,37705,36.82,0.04,,,,,,,,,37705.0,,,,
2.wav,audio/2.wav,Audio,wav,audio/wav,1751098,1710.06,1.67,,,2.48,,pcm_f64le,44100.0,2.0,,,,,,
video_021.mp4,Video/video_021.mp4,Video,mp4,video/mp4,19903967,19437.47,18.98,1920.0,1036.0,30.03,23.98,,,,,,,,,
73.wav,audio/73.wav,Audio,wav,audio/wav,387116,378.04,0.37,,,2.19,,pcm_s16le,44100.0,2.0,,,,,,
YE5PQJ6NUYA6UOWHADZIVVMCINU4AYZF.docx,Docx/Docx/YE5PQJ6NUYA6UOWHADZIVVMCINU4AYZF.docx,Document,docx,application/vnd.openxmlformats-officedocument.wordprocessingml.document,978259,955.33,0.93,,,,,,,,,978259.0,,,,
fsi-2008.docx,Docx/Docx/fsi-2008.docx,Document,docx,application/vnd.openxmlformats-officedocument.wordprocessingml.document,43442,42.42,0.04,,,,,,,,,43442.0,,,,
37RZ6AARR76UDY2JH4LRVGQBIPYUQ2A2.pdf,Pdf/37RZ6AARR76UDY2JH4LRVGQBIPYUQ2A2.pdf,Document,pdf,application/pdf,18074,17.65,0.02,,,,,,,,1.0,1807.0,,,,
32.wav,audio/32.wav,Audio,wav,audio/wav,1990714,1944.06,1.9,,,2.82,,pcm_f64le,44100.0,2.0,,,,,,
118.wav,audio/118.wav,Audio,wav,audio/wav,543788,531.04,0.52,,,3.08,,pcm_s16le,44100.0,2.0,,,,,,
192856240.cpp,code/192856240.cpp,Code,cpp,text/x-c++,1302,1.27,0.0,,,,,,,,,,107.0,1231.0,3.0,61.0
167672289.py,code/1537/B/167672289.py,Code,py,text/x-python,595,0.58,0.0,,,,,,,,,,48.0,571.0,0.0,26.0
XMW6SGXOJREQ4QRTL4QUIV76ZB4733MN.doc,Doc/Doc/XMW6SGXOJREQ4QRTL4QUIV76ZB4733MN.doc,Document,doc,application/msword,66957,65.39,0.06,,,,,,,,,66957.0,,,,
167380046.py,code/1542/A/167380046.py,Code,py,text/x-python,130,0.13,0.0,,,,,,,,,,5.0,128.0,0.0,2.0
YPJGTPONABVA34PNQIGXTGYHOH4IIROZ.pdf,Pdf/YPJGTPONABVA34PNQIGXTGYHOH4IIROZ.pdf,Document,pdf,application/pdf,50846,49.65,0.05,,,,,,,,16.0,5084.0,,,,
0a29925ccc5e6299e132a73325956a3abef6dd26.pdf,Pdf/0a29925ccc5e6299e132a73325956a3abef6dd26.pdf,Document,pdf,application/pdf,57173,55.83,0.05,,,,,,,,3.0,5717.0,,,,
181.wav,audio/181.wav,Audio,wav,audio/wav,387116,378.04,0.37,,,2.19,,pcm_s16le,44100.0,2.0,,,,,,
147131588.java,code/1407/C/147131588.java,Code,java,text/x-java-source,4012,3.92,0.0,,,,,,,,,,266.0,3879.0,5.0,149.0
AZ7NEETDHP5PGNW2OI4D5AUJBQMF3OYE.doc,Doc/Doc/AZ7NEETDHP5PGNW2OI4D5AUJBQMF3OYE.doc,Document,doc,application/msword,43337,42.32,0.04,,,,,,,,,43337.0,,,,
148493290.java,code/1476/C/148493290.java,Code,java,text/x-java-source,835,0.82,0.0,,,,,,,,,,74.0,798.0,0.0,41.0
YE54VY55FNS7H3IOPRHQYVOD2RJJW3DT.pdf,Pdf/YE54VY55FNS7H3IOPRHQYVOD2RJJW3DT.pdf,Document,pdf,application/pdf,50198,49.02,0.05,,,,,,,,1.0,5019.0,,,,
194121783.java,code/194121783.java,Code,java,text/x-java-source,17644,17.23,0.02,,,,,,,,,,1403.0,16609.0,98.0,873.0
190616124.py,code/190616124.py,Code,py,text/x-python,200,0.2,0.0,,,,,,,,,,17.0,192.0,0.0,8.0
CI7INUGNXV4CY2ETA4PM5IOKZNUM5A2T.doc,Doc/Doc/CI7INUGNXV4CY2ETA4PM5IOKZNUM5A2T.doc,Document,doc,application/msword,139934,136.65,0.13,,,,,,,,,139934.0,,,,
103441131.java,code/1470/D/103441131.java,Code,java,text/x-java-source,6246,6.1,0.01,,,,,,,,,,398.0,6047.0,4.0,224.0
DVKZAQ3CUXGDY2H4OVKPJHXM4IDHXP4M.pdf,Pdf/DVKZAQ3CUXGDY2H4OVKPJHXM4IDHXP4M.pdf,Document,pdf,application/pdf,4710024,4599.63,4.49,,,,,,,,1.0,50000.0,,,,
6C4F5OS4HOEBDQEKSVUX42XOMOJG3BNW.docx,Docx/Docx/6C4F5OS4HOEBDQEKSVUX42XOMOJG3BNW.docx,Document,docx,application/vnd.openxmlformats-officedocument.wordprocessingml.document,258403,252.35,0.25,,,,,,,,,258403.0,,,,
189366081.cpp,code/189366081.cpp,Code,cpp,text/x-c++,3149,3.08,0.0,,,,,,,,,,297.0,3001.0,8.0,171.0
150.wav,audio/150.wav,Audio,wav,audio/wav,419372,409.54,0.4,,,2.38,,pcm_s16le,44100.0,2.0,,,,,,
HLYRITP6GLJWLRBBPIM73IDSX2GSAQSI.pdf,Pdf/HLYRITP6GLJWLRBBPIM73IDSX2GSAQSI.pdf,Document,pdf,application/pdf,25315,24.72,0.02,,,,,,,,12.0,2531.0,,,,
194267022.java,code/194267022.java,Code,java,text/x-java-source,439,0.43,0.0,,,,,,,,,,19.0,421.0,0.0,1.0
8694bf4331c54425ae63b467f3d60213a56ff016.pdf,Pdf/8694bf4331c54425ae63b467f3d60213a56ff016.pdf,Document,pdf,application/pdf,422419,412.52,0.4,,,,,,,,1.0,42241.0,,,,
160750125.py,code/1528/A/160750125.py,Code,py,text/x-python,1330,1.3,0.0,,,,,,,,,,93.0,1284.0,0.0,48.0
134389091.cpp,code/1496/E/134389091.cpp,Code,cpp,text/x-c++,2586,2.53,0.0,,,,,,,,,,207.0,2483.0,15.0,105.0
video_084.mp4,Video/video_084.mp4,Video,mp4,video/mp4,15089664,14736.0,14.39,1920.0,1036.0,29.99,23.98,,,,,,,,,
HQ3EDBUQ55MJVAAWB3KE7VYWLHAOXKRI.pdf,Pdf/HQ3EDBUQ55MJVAAWB3KE7VYWLHAOXKRI.pdf,Document,pdf,application/pdf,20012,19.54,0.02,,,,,,,,1.0,2001.0,,,,
340.wav,audio/340.wav,Audio,wav,audio/wav,419372,409.54,0.4,,,2.38,,pcm_s16le,44100.0,2.0,,,,,,
video_026.mp4,Video/video_026.mp4,Video,mp4,video/mp4,19950804,19483.21,19.03,1920.0,1036.0,30.03,23.98,,,,,,,,,
Screenshot (446).png,images/Screenshot (446).png,Image,png,image/png,77586,75.77,0.07,1920.0,1080.0,,,,,,,,,,,
C5BRNMXYO6ZXRPUZUNHID4EBW4TAKQYI.pdf,Pdf/C5BRNMXYO6ZXRPUZUNHID4EBW4TAKQYI.pdf,Document,pdf,application/pdf,168173,164.23,0.16,,,,,,,,8.0,16817.0,,,,
KUGCYDY3UTSLQLPAXLXFZWBNBXAGPN2U.pdf,Pdf/KUGCYDY3UTSLQLPAXLXFZWBNBXAGPN2U.pdf,Document,pdf,application/pdf,33673,32.88,0.03,,,,,,,,11.0,3367.0,,,,
170008848.py,code/170008848.py,Code,py,text/x-python,2516,2.46,0.0,,,,,,,,,,79.0,2438.0,16.0,22.0
H3YJPSWC5CGCS3UTEG67HNN7OKMXDA3I.pdf,Pdf/H3YJPSWC5CGCS3UTEG67HNN7OKMXDA3I.pdf,Document,pdf,application/pdf,3472,3.39,0.0,,,,,,,,3.0,347.0,,,,
KOIY3K7K4LNEPAQQ2YXCAW2KS4TYUSBR.docx,Docx/Docx/KOIY3K7K4LNEPAQQ2YXCAW2KS4TYUSBR.docx,Document,docx,application/vnd.openxmlformats-officedocument.wordprocessingml.document,117645,114.89,0.11,,,,,,,,,117645.0,,,,
SUR4MPI7WKZHIFC6ZGVOWBXD6JWE76BV.pdf,Pdf/SUR4MPI7WKZHIFC6ZGVOWBXD6JWE76BV.pdf,Document,pdf,application/pdf,88346,86.28,0.08,,,,,,,,1.0,8834.0,,,,
3PILGMQ4BBDRSLAPZCPVAHBNX53K2NUJ.pdf,Pdf/3PILGMQ4BBDRSLAPZCPVAHBNX53K2NUJ.pdf,Document,pdf,application/pdf,37877,36.99,0.04,,,,,,,,3.0,3787.0,,,,
244.wav,audio/244.wav,Audio,wav,audio/wav,410156,400.54,0.39,,,2.32,,pcm_s16le,44100.0,2.0,,,,,,
MPKQ6XRS277ZF7HM3DLVBQZUYBG35GWC.docx,Docx/Docx/MPKQ6XRS277ZF7HM3DLVBQZUYBG35GWC.docx,Document,docx,application/vnd.openxmlformats-officedocument.wordprocessingml.document,44707,43.66,0.04,,,,,,,,,44707.0,,,,
192413663.py,code/192413663.py,Code,py,text/x-python,305,0.3,0.0,,,,,,,,,,11.0,294.0,0.0,0.0
video_076.mp4,Video/video_076.mp4,Video,mp4,video/mp4,13323327,13011.06,12.71,1920.0,1036.0,29.99,23.98,,,,,,,,,
2RE7KOL5KV5FFCUG6CYUVEFF4KIUZN2V.pdf,Pdf/2RE7KOL5KV5FFCUG6CYUVEFF4KIUZN2V.pdf,Document,pdf,application/pdf,555800,542.77,0.53,,,,,,,,1.0,50000.0,,,,
163935449.py,code/1526/B/163935449.py,Code,py,text/x-python,337,0.33,0.0,,,,,,,,,,33.0,321.0,0.0,16.0
216.wav,audio/216.wav,Audio,wav,audio/wav,350252,342.04,0.33,,,1.99,,pcm_s16le,44100.0,2.0,,,,,,
VIM7QYT5BTQU2DZ5YSODAFBLJFMZUPUY.pdf,Pdf/VIM7QYT5BTQU2DZ5YSODAFBLJFMZUPUY.pdf,Document,pdf,application/pdf,4139,4.04,0.0,,,,,,,,1.0,413.0,,,,
106488395.java,code/1468/F/106488395.java,Code,java,text/x-java-source,3761,3.67,0.0,,,,,,,,,,317.0,3603.0,4.0,174.0
181214687.java,code/181214687.java,Code,java,text/x-java-source,7217,7.05,0.01,,,,,,,,,,680.0,6877.0,27.0,413.0
K7W2OAWSV6AHYASOUV4LTOEUEIFNTE6D.pdf,Pdf/K7W2OAWSV6AHYASOUV4LTOEUEIFNTE6D.pdf,Document,pdf,application/pdf,9550,9.33,0.01,,,,,,,,2.0,955.0,,,,
Screenshot (490).png,images/Screenshot (490).png,Image,png,image/png,275886,269.42,0.26,1920.0,1080.0,,,,,,,,,,,
109.wav,audio/109.wav,Audio,wav,audio/wav,456236,445.54,0.44,,,2.59,,pcm_s16le,44100.0,2.0,,,,,,
fsi-2009.docx,Docx/Docx/fsi-2009.docx,Document,docx,application/vnd.openxmlformats-officedocument.wordprocessingml.document,43400,42.38,0.04,,,,,,,,,43400.0,,,,
DY75VBIKWAL76NRMMVFOYFQ52DB77TEI.doc,Doc/Doc/DY75VBIKWAL76NRMMVFOYFQ52DB77TEI.doc,Document,doc,application/msword,42495,41.5,0.04,,,,,,,,,42495.0,,,,
DLCK2ZINQX5GZHWTO7CREF3XKDUSMXRQ.pdf,Pdf/DLCK2ZINQX5GZHWTO7CREF3XKDUSMXRQ.pdf,Document,pdf,application/pdf,21327,20.83,0.02,,,,,,,,2.0,2132.0,,,,
174866584.java,code/174866584.java,Code,java,text/x-java-source,1018,0.99,0.0,,,,,,,,,,97.0,970.0,2.0,51.0
187910165.cpp,code/187910165.cpp,Code,cpp,text/x-c++,3301,3.22,0.0,,,,,,,,,,217.0,3193.0,18.0,112.0
DJB3ZGUGJANSX3J2RPJJU6L4OPGKC2NK.pdf,Pdf/DJB3ZGUGJANSX3J2RPJJU6L4OPGKC2NK.pdf,Document,pdf,application/pdf,92557,90.39,0.09,,,,,,,,10.0,9255.0,,,,
W6DBVMTHBXFF4YFGTJVKRJAR2LFCJRI2.pdf,Pdf/W6DBVMTHBXFF4YFGTJVKRJAR2LFCJRI2.pdf,Document,pdf,application/pdf,390912,381.75,0.37,,,,,,,,1.0,39091.0,,,,
3.wav,audio/3.wav,Audio,wav,audio/wav,437804,427.54,0.42,,,2.48,,pcm_s16le,44100.0,2.0,,,,,,
video_002.mp4,Video/video_002.mp4,Video,mp4,video/mp4,13567066,13249.09,12.94,1920.0,1036.0,29.99,23.98,,,,,,,,,
166000328.cpp,code/166000328.cpp,Code,cpp,text/x-c++,556,0.54,0.0,,,,,,,,,,60.0,526.0,3.0,34.0
3ZVA64MJREBJXFOQOIXK6WJVPBWFJF7L.doc,Doc/Doc/3ZVA64MJREBJXFOQOIXK6WJVPBWFJF7L.doc,Document,doc,application/msword,39870,38.94,0.04,,,,,,,,,39870.0,,,,
UYH346BTJFOKSLYYXQBAVLVHBEJPYXZ5.doc,Doc/Doc/UYH346BTJFOKSLYYXQBAVLVHBEJPYXZ5.doc,Document,doc,application/msword,49892,48.72,0.05,,,,,,,,,49892.0,,,,
158411176.java,code/1486/C2/158411176.java,Code,java,text/x-java-source,3304,3.23,0.0,,,,,,,,,,269.0,3170.0,2.0,161.0
151077413.java,code/1526/A/151077413.java,Code,java,text/x-java-source,6918,6.76,0.01,,,,,,,,,,499.0,6669.0,1.0,282.0
Screenshot (519).png,images/Screenshot (519).png,Image,png,image/png,696190,679.87,0.66,1920.0,1080.0,,,,,,,,,,,
163420100.java,code/1526/C1/163420100.java,Code,java,text/x-java-source,4074,3.98,0.0,,,,,,,,,,333.0,3908.0,2.0,188.0
LV5NL6NL4B32T7LS4ZJDIPLYV2ACNZ5T.pdf,Pdf/LV5NL6NL4B32T7LS4ZJDIPLYV2ACNZ5T.pdf,Document,pdf,application/pdf,55128,53.84,0.05,,,,,,,,1.0,5512.0,,,,
149014189.py,code/149014189.py,Code,py,text/x-python,1427,1.39,0.0,,,,,,,,,,99.0,1378.0,0.0,50.0
KV5Z5OWVEYBYAPKWADO2QJVXEMZKZTJR.pdf,Pdf/KV5Z5OWVEYBYAPKWADO2QJVXEMZKZTJR.pdf,Document,pdf,application/pdf,369619,360.96,0.35,,,,,,,,49.0,36961.0,,,,
193620148.cpp,code/193620148.cpp,Code,cpp,text/x-c++,721,0.7,0.0,,,,,,,,,,82.0,680.0,5.0,49.0
Screenshot (525).png,images/Screenshot (525).png,Image,png,image/png,205004,200.2,0.2,1920.0,1080.0,,,,,,,,,,,
122.wav,audio/122.wav,Audio,wav,audio/wav,1787962,1746.06,1.71,,,2.53,,pcm_f64le,44100.0,2.0,,,,,,
3P5D3UKXU2R6I2TK4OJSLL6LGIQJ4NY5.docx,Docx/Docx/3P5D3UKXU2R6I2TK4OJSLL6LGIQJ4NY5.docx,Document,docx,application/vnd.openxmlformats-officedocument.wordprocessingml.document,62351,60.89,0.06,,,,,,,,,62351.0,,,,
164237633.cpp,code/1479/B2/164237633.cpp,Code,cpp,text/x-c++,904,0.88,0.0,,,,,,,,,,125.0,842.0,5.0,62.0
WZRQHWEXEG24SJPSEOEVB6FMPU6DA4VU.doc,Doc/Doc/WZRQHWEXEG24SJPSEOEVB6FMPU6DA4VU.doc,Document,doc,application/msword,43079,42.07,0.04,,,,,,,,,43079.0,,,,
TNPZFHBSZAOTQBRUYZ4HMVLBZQIDOKJU.docx,Docx/Docx/TNPZFHBSZAOTQBRUYZ4HMVLBZQIDOKJU.docx,Document,docx,application/vnd.openxmlformats-officedocument.wordprocessingml.document,796525,777.86,0.76,,,,,,,,,796525.0,,,,
Screenshot (463).png,images/Screenshot (463).png,Image,png,image/png,124872,121.95,0.12,1920.0,1080.0,,,,,,,,,,,
52.wav,audio/52.wav,Audio,wav,audio/wav,400940,391.54,0.38,,,2.27,,pcm_s16le,44100.0,2.0,,,,,,
video_018.mp4,Video/video_018.mp4,Video,mp4,video/mp4,31995779,31245.88,30.51,1920.0,1036.0,29.99,23.98,,,,,,,,,
167616201.py,code/1473/A/167616201.py,Code,py,text/x-python,458,0.45,0.0,,,,,,,,,,31.0,443.0,0.0,15.0
190404578.cpp,code/190404578.cpp,Code,cpp,text/x-c++,1912,1.87,0.0,,,,,,,,,,149.0,1838.0,2.0,74.0
138655802.java,code/1485/C/138655802.java,Code,java,text/x-java-source,4002,3.91,0.0,,,,,,,,,,352.0,3826.0,12.0,192.0
220.wav,audio/220.wav,Audio,wav,audio/wav,497708,486.04,0.47,,,2.82,,pcm_s16le,44100.0,2.0,,,,,,
126761992.py,code/1413/D/126761992.py,Code,py,text/x-python,1122,1.1,0.0,,,,,,,,,,84.0,1080.0,0.0,42.0
110851261.py,code/1497/E2/110851261.py,Code,py,text/x-python,974,0.95,0.0,,,,,,,,,,55.0,919.0,0.0,6.0
e3a7a91ebd77058c0e1db6d55fe445aabd182086.pdf,Pdf/e3a7a91ebd77058c0e1db6d55fe445aabd182086.pdf,Document,pdf,application/pdf,402120,392.7,0.38,,,,,,,,1.0,40212.0,,,,
163215894.py,code/1540/A/163215894.py,Code,py,text/x-python,6195,6.05,0.01,,,,,,,,,,491.0,5950.0,2.0,294.0
291.wav,audio/291.wav,Audio,wav,audio/wav,474668,463.54,0.45,,,2.69,,pcm_s16le,44100.0,2.0,,,,,,
153273798.py,code/1407/C/153273798.py,Code,py,text/x-python,3936,3.84,0.0,,,,,,,,,,289.0,3792.0,55.0,158.0
188224744.java,code/188224744.java,Code,java,text/x-java-source,401,0.39,0.0,,,,,,,,,,27.0,388.0,0.0,13.0
OGOIOJCYO3VA7JT3K5N3OVKM4PB2BF7K.pdf,Pdf/OGOIOJCYO3VA7JT3K5N3OVKM4PB2BF7K.pdf,Document,pdf,application/pdf,1109701,1083.69,1.06,,,,,,,,1.0,50000.0,,,,
Screenshot (728).png,images/Screenshot (728).png,Image,png,image/png,1622574,1584.54,1.55,1920.0,1080.0,,,,,,,,,,,
EB5EKLJTJ5IL53O7YP2A2VW7APCINGBK.pdf,Pdf/EB5EKLJTJ5IL53O7YP2A2VW7APCINGBK.pdf,Document,pdf,application/pdf,176104,171.98,0.17,,,,,,,,1.0,17610.0,,,,
160424612.cpp,code/1404/D/160424612.cpp,Code,cpp,text/x-c++,1373,1.34,0.0,,,,,,,,,,107.0,1320.0,1.0,53.0
Screenshot (478).png,images/Screenshot (478).png,Image,png,image/png,224403,219.14,0.21,1920.0,1080.0,,,,,,,,,,,
Screenshot (707).png,images/Screenshot (707).png,Image,png,image/png,1470419,1435.96,1.4,1920.0,1080.0,,,,,,,,,,,
PVG2YQXZ3BYEDVLQ3JGB5JXXYWWQ327E.pdf,Pdf/PVG2YQXZ3BYEDVLQ3JGB5JXXYWWQ327E.pdf,Document,pdf,application/pdf,12110,11.83,0.01,,,,,,,,2.0,1211.0,,,,
Screenshot (504).png,images/Screenshot (504).png,Image,png,image/png,204143,199.36,0.19,1920.0,1080.0,,,,,,,,,,,
5JWNPTKTIAPTHTEGVKW7WVNBDBKQMRJO.pdf,Pdf/5JWNPTKTIAPTHTEGVKW7WVNBDBKQMRJO.pdf,Document,pdf,application/pdf,272153,265.77,0.26,,,,,,,,1.0,27215.0,,,,
164796619.py,code/1480/A/164796619.py,Code,py,text/x-python,326,0.32,0.0,,,,,,,,,,21.0,316.0,0.0,11.0
151330914.java,code/1480/B/151330914.java,Code,java,text/x-java-source,6994,6.83,0.01,,,,,,,,,,464.0,6762.0,2.0,289.0
OL336OCHWPDVQZZYXKYBAGX2XGMXEWBY.pdf,Pdf/OL336OCHWPDVQZZYXKYBAGX2XGMXEWBY.pdf,Document,pdf,application/pdf,242498,236.81,0.23,,,,,,,,3.0,24249.0,,,,
246.wav,audio/246.wav,Audio,wav,audio/wav,410156,400.54,0.39,,,2.32,,pcm_s16le,44100.0,2.0,,,,,,
HSZJLPQSI6NJU2NBWZWZY2CHBUKDXG2M.pdf,Pdf/HSZJLPQSI6NJU2NBWZWZY2CHBUKDXG2M.pdf,Document,pdf,application/pdf,47710,46.59,0.05,,,,,,,,1.0,4771.0,,,,
194400231.cpp,code/194400231.cpp,Code,cpp,text/x-c++,4417,4.31,0.0,,,,,,,,,,415.0,4210.0,44.0,233.0
T6UERWTWNYUVPT45YBOFTBSDVEH7SR2E.pdf,Pdf/T6UERWTWNYUVPT45YBOFTBSDVEH7SR2E.pdf,Document,pdf,application/pdf,29551,28.86,0.03,,,,,,,,11.0,2955.0,,,,
250.wav,audio/250.wav,Audio,wav,audio/wav,396332,387.04,0.38,,,2.25,,pcm_s16le,44100.0,2.0,,,,,,
77e58eba9bdacf3037f2960aff98359105d3611a.pdf,Pdf/77e58eba9bdacf3037f2960aff98359105d3611a.pdf,Document,pdf,application/pdf,385087,376.06,0.37,,,,,,,,1.0,38508.0,,,,
5LSCLZ4YEU5LZUAPARZB6QKKYSPSLW26.pdf,Pdf/5LSCLZ4YEU5LZUAPARZB6QKKYSPSLW26.pdf,Document,pdf,application/pdf,240430,234.79,0.23,,,,,,,,2.0,24043.0,,,,
7bee00906c1ce0a45940a9381fe32dd0d79cfd93.docx,Docx/Docx/7bee00906c1ce0a45940a9381fe32dd0d79cfd93.docx,Document,docx,application/vnd.openxmlformats-officedocument.wordprocessingml.document,115165,112.47,0.11,,,,,,,,,115165.0,,,,
6C4F5OS4HOEBDQEKSVUX42XOMOJG3BNW.doc,Doc/Doc/6C4F5OS4HOEBDQEKSVUX42XOMOJG3BNW.doc,Document,doc,application/msword,258403,252.35,0.25,,,,,,,,,258403.0,,,,
74e685ae7e7ff7d88ce66cc6cb6ba62d54c2300a.pdf,Pdf/74e685ae7e7ff7d88ce66cc6cb6ba62d54c2300a.pdf,Document,pdf,application/pdf,827268,807.88,0.79,,,,,,,,1.0,50000.0,,,,
video_042.mp4,Video/video_042.mp4,Video,mp4,video/mp4,15661730,15294.66,14.94,1920.0,1036.0,29.99,23.98,,,,,,,,,
SFF6OU2N7INH3UGAKC4QLCTJU2VZK7WM.pdf,Pdf/SFF6OU2N7INH3UGAKC4QLCTJU2VZK7WM.pdf,Document,pdf,application/pdf,77351,75.54,0.07,,,,,,,,3.0,7735.0,,,,
XTYOD5JGKSMJAATU6RT4WK3LPOYBGYJY.pdf,Pdf/XTYOD5JGKSMJAATU6RT4WK3LPOYBGYJY.pdf,Document,pdf,application/pdf,136528,133.33,0.13,,,,,,,,7.0,13652.0,,,,
162.wav,audio/162.wav,Audio,wav,audio/wav,695852,679.54,0.66,,,3.94,,pcm_s16le,44100.0,2.0,,,,,,
112312279.py,code/1484/D/112312279.py,Code,py,text/x-python,999,0.98,0.0,,,,,,,,,,42.0,957.0,0.0,9.0
video_098.mp4,Video/video_098.mp4,Video,mp4,video/mp4,862,0.84,0.0,,,30.0,,,,,,,,,,
YFPURNDOL6TDJBBMD6FIMGPZ64OBYAQ6.pdf,Pdf/YFPURNDOL6TDJBBMD6FIMGPZ64OBYAQ6.pdf,Document,pdf,application/pdf,76885800,75083.79,73.32,,,,,,,,1.0,50000.0,,,,
MCE7YVRKTXPMRN7DYB25B22RCFFLLHOE.pdf,Pdf/MCE7YVRKTXPMRN7DYB25B22RCFFLLHOE.pdf,Document,pdf,application/pdf,38346,37.45,0.04,,,,,,,,1.0,3834.0,,,,
102.wav,audio/102.wav,Audio,wav,audio/wav,373292,364.54,0.36,,,2.12,,pcm_s16le,44100.0,2.0,,,,,,
161523342.py,code/1526/A/161523342.py,Code,py,text/x-python,264,0.26,0.0,,,,,,,,,,25.0,252.0,0.0,12.0
161372891.cpp,code/1450/C2/161372891.cpp,Code,cpp,text/x-c++,2703,2.64,0.0,,,,,,,,,,171.0,2592.0,2.0,85.0
4JVIYSW2MHWPE5BXGXLAXTNMHGHJFPUP.doc,Doc/Doc/4JVIYSW2MHWPE5BXGXLAXTNMHGHJFPUP.doc,Document,doc,application/msword,646731,631.57,0.62,,,,,,,,,646731.0,,,,
191070588.cpp,code/191070588.cpp,Code,cpp,text/x-c++,1267,1.24,0.0,,,,,,,,,,99.0,1218.0,9.0,59.0
160018592.py,code/1505/C/160018592.py,Code,py,text/x-python,2165,2.11,0.0,,,,,,,,,,129.0,2101.0,0.0,69.0
YCENQ63SSTK57JODMEMYLIL2VE73QSQH.docx,Docx/Docx/YCENQ63SSTK57JODMEMYLIL2VE73QSQH.docx,Document,docx,application/vnd.openxmlformats-officedocument.wordprocessingml.document,2827320,2761.05,2.7,,,,,,,,,2827320.0,,,,
167722407.cpp,code/1487/D/167722407.cpp,Code,cpp,text/x-c++,771,0.75,0.0,,,,,,,,,,75.0,734.0,10.0,38.0
163178872.py,code/1492/C/163178872.py,Code,py,text/x-python,662,0.65,0.0,,,,,,,,,,76.0,624.0,1.0,45.0
TMS7M2BLG2KPWG6X7X4M6HM6C6EOLKHA.pdf,Pdf/TMS7M2BLG2KPWG6X7X4M6HM6C6EOLKHA.pdf,Document,pdf,application/pdf,4590,4.48,0.0,,,,,,,,2.0,459.0,,,,
173640968.py,code/173640968.py,Code,py,text/x-python,1316,1.29,0.0,,,,,,,,,,106.0,1263.0,1.0,65.0
GOCYUTJWJZBXHIUSFYG3LVX5SG6HPEVV.doc,Doc/Doc/GOCYUTJWJZBXHIUSFYG3LVX5SG6HPEVV.doc,Document,doc,application/msword,3259639,3183.24,3.11,,,,,,,,,3259639.0,,,,
122783546.py,code/1544/A/122783546.py,Code,py,text/x-python,259,0.25,0.0,,,,,,,,,,29.0,245.0,0.0,18.0
LAL27T7CADLHBSTG3MN4LEQI5CT7CLHU.doc,Doc/Doc/LAL27T7CADLHBSTG3MN4LEQI5CT7CLHU.doc,Document,doc,application/msword,313831,306.48,0.3,,,,,,,,,313831.0,,,,
287.wav,audio/287.wav,Audio,wav,audio/wav,1198138,1170.06,1.14,,,1.7,,pcm_f64le,44100.0,2.0,,,,,,
Screenshot (722).png,images/Screenshot (722).png,Image,png,image/png,147985,144.52,0.14,1920.0,1080.0,,,,,,,,,,,
167.wav,audio/167.wav,Audio,wav,audio/wav,2285626,2232.06,2.18,,,3.24,,pcm_f64le,44100.0,2.0,,,,,,
193701319.cpp,code/193701319.cpp,Code,cpp,text/x-c++,1090,1.06,0.0,,,,,,,,,,90.0,1017.0,16.0,49.0
GOCYUTJWJZBXHIUSFYG3LVX5SG6HPEVV.pdf,Pdf/GOCYUTJWJZBXHIUSFYG3LVX5SG6HPEVV.pdf,Document,pdf,application/pdf,392902,383.69,0.37,,,,,,,,1.0,39290.0,,,,
TBSL3JP4OKORY5OXRTTF7MJE64PSQOO6.pdf,Pdf/TBSL3JP4OKORY5OXRTTF7MJE64PSQOO6.pdf,Document,pdf,application/pdf,242738,237.05,0.23,,,,,,,,3.0,24273.0,,,,
166500251.cpp,code/1503/A/166500251.cpp,Code,cpp,text/x-c++,3617,3.53,0.0,,,,,,,,,,349.0,3443.0,6.0,192.0
Screenshot (460).png,images/Screenshot (460).png,Image,png,image/png,242831,237.14,0.23,1920.0,1080.0,,,,,,,,,,,
video_078.mp4,Video/video_078.mp4,Video,mp4,video/mp4,15384480,15023.91,14.67,1920.0,1036.0,29.99,23.98,,,,,,,,,
6RZXET5EGN7QMGM5PROIXJI447YTCETZ.pdf,Pdf/6RZXET5EGN7QMGM5PROIXJI447YTCETZ.pdf,Document,pdf,application/pdf,69637,68.0,0.07,,,,,,,,2.0,6963.0,,,,
fsi-2016.docx,Docx/Docx/fsi-2016.docx,Document,docx,application/vnd.openxmlformats-officedocument.wordprocessingml.document,43576,42.55,0.04,,,,,,,,,43576.0,,,,
Screenshot (503).png,images/Screenshot (503).png,Image,png,image/png,182871,178.58,0.17,1920.0,1080.0,,,,,,,,,,,
OARISNKXLKQMHUOI5CJP52OYQJ2AARZR.doc,Doc/Doc/OARISNKXLKQMHUOI5CJP52OYQJ2AARZR.doc,Document,doc,application/msword,62529,61.06,0.06,,,,,,,,,62529.0,,,,
12.wav,audio/12.wav,Audio,wav,audio/wav,520748,508.54,0.5,,,2.95,,pcm_s16le,44100.0,2.0,,,,,,
D2QRZ66KOQHV23ZCW3XLS27YON4ATGCT.pdf,Pdf/D2QRZ66KOQHV23ZCW3XLS27YON4ATGCT.pdf,Document,pdf,application/pdf,213438,208.44,0.2,,,,,,,,1.0,21343.0,,,,
149.wav,audio/149.wav,Audio,wav,audio/wav,1677370,1638.06,1.6,,,2.38,,pcm_f64le,44100.0,2.0,,,,,,
video_009.mp4,Video/video_009.mp4,Video,mp4,video/mp4,3413346,3333.35,3.26,1920.0,1036.0,30.41,23.98,,,,,,,,,
SWXZRJNZF6T5KP5U5WKDXL45TU34G632.pdf,Pdf/SWXZRJNZF6T5KP5U5WKDXL45TU34G632.pdf,Document,pdf,application/pdf,318505,311.04,0.3,,,,,,,,4.0,31850.0,,,,
94753382.py,code/1422/E/94753382.py,Code,py,text/x-python,2434,2.38,0.0,,,,,,,,,,79.0,2355.0,2.0,11.0
HCHQUVOOEBJYJX23WCEMGGC2WVXF2F3G.docx,Docx/Docx/HCHQUVOOEBJYJX23WCEMGGC2WVXF2F3G.docx,Document,docx,application/vnd.openxmlformats-officedocument.wordprocessingml.document,101688,99.3,0.1,,,,,,,,,101688.0,,,,
video_027.mp4,Video/video_027.mp4,Video,mp4,video/mp4,24055420,23491.62,22.94,1920.0,1036.0,30.03,23.98,,,,,,,,,
Screenshot (601).png,images/Screenshot (601).png,Image,png,image/png,271129,264.77,0.26,1920.0,1080.0,,,,,,,,,,,
KMUKXIW52KNJ3JJJ2LO5QOW2G6FTJ45W.pdf,Pdf/KMUKXIW52KNJ3JJJ2LO5QOW2G6FTJ45W.pdf,Document,pdf,application/pdf,115121,112.42,0.11,,,,,,,,1.0,11512.0,,,,
167729185.cpp,code/1469/A/167729185.cpp,Code,cpp,text/x-c++,892,0.87,0.0,,,,,,,,,,66.0,859.0,4.0,39.0
91.wav,audio/91.wav,Audio,wav,audio/wav,396332,387.04,0.38,,,2.25,,pcm_s16le,44100.0,2.0,,,,,,
166455747.py,code/1487/A/166455747.py,Code,py,text/x-python,2359,2.3,0.0,,,,,,,,,,129.0,2295.0,4.0,68.0
O5D34KMZVR5GAJPGEGG4LGZ547SRHJJC.pdf,Pdf/O5D34KMZVR5GAJPGEGG4LGZ547SRHJJC.pdf,Document,pdf,application/pdf,23301,22.75,0.02,,,,,,,,1.0,2330.0,,,,
Screenshot (480).png,images/Screenshot (480).png,Image,png,image/png,137416,134.2,0.13,1920.0,1080.0,,,,,,,,,,,
292.wav,audio/292.wav,Audio,wav,audio/wav,433196,423.04,0.41,,,2.46,,pcm_s16le,44100.0,2.0,,,,,,
video_068.mp4,Video/video_068.mp4,Video,mp4,video/mp4,20713822,20228.34,19.75,1920.0,1036.0,30.03,23.98,,,,,,,,,
WCILDJ3BDTTDKHJ3HGRQD2SF45E55AXN.pdf,Pdf/WCILDJ3BDTTDKHJ3HGRQD2SF45E55AXN.pdf,Document,pdf,application/pdf,1048243,1023.67,1.0,,,,,,,,1.0,50000.0,,,,
4J72NV3NRCPTITE2IIE2CG2NMBSSLM67.pdf,Pdf/4J72NV3NRCPTITE2IIE2CG2NMBSSLM67.pdf,Document,pdf,application/pdf,156420,152.75,0.15,,,,,,,,1.0,15642.0,,,,
D3UTL7WXYMB5VHKSTM53DZCP5NDOK2J5.pdf,Pdf/D3UTL7WXYMB5VHKSTM53DZCP5NDOK2J5.pdf,Document,pdf,application/pdf,57766,56.41,0.06,,,,,,,,3.0,5776.0,,,,
Screenshot (717).png,images/Screenshot (717).png,Image,png,image/png,250208,244.34,0.24,1920.0,1080.0,,,,,,,,,,,
166449997.java,code/1519/D/166449997.java,Code,java,text/x-java-source,1805,1.76,0.0,,,,,,,,,,100.0,1755.0,0.0,52.0
117.wav,audio/117.wav,Audio,wav,audio/wav,479276,468.04,0.46,,,2.72,,pcm_s16le,44100.0,2.0,,,,,,
261.wav,audio/261.wav,Audio,wav,audio/wav,382508,373.54,0.36,,,2.17,,pcm_s16le,44100.0,2.0,,,,,,
video_034.mp4,Video/video_034.mp4,Video,mp4,video/mp4,14692894,14348.53,14.01,1920.0,1036.0,30.03,23.98,,,,,,,,,
video_087.mp4,Video/video_087.mp4,Video,mp4,video/mp4,14379226,14042.21,13.71,1920.0,1036.0,29.99,23.98,,,,,,,,,
190178378.cpp,code/190178378.cpp,Code,cpp,text/x-c++,2171,2.12,0.0,,,,,,,,,,184.0,2079.0,8.0,99.0
339.wav,audio/339.wav,Audio,wav,audio/wav,308780,301.54,0.29,,,1.75,,pcm_s16le,44100.0,2.0,,,,,,
161604085.py,code/1506/E/161604085.py,Code,py,text/x-python,1142,1.12,0.0,,,,,,,,,,133.0,1076.0,8.0,72.0
video_100.mp4,Video/video_100.mp4,Video,mp4,video/mp4,862,0.84,0.0,,,29.98,,,,,,,,,,
166222047.cpp,code/166222047.cpp,Code,cpp,text/x-c++,1958,1.91,0.0,,,,,,,,,,216.0,1850.0,21.0,126.0
137401359.java,code/1468/C/137401359.java,Code,java,text/x-java-source,2641,2.58,0.0,,,,,,,,,,252.0,2515.0,2.0,149.0
2UD7BSKC7GT3V7I6DK5NH5TFKJ6F3EXL.pdf,Pdf/2UD7BSKC7GT3V7I6DK5NH5TFKJ6F3EXL.pdf,Document,pdf,application/pdf,179189,174.99,0.17,,,,,,,,1.0,17918.0,,,,
327.wav,audio/327.wav,Audio,wav,audio/wav,571436,558.04,0.54,,,3.24,,pcm_s16le,44100.0,2.0,,,,,,
fsi-2021.doc,Doc/Doc/fsi-2021.doc,Document,doc,application/msword,43840,42.81,0.04,,,,,,,,,43840.0,,,,
Screenshot (488).png,images/Screenshot (488).png,Image,png,image/png,803309,784.48,0.77,1920.0,1080.0,,,,,,,,,,,
194191156.cpp,code/194191156.cpp,Code,cpp,text/x-c++,424,0.41,0.0,,,,,,,,,,57.0,396.0,3.0,34.0
164686515.py,code/1486/C1/164686515.py,Code,py,text/x-python,1391,1.36,0.0,,,,,,,,,,127.0,1328.0,2.0,77.0
172468964.py,code/172468964.py,Code,py,text/x-python,956,0.93,0.0,,,,,,,,,,82.0,915.0,0.0,52.0
Screenshot (521).png,images/Screenshot (521).png,Image,png,image/png,150962,147.42,0.14,1920.0,1080.0,,,,,,,,,,,
167339707.cpp,code/1538/C/167339707.cpp,Code,cpp,text/x-c++,2230,2.18,0.0,,,,,,,,,,89.0,2141.0,26.0,11.0
Screenshot (466).png,images/Screenshot (466).png,Image,png,image/png,674427,658.62,0.64,1920.0,1080.0,,,,,,,,,,,
297.wav,audio/297.wav,Audio,wav,audio/wav,423980,414.04,0.4,,,2.4,,pcm_s16le,44100.0,2.0,,,,,,
116.wav,audio/116.wav,Audio,wav,audio/wav,1916986,1872.06,1.83,,,2.72,,pcm_f64le,44100.0,2.0,,,,,,
160694668.cpp,code/1536/D/160694668.cpp,Code,cpp,text/x-c++,773,0.75,0.0,,,,,,,,,,119.0,714.0,2.0,79.0
Screenshot (694).png,images/Screenshot (694).png,Image,png,image/png,116618,113.88,0.11,1920.0,1080.0,,,,,,,,,,,
7IYBO6EFOFMF4ETCCIZYJEGPTBQY3EE5.pdf,Pdf/7IYBO6EFOFMF4ETCCIZYJEGPTBQY3EE5.pdf,Document,pdf,application/pdf,36944,36.08,0.04,,,,,,,,1.0,3694.0,,,,
165699709.py,code/1476/B/165699709.py,Code,py,text/x-python,1242,1.21,0.0,,,,,,,,,,81.0,1202.0,5.0,42.0
193711022.py,code/193711022.py,Code,py,text/x-python,14078,13.75,0.01,,,,,,,,,,867.0,13645.0,26.0,497.0
166804017.py,code/1525/A/166804017.py,Code,py,text/x-python,93,0.09,0.0,,,,,,,,,,5.0,91.0,0.0,2.0
video_066.mp4,Video/video_066.mp4,Video,mp4,video/mp4,16070583,15693.93,15.33,1920.0,1036.0,30.03,23.98,,,,,,,,,
166056929.cpp,code/1501/D/166056929.cpp,Code,cpp,text/x-c++,2227,2.17,0.0,,,,,,,,,,183.0,2078.0,14.0,99.0
DTUUL6SJCKWTMKUHW4EBFNTNIZCMIM2H.doc,Doc/Doc/DTUUL6SJCKWTMKUHW4EBFNTNIZCMIM2H.doc,Document,doc,application/msword,55918,54.61,0.05,,,,,,,,,55918.0,,,,
PHK242FKQAITIVOOF6EBPHOM52QEYIKJ.pdf,Pdf/PHK242FKQAITIVOOF6EBPHOM52QEYIKJ.pdf,Document,pdf,application/pdf,9418,9.2,0.01,,,,,,,,1.0,941.0,,,,
63.wav,audio/63.wav,Audio,wav,audio/wav,543788,531.04,0.52,,,3.08,,pcm_s16le,44100.0,2.0,,,,,,
133.wav,audio/133.wav,Audio,wav,audio/wav,456236,445.54,0.44,,,2.59,,pcm_s16le,44100.0,2.0,,,,,,
VGYROI7GPRFUEH3N7Q6KKH6AVQRI2NYK.docx,Docx/Docx/VGYROI7GPRFUEH3N7Q6KKH6AVQRI2NYK.docx,Document,docx,application/vnd.openxmlformats-officedocument.wordprocessingml.document,44554,43.51,0.04,,,,,,,,,44554.0,,,,
190077660.cpp,code/190077660.cpp,Code,cpp,text/x-c++,1548,1.51,0.0,,,,,,,,,,121.0,1488.0,4.0,61.0
69.wav,audio/69.wav,Audio,wav,audio/wav,493100,481.54,0.47,,,2.8,,pcm_s16le,44100.0,2.0,,,,,,
151.wav,audio/151.wav,Audio,wav,audio/wav,437804,427.54,0.42,,,2.48,,pcm_s16le,44100.0,2.0,,,,,,
JOANY6YW3IYN75OYEU7X3JEXQQAJPEUP.pdf,Pdf/JOANY6YW3IYN75OYEU7X3JEXQQAJPEUP.pdf,Document,pdf,application/pdf,45559,44.49,0.04,,,,,,,,3.0,4555.0,,,,
193007410.py,code/193007410.py,Code,py,text/x-python,3230,3.15,0.0,,,,,,,,,,221.0,3120.0,6.0,125.0
Screenshot (459).png,images/Screenshot (459).png,Image,png,image/png,173161,169.1,0.17,1920.0,1080.0,,,,,,,,,,,
169328666.java,code/169328666.java,Code,java,text/x-java-source,6308,6.16,0.01,,,,,,,,,,461.0,6074.0,8.0,240.0
188629943.py,code/188629943.py,Code,py,text/x-python,98,0.1,0.0,,,,,,,,,,5.0,96.0,0.0,2.0
DEAHZFTA4CQDFDYMRX2NPJCKEHYPIK2Z.pdf,Pdf/DEAHZFTA4CQDFDYMRX2NPJCKEHYPIK2Z.pdf,Document,pdf,application/pdf,36777668,35915.69,35.07,,,,,,,,1.0,50000.0,,,,
117273508.java,code/1528/D/117273508.java,Code,java,text/x-java-source,2834,2.77,0.0,,,,,,,,,,111.0,2723.0,6.0,12.0
5WZLEVFSNHYXSOEJSBBALIZP2REQ5BWL.pdf,Pdf/5WZLEVFSNHYXSOEJSBBALIZP2REQ5BWL.pdf,Document,pdf,application/pdf,80966,79.07,0.08,,,,,,,,3.0,8096.0,,,,
154188397.py,code/1451/B/154188397.py,Code,py,text/x-python,301,0.29,0.0,,,,,,,,,,25.0,289.0,0.0,12.0
166722054.py,code/1541/B/166722054.py,Code,py,text/x-python,805,0.79,0.0,,,,,,,,,,53.0,779.0,17.0,26.0
161517405.cpp,code/1409/F/161517405.cpp,Code,cpp,text/x-c++,2193,2.14,0.0,,,,,,,,,,132.0,2127.0,14.0,67.0
166001692.cpp,code/166001692.cpp,Code,cpp,text/x-c++,1224,1.2,0.0,,,,,,,,,,99.0,1175.0,10.0,49.0
POX3CR2EUHMC7IPGDNEHNTQOAV2ZQLHR.pdf,Pdf/POX3CR2EUHMC7IPGDNEHNTQOAV2ZQLHR.pdf,Document,pdf,application/pdf,18496,18.06,0.02,,,,,,,,1.0,1849.0,,,,
30.wav,audio/30.wav,Audio,wav,audio/wav,405548,396.04,0.39,,,2.3,,pcm_s16le,44100.0,2.0,,,,,,
video_063.mp4,Video/video_063.mp4,Video,mp4,video/mp4,18446431,18014.09,17.59,1920.0,1036.0,30.03,23.98,,,,,,,,,
160479315.java,code/160479315.java,Code,java,text/x-java-source,3564,3.48,0.0,,,,,,,,,,270.0,3429.0,3.0,165.0
SE6VNMZC7SS4KLSVUOXM3QR4FK2WJHWZ.pdf,Pdf/SE6VNMZC7SS4KLSVUOXM3QR4FK2WJHWZ.pdf,Document,pdf,application/pdf,102007,99.62,0.1,,,,,,,,16.0,10200.0,,,,
190717471.cpp,code/190717471.cpp,Code,cpp,text/x-c++,2774,2.71,0.0,,,,,,,,,,272.0,2638.0,2.0,152.0
YIP65EJXPWIYWFTBYZWYMPFEVV43FAV3.pdf,Pdf/YIP65EJXPWIYWFTBYZWYMPFEVV43FAV3.pdf,Document,pdf,application/pdf,7526,7.35,0.01,,,,,,,,1.0,752.0,,,,
video_020.mp4,Video/video_020.mp4,Video,mp4,video/mp4,26517000,25895.51,25.29,1920.0,1036.0,30.03,23.98,,,,,,,,,
29.wav,audio/29.wav,Audio,wav,audio/wav,1622074,1584.06,1.55,,,2.3,,pcm_f64le,44100.0,2.0,,,,,,
94779273.py,code/1424/B/94779273.py,Code,py,text/x-python,359,0.35,0.0,,,,,,,,,,45.0,337.0,0.0,29.0
Screenshot (501).png,images/Screenshot (501).png,Image,png,image/png,206238,201.4,0.2,1920.0,1080.0,,,,,,,,,,,
167144642.java,code/1520/B/167144642.java,Code,java,text/x-java-source,1558,1.52,0.0,,,,,,,,,,137.0,1490.0,0.0,81.0
153550312.cpp,code/1476/E/153550312.cpp,Code,cpp,text/x-c++,2713,2.65,0.0,,,,,,,,,,265.0,2581.0,18.0,140.0
232.wav,audio/232.wav,Audio,wav,audio/wav,663596,648.04,0.63,,,3.76,,pcm_s16le,44100.0,2.0,,,,,,
Screenshot (734).png,images/Screenshot (734).png,Image,png,image/png,752485,734.85,0.72,1920.0,1080.0,,,,,,,,,,,
139933791.java,code/1486/E/139933791.java,Code,java,text/x-java-source,12082,11.8,0.01,,,,,,,,,,595.0,11487.0,34.0,126.0
160780860.java,code/1497/C2/160780860.java,Code,java,text/x-java-source,7929,7.74,0.01,,,,,,,,,,679.0,7590.0,17.0,393.0
17.wav,audio/17.wav,Audio,wav,audio/wav,1953850,1908.06,1.86,,,2.77,,pcm_f64le,44100.0,2.0,,,,,,
289.wav,audio/289.wav,Audio,wav,audio/wav,474668,463.54,0.45,,,2.69,,pcm_s16le,44100.0,2.0,,,,,,
FXDCZKVBXPOBKON5ZHKWU6WCDH5BEDYV.docx,Docx/Docx/FXDCZKVBXPOBKON5ZHKWU6WCDH5BEDYV.docx,Document,docx,application/vnd.openxmlformats-officedocument.wordprocessingml.document,38104,37.21,0.04,,,,,,,,,38104.0,,,,
167743248.cpp,code/1462/C/167743248.cpp,Code,cpp,text/x-c++,2580,2.52,0.0,,,,,,,,,,211.0,2475.0,64.0,113.0
39.wav,audio/39.wav,Audio,wav,audio/wav,658988,643.54,0.63,,,3.74,,pcm_s16le,44100.0,2.0,,,,,,
161943224.cpp,code/1457/B/161943224.cpp,Code,cpp,text/x-c++,947,0.92,0.0,,,,,,,,,,82.0,906.0,3.0,43.0
154194553.java,code/1512/G/154194553.java,Code,java,text/x-java-source,7124,6.96,0.01,,,,,,,,,,553.0,6848.0,47.0,324.0
106.wav,audio/106.wav,Audio,wav,audio/wav,497708,486.04,0.47,,,2.82,,pcm_s16le,44100.0,2.0,,,,,,
162326244.java,code/162326244.java,Code,java,text/x-java-source,4499,4.39,0.0,,,,,,,,,,348.0,4325.0,3.0,211.0
167340391.cpp,code/1519/A/167340391.cpp,Code,cpp,text/x-c++,276,0.27,0.0,,,,,,,,,,30.0,261.0,2.0,15.0
190311428.cpp,code/190311428.cpp,Code,cpp,text/x-c++,754,0.74,0.0,,,,,,,,,,81.0,714.0,11.0,42.0
Screenshot (442).png,images/Screenshot (442).png,Image,png,image/png,119946,117.13,0.11,1920.0,1080.0,,,,,,,,,,,
2FDPTMT2NZDE6RIJSZZXGBMD7LYL7YHV.doc,Doc/Doc/2FDPTMT2NZDE6RIJSZZXGBMD7LYL7YHV.doc,Document,doc,application/msword,17055206,16655.47,16.27,,,,,,,,,17055206.0,,,,
video_003.mp4,Video/video_003.mp4,Video,mp4,video/mp4,30798824,30076.98,29.37,1920.0,1036.0,29.99,23.98,,,,,,,,,
156420497.java,code/1509/A/156420497.java,Code,java,text/x-java-source,2343,2.29,0.0,,,,,,,,,,185.0,2251.0,0.0,110.0
YPNQXE4XMRDK6YTLK3B44PDTF4TYHBNY.pdf,Pdf/YPNQXE4XMRDK6YTLK3B44PDTF4TYHBNY.pdf,Document,pdf,application/pdf,207736,202.87,0.2,,,,,,,,1.0,20773.0,,,,
165805656.py,code/1455/C/165805656.py,Code,py,text/x-python,184,0.18,0.0,,,,,,,,,,23.0,173.0,0.0,16.0
4ANUUHOJ7LTWU4PYON2VXJMPPUGDYWPD.pdf,Pdf/4ANUUHOJ7LTWU4PYON2VXJMPPUGDYWPD.pdf,Document,pdf,application/pdf,40656,39.7,0.04,,,,,,,,1.0,4065.0,,,,
Z42OE7PSGVKK54B3J2LWZ4THMYJIJHGJ.doc,Doc/Doc/Z42OE7PSGVKK54B3J2LWZ4THMYJIJHGJ.doc,Document,doc,application/msword,41797,40.82,0.04,,,,,,,,,41797.0,,,,
167361528.py,code/1520/A/167361528.py,Code,py,text/x-python,672,0.66,0.0,,,,,,,,,,59.0,643.0,0.0,29.0
4JIOYSGO26FIUJU47G4MCVYSZUGX7EAE.doc,Doc/Doc/4JIOYSGO26FIUJU47G4MCVYSZUGX7EAE.doc,Document,doc,application/msword,38913,38.0,0.04,,,,,,,,,38913.0,,,,
288.wav,audio/288.wav,Audio,wav,audio/wav,299564,292.54,0.29,,,1.7,,pcm_s16le,44100.0,2.0,,,,,,
Screenshot (462).png,images/Screenshot (462).png,Image,png,image/png,130727,127.66,0.12,1920.0,1080.0,,,,,,,,,,,
62385983da48ed17e440fb89bcf0e436630b8d6f.pdf,Pdf/62385983da48ed17e440fb89bcf0e436630b8d6f.pdf,Document,pdf,application/pdf,2083451,2034.62,1.99,,,,,,,,1.0,50000.0,,,,
167623929.cpp,code/1512/D/167623929.cpp,Code,cpp,text/x-c++,1150,1.12,0.0,,,,,,,,,,99.0,1101.0,2.0,52.0
167181928.cpp,code/1455/B/167181928.cpp,Code,cpp,text/x-c++,628,0.61,0.0,,,,,,,,,,84.0,586.0,1.0,51.0
Screenshot (698).png,images/Screenshot (698).png,Image,png,image/png,2566224,2506.08,2.45,1920.0,1080.0,,,,,,,,,,,
video_035.mp4,Video/video_035.mp4,Video,mp4,video/mp4,21814730,21303.45,20.8,1920.0,1036.0,30.03,23.98,,,,,,,,,
Screenshot (479).png,images/Screenshot (479).png,Image,png,image/png,695915,679.6,0.66,1920.0,1080.0,,,,,,,,,,,
107888293.java,code/1485/F/107888293.java,Code,java,text/x-java-source,1967,1.92,0.0,,,,,,,,,,124.0,1905.0,2.0,71.0
100406405.java,code/1453/E/100406405.java,Code,java,text/x-java-source,11113,10.85,0.01,,,,,,,,,,395.0,10916.0,12.0,211.0
283.wav,audio/283.wav,Audio,wav,audio/wav,350252,342.04,0.33,,,1.99,,pcm_s16le,44100.0,2.0,,,,,,
fsi-2022-download.docx,Docx/Docx/fsi-2022-download.docx,Document,docx,application/vnd.openxmlformats-officedocument.wordprocessingml.document,57724,56.37,0.06,,,,,,,,,57724.0,,,,
video_061.mp4,Video/video_061.mp4,Video,mp4,video/mp4,19564413,19105.87,18.66,1920.0,1036.0,30.03,23.98,,,,,,,,,
124501558.py,code/1422/C/124501558.py,Code,py,text/x-python,441,0.43,0.0,,,,,,,,,,45.0,419.0,0.0,22.0
7MHCNBM2ZR4PD2BSWVFLG77BRN3HS3AD.pdf,Pdf/7MHCNBM2ZR4PD2BSWVFLG77BRN3HS3AD.pdf,Document,pdf,application/pdf,241463,235.8,0.23,,,,,,,,2.0,24146.0,,,,
Screenshot (453).png,images/Screenshot (453).png,Image,png,image/png,248769,242.94,0.24,1920.0,1080.0,,,,,,,,,,,
333.wav,audio/333.wav,Audio,wav,audio/wav,410156,400.54,0.39,,,2.32,,pcm_s16le,44100.0,2.0,,,,,,
167628082.cpp,code/1462/A/167628082.cpp,Code,cpp,text/x-c++,744,0.73,0.0,,,,,,,,,,57.0,716.0,4.0,28.0
162352485.py,code/162352485.py,Code,py,text/x-python,1620,1.58,0.0,,,,,,,,,,85.0,1578.0,1.0,46.0
32PQ6TLRU26TDGA4NLYBMYEHYGX3X7US.pdf,Pdf/32PQ6TLRU26TDGA4NLYBMYEHYGX3X7US.pdf,Document,pdf,application/pdf,20649,20.17,0.02,,,,,,,,2.0,2064.0,,,,
280.wav,audio/280.wav,Audio,wav,audio/wav,437804,427.54,0.42,,,2.48,,pcm_s16le,44100.0,2.0,,,,,,
JURJWHBJYQUR24R3TCPBVLLOFDBTQK5S.pdf,Pdf/JURJWHBJYQUR24R3TCPBVLLOFDBTQK5S.pdf,Document,pdf,application/pdf,65592,64.05,0.06,,,,,,,,1.0,6559.0,,,,
video_088.mp4,Video/video_088.mp4,Video,mp4,video/mp4,32129080,31376.05,30.64,1920.0,1036.0,29.99,23.98,,,,,,,,,
349.wav,audio/349.wav,Audio,wav,audio/wav,354860,346.54,0.34,,,2.01,,pcm_s16le,44100.0,2.0,,,,,,
YVUWMOMVE6IHAXQQF2GCM3YB373ESZG2.pdf,Pdf/YVUWMOMVE6IHAXQQF2GCM3YB373ESZG2.pdf,Document,pdf,application/pdf,6241,6.09,0.01,,,,,,,,6.0,624.0,,,,
DAMU2TVQKZEDZ6ZJN7NZBERHFU6I6ZZG.doc,Doc/Doc/DAMU2TVQKZEDZ6ZJN7NZBERHFU6I6ZZG.doc,Document,doc,application/msword,129914,126.87,0.12,,,,,,,,,129914.0,,,,
fsi-2006.doc,Doc/Doc/fsi-2006.doc,Document,doc,application/msword,42028,41.04,0.04,,,,,,,,,42028.0,,,,
160180388.java,code/160180388.java,Code,java,text/x-java-source,4198,4.1,0.0,,,,,,,,,,179.0,4019.0,4.0,27.0
fsi-2017.docx,Docx/Docx/fsi-2017.docx,Document,docx,application/vnd.openxmlformats-officedocument.wordprocessingml.document,50190,49.01,0.05,,,,,,,,,50190.0,,,,
253.wav,audio/253.wav,Audio,wav,audio/wav,382508,373.54,0.36,,,2.17,,pcm_s16le,44100.0,2.0,,,,,,
142055206.java,code/1439/A1/142055206.java,Code,java,text/x-java-source,8462,8.26,0.01,,,,,,,,,,250.0,8213.0,7.0,24.0
355.wav,audio/355.wav,Audio,wav,audio/wav,580652,567.04,0.55,,,3.29,,pcm_s16le,44100.0,2.0,,,,,,
TLFJXZ5TEG6X5AAUHTMVM4JEZVYFEVTS.pdf,Pdf/TLFJXZ5TEG6X5AAUHTMVM4JEZVYFEVTS.pdf,Document,pdf,application/pdf,7873,7.69,0.01,,,,,,,,2.0,787.0,,,,
93.wav,audio/93.wav,Audio,wav,audio/wav,396332,387.04,0.38,,,2.25,,pcm_s16le,44100.0,2.0,,,,,,
137391724.py,code/1503/C/137391724.py,Code,py,text/x-python,8469,8.27,0.01,,,,,,,,,,769.0,8085.0,9.0,547.0
165419796.py,code/1490/B/165419796.py,Code,py,text/x-python,196,0.19,0.0,,,,,,,,,,13.0,190.0,0.0,7.0
166776253.py,code/1407/A/166776253.py,Code,py,text/x-python,4843,4.73,0.0,,,,,,,,,,163.0,4762.0,60.0,93.0
DY75VBIKWAL76NRMMVFOYFQ52DB77TEI.docx,Docx/Docx/DY75VBIKWAL76NRMMVFOYFQ52DB77TEI.docx,Document,docx,application/vnd.openxmlformats-officedocument.wordprocessingml.document,42495,41.5,0.04,,,,,,,,,42495.0,,,,
118161325.py,code/1405/C/118161325.py,Code,py,text/x-python,737,0.72,0.0,,,,,,,,,,58.0,708.0,0.0,30.0
WFMYY4FTQ2IYW3TPG7G5H6OJVMS2B2YD.pdf,Pdf/WFMYY4FTQ2IYW3TPG7G5H6OJVMS2B2YD.pdf,Document,pdf,application/pdf,304812,297.67,0.29,,,,,,,,4.0,30481.0,,,,
54.wav,audio/54.wav,Audio,wav,audio/wav,400940,391.54,0.38,,,2.27,,pcm_s16le,44100.0,2.0,,,,,,
64PJRWTXR43NVMTQCZGEFDUZA3JMJTD7.pdf,Pdf/64PJRWTXR43NVMTQCZGEFDUZA3JMJTD7.pdf,Document,pdf,application/pdf,1451206,1417.19,1.38,,,,,,,,2.0,50000.0,,,,
10.wav,audio/10.wav,Audio,wav,audio/wav,520748,508.54,0.5,,,2.95,,pcm_s16le,44100.0,2.0,,,,,,
242.wav,audio/242.wav,Audio,wav,audio/wav,1732666,1692.06,1.65,,,2.46,,pcm_f64le,44100.0,2.0,,,,,,
E45NEAYVIVYEEBRMTFW3XMU5ZQQQTCWV.pdf,Pdf/E45NEAYVIVYEEBRMTFW3XMU5ZQQQTCWV.pdf,Document,pdf,application/pdf,38847,37.94,0.04,,,,,,,,7.0,3884.0,,,,
193457750.cpp,code/193457750.cpp,Code,cpp,text/x-c++,14896,14.55,0.01,,,,,,,,,,439.0,14677.0,106.0,231.0
video_058.mp4,Video/video_058.mp4,Video,mp4,video/mp4,20252917,19778.24,19.31,1920.0,1036.0,30.03,23.98,,,,,,,,,
192796816.cpp,code/192796816.cpp,Code,cpp,text/x-c++,305,0.3,0.0,,,,,,,,,,21.0,285.0,1.0,1.0
154234857.java,code/1551/D1/154234857.java,Code,java,text/x-java-source,19203,18.75,0.02,,,,,,,,,,1200.0,18603.0,0.0,670.0
147494328.java,code/147494328.java,Code,java,text/x-java-source,3777,3.69,0.0,,,,,,,,,,358.0,3598.0,6.0,198.0
XMW6SGXOJREQ4QRTL4QUIV76ZB4733MN.docx,Docx/Docx/XMW6SGXOJREQ4QRTL4QUIV76ZB4733MN.docx,Document,docx,application/vnd.openxmlformats-officedocument.wordprocessingml.document,66957,65.39,0.06,,,,,,,,,66957.0,,,,
193623914.py,code/193623914.py,Code,py,text/x-python,4898,4.78,0.0,,,,,,,,,,389.0,4704.0,12.0,229.0
97592452.py,code/1421/E/97592452.py,Code,py,text/x-python,273,0.27,0.0,,,,,,,,,,11.0,268.0,0.0,5.0
9022c3a507bbfa1e98daeffd0f70f128f19746d3.pdf,Pdf/9022c3a507bbfa1e98daeffd0f70f128f19746d3.pdf,Document,pdf,application/pdf,665916,650.31,0.64,,,,,,,,1.0,50000.0,,,,
128522021.java,code/1472/G/128522021.java,Code,java,text/x-java-source,4379,4.28,0.0,,,,,,,,,,280.0,4239.0,5.0,163.0
99385253.py,code/99385253.py,Code,py,text/x-python,11142,10.88,0.01,,,,,,,,,,850.0,10675.0,12.0,482.0
126970352.py,code/1415/D/126970352.py,Code,py,text/x-python,1370,1.34,0.0,,,,,,,,,,127.0,1307.0,1.0,71.0
MPKQ6XRS277ZF7HM3DLVBQZUYBG35GWC.doc,Doc/Doc/MPKQ6XRS277ZF7HM3DLVBQZUYBG35GWC.doc,Document,doc,application/msword,44707,43.66,0.04,,,,,,,,,44707.0,,,,
6LM5MPDEKTK4FAVUBSU5HZOLO33XZOV6.pdf,Pdf/6LM5MPDEKTK4FAVUBSU5HZOLO33XZOV6.pdf,Document,pdf,application/pdf,241891,236.22,0.23,,,,,,,,3.0,24189.0,,,,
f0bc73188fde87a3edf63b71304711ef70314e19.pdf,Pdf/f0bc73188fde87a3edf63b71304711ef70314e19.pdf,Document,pdf,application/pdf,590822,576.97,0.56,,,,,,,,1.0,50000.0,,,,
155203588.java,code/1416/C/155203588.java,Code,java,text/x-java-source,1322,1.29,0.0,,,,,,,,,,79.0,1283.0,1.0,43.0
video_079.mp4,Video/video_079.mp4,Video,mp4,video/mp4,17521984,17111.31,16.71,1920.0,1036.0,29.99,23.98,,,,,,,,,
4P4SBCDNQWWUH5CI2KLPHVFIUV54ODLT.pdf,Pdf/4P4SBCDNQWWUH5CI2KLPHVFIUV54ODLT.pdf,Document,pdf,application/pdf,7600138,7422.01,7.25,,,,,,,,1.0,50000.0,,,,
5JEF6INEQSUEH2KKAOO5NNONLBEXWTXI.pdf,Pdf/5JEF6INEQSUEH2KKAOO5NNONLBEXWTXI.pdf,Document,pdf,application/pdf,103722,101.29,0.1,,,,,,,,1.0,10372.0,,,,
141933276.cpp,code/1473/G/141933276.cpp,Code,cpp,text/x-c++,8952,8.74,0.01,,,,,,,,,,663.0,8553.0,9.0,351.0
156217644.java,code/1440/A/156217644.java,Code,java,text/x-java-source,3392,3.31,0.0,,,,,,,,,,131.0,3260.0,5.0,21.0
161481165.cpp,code/1457/C/161481165.cpp,Code,cpp,text/x-c++,487,0.48,0.0,,,,,,,,,,39.0,468.0,1.0,19.0
182110505.py,code/182110505.py,Code,py,text/x-python,4734,4.62,0.0,,,,,,,,,,283.0,4593.0,54.0,152.0
167503471.cpp,code/1512/D/167503471.cpp,Code,cpp,text/x-c++,875,0.85,0.0,,,,,,,,,,123.0,814.0,2.0,62.0
PF723CIBZRC6AIJQB6TLTUEH337JMWP6.pdf,Pdf/PF723CIBZRC6AIJQB6TLTUEH337JMWP6.pdf,Document,pdf,application/pdf,149641,146.13,0.14,,,,,,,,8.0,14964.0,,,,
6E3WYLLW5ZLHABZK74PHX5TBLZXXBLGG.pdf,Pdf/6E3WYLLW5ZLHABZK74PHX5TBLZXXBLGG.pdf,Document,pdf,application/pdf,1651831,1613.12,1.58,,,,,,,,12.0,50000.0,,,,
164871217.py,code/1525/A/164871217.py,Code,py,text/x-python,2241,2.19,0.0,,,,,,,,,,118.0,2182.0,4.0,63.0
Screenshot (704).png,images/Screenshot (704).png,Image,png,image/png,999131,975.71,0.95,1920.0,1080.0,,,,,,,,,,,
CTCGFUXUY5OISRT3B3UIQKMWPXEVKAUU.pdf,Pdf/CTCGFUXUY5OISRT3B3UIQKMWPXEVKAUU.pdf,Document,pdf,application/pdf,60891,59.46,0.06,,,,,,,,1.0,6089.0,,,,
Screenshot (725).png,images/Screenshot (725).png,Image,png,image/png,170739,166.74,0.16,1920.0,1080.0,,,,,,,,,,,
188391773.cpp,code/188391773.cpp,Code,cpp,text/x-c++,1160,1.13,0.0,,,,,,,,,,107.0,1107.0,7.0,57.0
192722058.cpp,code/192722058.cpp,Code,cpp,text/x-c++,720,0.7,0.0,,,,,,,,,,93.0,674.0,7.0,51.0
194183225.cpp,code/194183225.cpp,Code,cpp,text/x-c++,949,0.93,0.0,,,,,,,,,,82.0,908.0,2.0,42.0
Screenshot (528).png,images/Screenshot (528).png,Image,png,image/png,325768,318.13,0.31,1920.0,1080.0,,,,,,,,,,,
155865464.py,code/1503/A/155865464.py,Code,py,text/x-python,8823,8.62,0.01,,,,,,,,,,604.0,8521.0,192.0,317.0
Screenshot (688).png,images/Screenshot (688).png,Image,png,image/png,339333,331.38,0.32,1920.0,1080.0,,,,,,,,,,,
134233089.py,code/134233089.py,Code,py,text/x-python,1782,1.74,0.0,,,,,,,,,,119.0,1723.0,0.0,61.0
JMTHOU2JQRSYZA6YLHTP6ULMQO4GLZAN.pdf,Pdf/JMTHOU2JQRSYZA6YLHTP6ULMQO4GLZAN.pdf,Document,pdf,application/pdf,149923,146.41,0.14,,,,,,,,8.0,14992.0,,,,
145038766.py,code/1470/B/145038766.py,Code,py,text/x-python,4086,3.99,0.0,,,,,,,,,,271.0,3951.0,9.0,155.0
Screenshot (475).png,images/Screenshot (475).png,Image,png,image/png,128159,125.16,0.12,1920.0,1080.0,,,,,,,,,,,
222.wav,audio/222.wav,Audio,wav,audio/wav,497708,486.04,0.47,,,2.82,,pcm_s16le,44100.0,2.0,,,,,,
142429038.java,code/1516/A/142429038.java,Code,java,text/x-java-source,884,0.86,0.0,,,,,,,,,,62.0,853.0,0.0,31.0
Screenshot (711).png,images/Screenshot (711).png,Image,png,image/png,1564927,1528.25,1.49,1920.0,1080.0,,,,,,,,,,,
159478148.java,code/159478148.java,Code,java,text/x-java-source,4399,4.3,0.0,,,,,,,,,,339.0,4230.0,3.0,208.0
IFZFKQAJVRO7DBK7PJHVWZGWIWSIK45E.pdf,Pdf/IFZFKQAJVRO7DBK7PJHVWZGWIWSIK45E.pdf,Document,pdf,application/pdf,13807,13.48,0.01,,,,,,,,1.0,1380.0,,,,
XIUQD2OYDIFIKQY5T5AHYPEFOP4XZFS7.pdf,Pdf/XIUQD2OYDIFIKQY5T5AHYPEFOP4XZFS7.pdf,Document,pdf,application/pdf,29771,29.07,0.03,,,,,,,,7.0,2977.0,,,,
ZRLDRES3WQDNUZBVIGADP5JISMEUTD5C.pdf,Pdf/ZRLDRES3WQDNUZBVIGADP5JISMEUTD5C.pdf,Document,pdf,application/pdf,1136248,1109.62,1.08,,,,,,,,1.0,50000.0,,,,
173514972.py,code/173514972.py,Code,py,text/x-python,450,0.44,0.0,,,,,,,,,,44.0,428.0,0.0,26.0
38.wav,audio/38.wav,Audio,wav,audio/wav,2635834,2574.06,2.51,,,3.74,,pcm_f64le,44100.0,2.0,,,,,,
FGW25YJCHKX5V4CGB447WS3CQP2ZVRDY.docx,Docx/Docx/FGW25YJCHKX5V4CGB447WS3CQP2ZVRDY.docx,Document,docx,application/vnd.openxmlformats-officedocument.wordprocessingml.document,37642,36.76,0.04,,,,,,,,,37642.0,,,,
PCW6KUWFIKXHZIELKOYPYOLWVEQT4HOX.pdf,Pdf/PCW6KUWFIKXHZIELKOYPYOLWVEQT4HOX.pdf,Document,pdf,application/pdf,28876,28.2,0.03,,,,,,,,2.0,2887.0,,,,
YBTLDNWUYL3SLS4NVMFEB3OFUWOZBLA7.pdf,Pdf/YBTLDNWUYL3SLS4NVMFEB3OFUWOZBLA7.pdf,Document,pdf,application/pdf,507104,495.22,0.48,,,,,,,,1.0,50000.0,,,,
fsi-2013.docx,Docx/Docx/fsi-2013.docx,Document,docx,application/vnd.openxmlformats-officedocument.wordprocessingml.document,44416,43.38,0.04,,,,,,,,,44416.0,,,,
LIPMDFTNS2NRGFUZE65J6AKPXYJSCR6P.pdf,Pdf/LIPMDFTNS2NRGFUZE65J6AKPXYJSCR6P.pdf,Document,pdf,application/pdf,313314,305.97,0.3,,,,,,,,3.0,31331.0,,,,
112976476.py,code/112976476.py,Code,py,text/x-python,624,0.61,0.0,,,,,,,,,,48.0,600.0,0.0,24.0
163464013.cpp,code/1508/C/163464013.cpp,Code,cpp,text/x-c++,4165,4.07,0.0,,,,,,,,,,329.0,4001.0,8.0,164.0
164400757.java,code/1515/C/164400757.java,Code,java,text/x-java-source,9298,9.08,0.01,,,,,,,,,,760.0,8918.0,2.0,420.0
65VH6VWWJJCZNGG3XTA7XAPZRAIOGYEV.pdf,Pdf/65VH6VWWJJCZNGG3XTA7XAPZRAIOGYEV.pdf,Document,pdf,application/pdf,23548,23.0,0.02,,,,,,,,1.0,2354.0,,,,
37WOUPCWLZGR4AFDBNNHKUHNTVLYXVLD.pdf,Pdf/37WOUPCWLZGR4AFDBNNHKUHNTVLYXVLD.pdf,Document,pdf,application/pdf,12309,12.02,0.01,,,,,,,,1.0,1230.0,,,,
video_067.mp4,Video/video_067.mp4,Video,mp4,video/mp4,15956820,15582.83,15.22,1920.0,1036.0,30.03,23.98,,,,,,,,,
GMXUAMD4SJ3SI277ABZBVOOUHXVRMUPA.pdf,Pdf/GMXUAMD4SJ3SI277ABZBVOOUHXVRMUPA.pdf,Document,pdf,application/pdf,32196,31.44,0.03,,,,,,,,2.0,3219.0,,,,
CVDOWLIOUVHDH3SRWHZALMVDPATFQGVR.pdf,Pdf/CVDOWLIOUVHDH3SRWHZALMVDPATFQGVR.pdf,Document,pdf,application/pdf,53015,51.77,0.05,,,,,,,,1.0,5301.0,,,,
226.wav,audio/226.wav,Audio,wav,audio/wav,645164,630.04,0.62,,,3.66,,pcm_s16le,44100.0,2.0,,,,,,
QIYEVQGJUXO4R45CCFYLL65JS6FERSNA.pdf,Pdf/QIYEVQGJUXO4R45CCFYLL65JS6FERSNA.pdf,Document,pdf,application/pdf,34367,33.56,0.03,,,,,,,,1.0,3436.0,,,,
H75CHMEGQV5GB7Y4YQS4OYSBCPHUFFBY.docx,Docx/Docx/H75CHMEGQV5GB7Y4YQS4OYSBCPHUFFBY.docx,Document,docx,application/vnd.openxmlformats-officedocument.wordprocessingml.document,258126,252.08,0.25,,,,,,,,,258126.0,,,,
Screenshot (494).png,images/Screenshot (494).png,Image,png,image/png,471935,460.87,0.45,1920.0,1080.0,,,,,,,,,,,
166451518.java,code/166451518.java,Code,java,text/x-java-source,7858,7.67,0.01,,,,,,,,,,550.0,7583.0,2.0,340.0
138679707.java,code/138679707.java,Code,java,text/x-java-source,1955,1.91,0.0,,,,,,,,,,117.0,1897.0,0.0,66.0
video_036.mp4,Video/video_036.mp4,Video,mp4,video/mp4,18474452,18041.46,17.62,1920.0,1036.0,30.03,23.98,,,,,,,,,
NKTXPVJPY5TFHGLN3JTGGFE7R6KEJJI4.pdf,Pdf/NKTXPVJPY5TFHGLN3JTGGFE7R6KEJJI4.pdf,Document,pdf,application/pdf,37354,36.48,0.04,,,,,,,,2.0,3735.0,,,,
353.wav,audio/353.wav,Audio,wav,audio/wav,1603642,1566.06,1.53,,,2.27,,pcm_f64le,44100.0,2.0,,,,,,
271.wav,audio/271.wav,Audio,wav,audio/wav,382508,373.54,0.36,,,2.17,,pcm_s16le,44100.0,2.0,,,,,,
161587794.java,code/1418/A/161587794.java,Code,java,text/x-java-source,3698,3.61,0.0,,,,,,,,,,290.0,3553.0,3.0,177.0
155.wav,audio/155.wav,Audio,wav,audio/wav,2506810,2448.06,2.39,,,3.55,,pcm_f64le,44100.0,2.0,,,,,,
167719384.py,code/1516/B/167719384.py,Code,py,text/x-python,1061,1.04,0.0,,,,,,,,,,91.0,1016.0,0.0,53.0
70.wav,audio/70.wav,Audio,wav,audio/wav,396332,387.04,0.38,,,2.25,,pcm_s16le,44100.0,2.0,,,,,,
CI7INUGNXV4CY2ETA4PM5IOKZNUM5A2T.docx,Docx/Docx/CI7INUGNXV4CY2ETA4PM5IOKZNUM5A2T.docx,Document,docx,application/vnd.openxmlformats-officedocument.wordprocessingml.document,139934,136.65,0.13,,,,,,,,,139934.0,,,,
ES5LDB5OV2PKIMVD3Z72CVQK4RSDBYJI.doc,Doc/Doc/ES5LDB5OV2PKIMVD3Z72CVQK4RSDBYJI.doc,Document,doc,application/msword,40384,39.44,0.04,,,,,,,,,40384.0,,,,
NXQWVJBI6J23JG35UF2PBILHUJXOKLKW.docx,Docx/Docx/NXQWVJBI6J23JG35UF2PBILHUJXOKLKW.docx,Document,docx,application/vnd.openxmlformats-officedocument.wordprocessingml.document,40012,39.07,0.04,,,,,,,,,40012.0,,,,
f997183fa6bf1ef75e31406d98f025c16e527d20.docx,Docx/Docx/f997183fa6bf1ef75e31406d98f025c16e527d20.docx,Document,docx,application/vnd.openxmlformats-officedocument.wordprocessingml.document,10937606,10681.26,10.43,,,,,,,,,10937606.0,,,,
Screenshot (740).png,images/Screenshot (740).png,Image,png,image/png,138876,135.62,0.13,1920.0,1080.0,,,,,,,,,,,
166701075.py,code/166701075.py,Code,py,text/x-python,481,0.47,0.0,,,,,,,,,,40.0,461.0,0.0,20.0
117812990.py,code/1531/E2/117812990.py,Code,py,text/x-python,1231,1.2,0.0,,,,,,,,,,58.0,1174.0,5.0,3.0
6HPMFPOTKN7J772QGZBHKGKYSNEYTF3I.pdf,Pdf/6HPMFPOTKN7J772QGZBHKGKYSNEYTF3I.pdf,Document,pdf,application/pdf,5943740,5804.43,5.67,,,,,,,,14.0,50000.0,,,,
167166928.cpp,code/1442/A/167166928.cpp,Code,cpp,text/x-c++,945,0.92,0.0,,,,,,,,,,83.0,904.0,5.0,46.0
167640664.cpp,code/1542/B/167640664.cpp,Code,cpp,text/x-c++,1805,1.76,0.0,,,,,,,,,,157.0,1727.0,36.0,91.0
Screenshot (524).png,images/Screenshot (524).png,Image,png,image/png,211450,206.49,0.2,1920.0,1080.0,,,,,,,,,,,
186.wav,audio/186.wav,Audio,wav,audio/wav,433196,423.04,0.41,,,2.46,,pcm_s16le,44100.0,2.0,,,,,,
111.wav,audio/111.wav,Audio,wav,audio/wav,456236,445.54,0.44,,,2.59,,pcm_s16le,44100.0,2.0,,,,,,
136066977.java,code/1523/A/136066977.java,Code,java,text/x-java-source,1338,1.31,0.0,,,,,,,,,,103.0,1287.0,2.0,52.0
123695378.py,code/1419/E/123695378.py,Code,py,text/x-python,1318,1.29,0.0,,,,,,,,,,95.0,1271.0,0.0,47.0
Screenshot (484).png,images/Screenshot (484).png,Image,png,image/png,170526,166.53,0.16,1920.0,1080.0,,,,,,,,,,,
DAMU2TVQKZEDZ6ZJN7NZBERHFU6I6ZZG.docx,Docx/Docx/DAMU2TVQKZEDZ6ZJN7NZBERHFU6I6ZZG.docx,Document,docx,application/vnd.openxmlformats-officedocument.wordprocessingml.document,129914,126.87,0.12,,,,,,,,,129914.0,,,,
334.wav,audio/334.wav,Audio,wav,audio/wav,400940,391.54,0.38,,,2.27,,pcm_s16le,44100.0,2.0,,,,,,
KYRWCK6XALX32MZI6BN7GYVF2FT57JPP.pdf,Pdf/KYRWCK6XALX32MZI6BN7GYVF2FT57JPP.pdf,Document,pdf,application/pdf,1529063,1493.23,1.46,,,,,,,,2.0,50000.0,,,,
50.wav,audio/50.wav,Audio,wav,audio/wav,1935418,1890.06,1.85,,,2.74,,pcm_f64le,44100.0,2.0,,,,,,
OWRQAAISWFPE42ZPHJ5XB75VRMPM7EGO.pdf,Pdf/OWRQAAISWFPE42ZPHJ5XB75VRMPM7EGO.pdf,Document,pdf,application/pdf,27422,26.78,0.03,,,,,,,,2.0,2742.0,,,,
111103952.java,code/1442/B/111103952.java,Code,java,text/x-java-source,1669,1.63,0.0,,,,,,,,,,86.0,1626.0,0.0,46.0
YNLCJNZRFQJRJIU3YQVQUE3QPGPXKT3V.pdf,Pdf/YNLCJNZRFQJRJIU3YQVQUE3QPGPXKT3V.pdf,Document,pdf,application/pdf,1201339,1173.18,1.15,,,,,,,,1.0,50000.0,,,,
VGYROI7GPRFUEH3N7Q6KKH6AVQRI2NYK.doc,Doc/Doc/VGYROI7GPRFUEH3N7Q6KKH6AVQRI2NYK.doc,Document,doc,application/msword,44554,43.51,0.04,,,,,,,,,44554.0,,,,
G55L6N2GWXAO25ORSIBERRGSISMUNVKC.pdf,Pdf/G55L6N2GWXAO25ORSIBERRGSISMUNVKC.pdf,Document,pdf,application/pdf,943197,921.09,0.9,,,,,,,,1.0,50000.0,,,,
fsi-2008.doc,Doc/Doc/fsi-2008.doc,Document,doc,application/msword,43442,42.42,0.04,,,,,,,,,43442.0,,,,
185171801.py,code/185171801.py,Code,py,text/x-python,722,0.71,0.0,,,,,,,,,,72.0,686.0,0.0,42.0
190997773.cpp,code/190997773.cpp,Code,cpp,text/x-c++,1856,1.81,0.0,,,,,,,,,,164.0,1774.0,12.0,98.0
Screenshot (445).png,images/Screenshot (445).png,Image,png,image/png,106718,104.22,0.1,1920.0,1080.0,,,,,,,,,,,
171037551.java,code/171037551.java,Code,java,text/x-java-source,8284,8.09,0.01,,,,,,,,,,628.0,7970.0,2.0,367.0
RH7T2UORLNLLG7HRFR3HL7W572F5S6YY.pdf,Pdf/RH7T2UORLNLLG7HRFR3HL7W572F5S6YY.pdf,Document,pdf,application/pdf,43552,42.53,0.04,,,,,,,,1.0,4355.0,,,,
7bee00906c1ce0a45940a9381fe32dd0d79cfd93.doc,Doc/Doc/7bee00906c1ce0a45940a9381fe32dd0d79cfd93.doc,Document,doc,application/msword,115165,112.47,0.11,,,,,,,,,115165.0,,,,
155187052.py,code/1401/B/155187052.py,Code,py,text/x-python,394,0.38,0.0,,,,,,,,,,21.0,384.0,0.0,10.0
354.wav,audio/354.wav,Audio,wav,audio/wav,400940,391.54,0.38,,,2.27,,pcm_s16le,44100.0,2.0,,,,,,
301.wav,audio/301.wav,Audio,wav,audio/wav,414764,405.04,0.4,,,2.35,,pcm_s16le,44100.0,2.0,,,,,,
H65TKD4D2Z32SZHRLYLOHIMM25T4C5S3.pdf,Pdf/H65TKD4D2Z32SZHRLYLOHIMM25T4C5S3.pdf,Document,pdf,application/pdf,78280,76.45,0.07,,,,,,,,1.0,7828.0,,,,
fsi-2021.docx,Docx/Docx/fsi-2021.docx,Document,docx,application/vnd.openxmlformats-officedocument.wordprocessingml.document,43840,42.81,0.04,,,,,,,,,43840.0,,,,
EB3A6TOVFRNEROHIMEIZF55MYVF3CAP5.pdf,Pdf/EB3A6TOVFRNEROHIMEIZF55MYVF3CAP5.pdf,Document,pdf,application/pdf,71817,70.13,0.07,,,,,,,,1.0,7181.0,,,,
118874863.py,code/1504/E/118874863.py,Code,py,text/x-python,1663,1.62,0.0,,,,,,,,,,113.0,1607.0,4.0,68.0
Screenshot (713).png,images/Screenshot (713).png,Image,png,image/png,1046552,1022.02,1.0,1920.0,1080.0,,,,,,,,,,,
161265012.cpp,code/1499/F/161265012.cpp,Code,cpp,text/x-c++,1866,1.82,0.0,,,,,,,,,,82.0,1785.0,11.0,3.0
167623641.cpp,code/1487/A/167623641.cpp,Code,cpp,text/x-c++,714,0.7,0.0,,,,,,,,,,73.0,678.0,2.0,38.0
104119918.py,code/1450/C2/104119918.py,Code,py,text/x-python,941,0.92,0.0,,,,,,,,,,69.0,907.0,0.0,40.0
163722157.cpp,code/1436/D/163722157.cpp,Code,cpp,text/x-c++,1843,1.8,0.0,,,,,,,,,,140.0,1773.0,22.0,76.0
143836290.java,code/1547/G/143836290.java,Code,java,text/x-java-source,6864,6.7,0.01,,,,,,,,,,234.0,6630.0,70.0,21.0
37.wav,audio/37.wav,Audio,wav,audio/wav,658988,643.54,0.63,,,3.74,,pcm_s16le,44100.0,2.0,,,,,,
148.wav,audio/148.wav,Audio,wav,audio/wav,419372,409.54,0.4,,,2.38,,pcm_s16le,44100.0,2.0,,,,,,
MILX4ZNQNYZNUWXL5SKQBFS2TJFYYSGU.pdf,Pdf/MILX4ZNQNYZNUWXL5SKQBFS2TJFYYSGU.pdf,Document,pdf,application/pdf,64612,63.1,0.06,,,,,,,,3.0,6461.0,,,,
Screenshot (500).png,images/Screenshot (500).png,Image,png,image/png,208050,203.17,0.2,1920.0,1080.0,,,,,,,,,,,
165572386.cpp,code/1419/C/165572386.cpp,Code,cpp,text/x-c++,1279,1.25,0.0,,,,,,,,,,123.0,1218.0,18.0,68.0
168673724.java,code/168673724.java,Code,java,text/x-java-source,2070,2.02,0.0,,,,,,,,,,180.0,1980.0,3.0,105.0
218.wav,audio/218.wav,Audio,wav,audio/wav,2727994,2664.06,2.6,,,3.87,,pcm_f64le,44100.0,2.0,,,,,,
174597276.java,code/174597276.java,Code,java,text/x-java-source,382,0.37,0.0,,,,,,,,,,38.0,363.0,4.0,20.0
video_004.mp4,Video/video_004.mp4,Video,mp4,video/mp4,23615146,23061.67,22.52,1920.0,1036.0,29.99,23.98,,,,,,,,,
Screenshot (712).png,images/Screenshot (712).png,Image,png,image/png,946186,924.01,0.9,1920.0,1080.0,,,,,,,,,,,
105497448.py,code/1473/E/105497448.py,Code,py,text/x-python,19125,18.68,0.02,,,,,,,,,,574.0,18551.0,76.0,97.0
MTAHFDRL6AJ27IN6IE3SSNETFAWX3PNW.pdf,Pdf/MTAHFDRL6AJ27IN6IE3SSNETFAWX3PNW.pdf,Document,pdf,application/pdf,372235,363.51,0.35,,,,,,,,3.0,37223.0,,,,
85.wav,audio/85.wav,Audio,wav,audio/wav,456236,445.54,0.44,,,2.59,,pcm_s16le,44100.0,2.0,,,,,,
110.wav,audio/110.wav,Audio,wav,audio/wav,1824826,1782.06,1.74,,,2.59,,pcm_f64le,44100.0,2.0,,,,,,
MFDBEUJHJSM7EYXX7SA6GULFWNIDHE5Q.doc,Doc/Doc/MFDBEUJHJSM7EYXX7SA6GULFWNIDHE5Q.doc,Document,doc,application/msword,47814513,46693.86,45.6,,,,,,,,,47814513.0,,,,
2a85b52768ea5761b773be49b09d15f0b95415b0.pdf,Pdf/2a85b52768ea5761b773be49b09d15f0b95415b0.pdf,Document,pdf,application/pdf,710521,693.87,0.68,,,,,,,,1.0,50000.0,,,,
Employee Sample Data.docx,Docx/Docx/Employee Sample Data.docx,Document,docx,application/vnd.openxmlformats-officedocument.wordprocessingml.document,77990,76.16,0.07,,,,,,,,,77990.0,,,,
128078297.java,code/1534/A/128078297.java,Code,java,text/x-java-source,2821,2.75,0.0,,,,,,,,,,202.0,2720.0,8.0,117.0
307.wav,audio/307.wav,Audio,wav,audio/wav,419372,409.54,0.4,,,2.38,,pcm_s16le,44100.0,2.0,,,,,,
TS4MM5OXQXRQD6PMXRTRS3INCBAMAXCO.pdf,Pdf/TS4MM5OXQXRQD6PMXRTRS3INCBAMAXCO.pdf,Document,pdf,application/pdf,161578,157.79,0.15,,,,,,,,1.0,16157.0,,,,
120.wav,audio/120.wav,Audio,wav,audio/wav,543788,531.04,0.52,,,3.08,,pcm_s16le,44100.0,2.0,,,,,,
6G5OZCK6EQTZ35IQ7FV4UW64WVMWAW4T.pdf,Pdf/6G5OZCK6EQTZ35IQ7FV4UW64WVMWAW4T.pdf,Document,pdf,application/pdf,249925,244.07,0.24,,,,,,,,1.0,24992.0,,,,
103471544.java,code/1471/F/103471544.java,Code,java,text/x-java-source,2208,2.16,0.0,,,,,,,,,,146.0,2135.0,0.0,76.0
T7GYN5EOA7RVES22BVEIK24KNUZMNJDG.pdf,Pdf/T7GYN5EOA7RVES22BVEIK24KNUZMNJDG.pdf,Document,pdf,application/pdf,241121,235.47,0.23,,,,,,,,2.0,24112.0,,,,
151437500.java,code/1495/A/151437500.java,Code,java,text/x-java-source,1007,0.98,0.0,,,,,,,,,,34.0,974.0,3.0,4.0
Screenshot (710).png,images/Screenshot (710).png,Image,png,image/png,1502711,1467.49,1.43,1920.0,1080.0,,,,,,,,,,,
165857959.py,code/1455/B/165857959.py,Code,py,text/x-python,340,0.33,0.0,,,,,,,,,,35.0,323.0,0.0,20.0
D4BBBAV5MEXMP4EU2KX7JTF4DFORZHZO.pdf,Pdf/D4BBBAV5MEXMP4EU2KX7JTF4DFORZHZO.pdf,Document,pdf,application/pdf,13032,12.73,0.01,,,,,,,,2.0,1303.0,,,,
video_064.mp4,Video/video_064.mp4,Video,mp4,video/mp4,15847891,15476.46,15.11,1920.0,1036.0,30.03,23.98,,,,,,,,,
337.wav,audio/337.wav,Audio,wav,audio/wav,308780,301.54,0.29,,,1.75,,pcm_s16le,44100.0,2.0,,,,,,
video_082.mp4,Video/video_082.mp4,Video,mp4,video/mp4,12097415,11813.88,11.54,1920.0,1036.0,29.99,23.98,,,,,,,,,
E56DXI3S5SVXXFZEC2OCGDDC4VYSWROH.pdf,Pdf/E56DXI3S5SVXXFZEC2OCGDDC4VYSWROH.pdf,Document,pdf,application/pdf,240864,235.22,0.23,,,,,,,,2.0,24086.0,,,,
Screenshot (502).png,images/Screenshot (502).png,Image,png,image/png,210038,205.12,0.2,1920.0,1080.0,,,,,,,,,,,
192703838.cpp,code/192703838.cpp,Code,cpp,text/x-c++,1967,1.92,0.0,,,,,,,,,,69.0,1899.0,10.0,5.0
Screenshot (464).png,images/Screenshot (464).png,Image,png,image/png,1076177,1050.95,1.03,1920.0,1080.0,,,,,,,,,,,
WJFP7CI5XSOBSZZUQGR3FKMENNTPAKKC.pdf,Pdf/WJFP7CI5XSOBSZZUQGR3FKMENNTPAKKC.pdf,Document,pdf,application/pdf,11560,11.29,0.01,,,,,,,,9.0,1156.0,,,,
JGLEJ4HUZGQBXUZ3ZXUWHSPYIDVKVU2K.pdf,Pdf/JGLEJ4HUZGQBXUZ3ZXUWHSPYIDVKVU2K.pdf,Document,pdf,application/pdf,68501,66.9,0.07,,,,,,,,1.0,6850.0,,,,
2F73J4NP2YHKVISKHDIDJ7RGPDKTQZ7D.doc,Doc/Doc/2F73J4NP2YHKVISKHDIDJ7RGPDKTQZ7D.doc,Document,doc,application/msword,43946,42.92,0.04,,,,,,,,,43946.0,,,,
121.wav,audio/121.wav,Audio,wav,audio/wav,447020,436.54,0.43,,,2.53,,pcm_s16le,44100.0,2.0,,,,,,
165075221.py,code/1516/C/165075221.py,Code,py,text/x-python,1401,1.37,0.0,,,,,,,,,,137.0,1333.0,2.0,82.0
Screenshot (449).png,images/Screenshot (449).png,Image,png,image/png,542854,530.13,0.52,1920.0,1080.0,,,,,,,,,,,
149566535.py,code/1446/B/149566535.py,Code,py,text/x-python,384,0.38,0.0,,,,,,,,,,27.0,371.0,0.0,13.0
cars.doc,Doc/Doc/cars.doc,Document,doc,application/msword,51630,50.42,0.05,,,,,,,,,51630.0,,,,
video_062.mp4,Video/video_062.mp4,Video,mp4,video/mp4,19739065,19276.43,18.82,1920.0,1036.0,30.03,23.98,,,,,,,,,
124739095.py,code/1435/A/124739095.py,Code,py,text/x-python,250,0.24,0.0,,,,,,,,,,21.0,240.0,0.0,11.0
E3XL5U27WEMN6KDITFQEPNYN3FFPZRHE.docx,Docx/Docx/E3XL5U27WEMN6KDITFQEPNYN3FFPZRHE.docx,Document,docx,application/vnd.openxmlformats-officedocument.wordprocessingml.document,46455,45.37,0.04,,,,,,,,,46455.0,,,,
QJRUY4FRCDHXZJT5ZAWKMADAMAQUP5R6.pdf,Pdf/QJRUY4FRCDHXZJT5ZAWKMADAMAQUP5R6.pdf,Document,pdf,application/pdf,98073,95.77,0.09,,,,,,,,3.0,9807.0,,,,
194181154.cpp,code/194181154.cpp,Code,cpp,text/x-c++,3030,2.96,0.0,,,,,,,,,,229.0,2916.0,17.0,128.0
YCENQ63SSTK57JODMEMYLIL2VE73QSQH.doc,Doc/Doc/YCENQ63SSTK57JODMEMYLIL2VE73QSQH.doc,Document,doc,application/msword,2827320,2761.05,2.7,,,,,,,,,2827320.0,,,,
LW7OQ44Z4N33ZKSCS6IEEK54LMXJIOFH.pdf,Pdf/LW7OQ44Z4N33ZKSCS6IEEK54LMXJIOFH.pdf,Document,pdf,application/pdf,46346,45.26,0.04,,,,,,,,1.0,4634.0,,,,
164517630.py,code/1490/C/164517630.py,Code,py,text/x-python,401,0.39,0.0,,,,,,,,,,41.0,381.0,0.0,21.0
264.wav,audio/264.wav,Audio,wav,audio/wav,414764,405.04,0.4,,,2.35,,pcm_s16le,44100.0,2.0,,,,,,
YCFQUUS35NVOW5GBRHUQLBG5Z6WV7CL4.pdf,Pdf/YCFQUUS35NVOW5GBRHUQLBG5Z6WV7CL4.pdf,Document,pdf,application/pdf,26080,25.47,0.02,,,,,,,,2.0,2608.0,,,,
192726051.cpp,code/192726051.cpp,Code,cpp,text/x-c++,521,0.51,0.0,,,,,,,,,,63.0,490.0,1.0,35.0
194197716.cpp,code/194197716.cpp,Code,cpp,text/x-c++,2658,2.6,0.0,,,,,,,,,,97.0,2562.0,31.0,11.0
214.wav,audio/214.wav,Audio,wav,audio/wav,350252,342.04,0.33,,,1.99,,pcm_s16le,44100.0,2.0,,,,,,
SPOQ5FUVLA2ZM5ITKZRVFHCP3MGMBPEX.doc,Doc/Doc/SPOQ5FUVLA2ZM5ITKZRVFHCP3MGMBPEX.doc,Document,doc,application/msword,37908,37.02,0.04,,,,,,,,,37908.0,,,,
152707879.cpp,code/1545/D/152707879.cpp,Code,cpp,text/x-c++,1683,1.64,0.0,,,,,,,,,,118.0,1624.0,3.0,69.0
Screenshot (456).png,images/Screenshot (456).png,Image,png,image/png,1829055,1786.19,1.74,1920.0,1080.0,,,,,,,,,,,
252.wav,audio/252.wav,Audio,wav,audio/wav,396332,387.04,0.38,,,2.25,,pcm_s16le,44100.0,2.0,,,,,,
161933632.cpp,code/1453/C/161933632.cpp,Code,cpp,text/x-c++,7766,7.58,0.01,,,,,,,,,,522.0,7505.0,67.0,307.0
189879715.cpp,code/189879715.cpp,Code,cpp,text/x-c++,1202,1.17,0.0,,,,,,,,,,117.0,1144.0,11.0,66.0
167224665.cpp,code/1548/A/167224665.cpp,Code,cpp,text/x-c++,607,0.59,0.0,,,,,,,,,,58.0,578.0,2.0,29.0
81435263.py,code/81435263.py,Code,py,text/x-python,279,0.27,0.0,,,,,,,,,,23.0,268.0,0.0,11.0
X5LYOK62EFBFVPNGADYEJUVEZJTZDHMC.pdf,Pdf/X5LYOK62EFBFVPNGADYEJUVEZJTZDHMC.pdf,Document,pdf,application/pdf,10399,10.16,0.01,,,,,,,,3.0,1039.0,,,,
193158895.cpp,code/193158895.cpp,Code,cpp,text/x-c++,3091,3.02,0.0,,,,,,,,,,245.0,2969.0,4.0,131.0
194145454.cpp,code/194145454.cpp,Code,cpp,text/x-c++,800,0.78,0.0,,,,,,,,,,69.0,766.0,1.0,37.0
