file_size_mb,file_extension,upload_frequency,uploads_last_hour,uploads_last_24h,user_file_count,access_count,unique_ip_count,account_age_days,label
105.03,zip,9.82,1,10,85,14,1,270,Normal
17.65,js,17.61,8,38,701,22,2,265,Normal
0.81,png,3.38,1,4,128,5,2,180,Normal
7.28,pdf,1.45,1,5,46,3,1,297,Normal
36.23,py,11.83,12,48,324,22,1,260,Normal
222.84,jpg,13.33,1,9,158,11,3,171,Normal
1.29,pdf,2.77,0,8,128,7,2,166,Normal
1.3,docx,2.62,1,5,184,3,1,137,Normal
0.17,txt,0.11,2,7,147,3,1,123,Normal
7.39,png,8.95,15,39,275,22,5,229,Suspicious
1.51,py,23.09,5,41,517,18,5,524,Normal
6.52,docx,5.94,0,3,136,4,1,54,Normal
0.4,xlsx,3.63,0,5,78,3,1,222,Normal
3.24,jpg,2.02,1,3,120,5,1,159,Normal
10.32,exe,17.93,5,14,62,14,3,78,Suspicious
10.15,png,3.69,4,11,133,5,1,242,Normal
13.69,py,24.12,2,34,503,23,3,184,Normal
157.74,mp4,6.5,1,18,142,21,2,423,Normal
25.19,jpg,33.12,54,134,63,20,3,52,Suspicious
5.56,jpg,11.6,2,6,5,7,1,0,Normal
1.28,pdf,2.02,4,9,43,4,2,116,Normal
2.45,py,11.65,0,7,2,7,1,6,Normal
9.21,pdf,5.01,2,6,3,10,3,2,Normal
5.92,docx,0.5,0,3,115,3,1,187,Normal
0.72,pdf,33.53,15,31,529,24,3,130,Normal
4.88,pdf,10.98,7,24,320,48,8,347,Suspicious
61.41,docx,23.6,4,16,179,48,3,235,Suspicious
3.91,pdf,1.68,1,6,55,6,1,89,Normal
4.13,pdf,0.55,0,7,174,4,1,210,Normal
2.21,docx,2.65,0,3,86,6,2,211,Normal
2.84,png,4.91,0,3,39,2,1,99,Normal
5.7,js,29.81,25,71,405,32,1,343,Normal
1.16,jpg,1.56,2,4,21,5,3,250,Normal
48.75,docx,17.26,7,41,165,37,4,672,Suspicious
43.47,wav,6.09,5,21,407,16,2,41,Normal
22.4,json,23.75,16,53,1296,15,3,272,Normal
4.68,jpg,4.86,1,7,79,6,1,93,Normal
0.29,txt,3.92,0,4,88,3,1,470,Normal
4.96,txt,4.3,1,3,92,6,1,77,Normal
55.91,wav,10.0,5,19,486,12,1,121,Normal
0.79,txt,5.71,1,3,30,4,2,94,Normal
4.16,png,4.89,0,6,208,5,1,78,Normal
11.88,pdf,4.98,2,4,76,5,1,217,Normal
1.3,txt,3.58,1,6,121,4,2,224,Normal
7.92,zip,7.65,2,9,6,10,1,7,Normal
9.45,pdf,4.53,2,5,36,4,1,189,Normal
30.44,pdf,18.81,2,56,367,24,1,332,Normal
2.09,pdf,2.05,0,1,9,5,2,5,Normal
26.41,pdf,13.84,4,16,396,22,5,571,Suspicious
1.15,png,16.61,12,50,459,17,2,241,Normal
0.8,py,23.63,8,50,104,29,2,165,Normal
0.85,pdf,1.65,3,11,63,8,3,139,Normal
0.57,docx,3.61,0,2,37,7,1,204,Normal
5.25,pdf,29.21,11,48,647,19,1,225,Normal
1.02,pdf,5.33,3,7,58,5,3,59,Normal
314.96,docx,19.97,18,41,250,57,4,186,Suspicious
9.02,zip,21.95,17,34,316,19,1,353,Normal
3.97,png,3.36,0,5,89,3,3,133,Normal
7.29,png,52.87,35,179,17,64,7,27,Suspicious
17.79,py,26.1,13,37,1499,19,1,386,Normal
17.98,sh,21.0,13,27,561,27,1,302,Normal
5.36,sh,12.47,20,53,399,24,2,93,Normal
6.92,py,30.85,7,53,413,31,2,263,Normal
5.26,pdf,1.89,0,6,6,6,1,4,Normal
1.08,js,5.71,6,29,237,16,1,392,Normal
289.85,mp4,4.45,3,13,89,13,1,137,Normal
2.95,txt,1.42,3,9,135,6,1,199,Normal
1.17,xlsx,2.68,0,3,55,4,1,224,Normal
2.42,png,5.16,0,5,126,7,1,243,Normal
2.21,docx,2.57,0,6,67,3,1,218,Normal
0.11,jpg,2.6,1,5,70,1,2,157,Normal
1.41,zip,28.33,14,45,382,52,3,311,Suspicious
7.98,vbs,7.47,2,11,49,13,4,89,Suspicious
4.17,xlsx,3.37,1,6,66,3,1,156,Normal
15.5,png,6.05,0,4,111,5,1,150,Normal
2.7,png,3.77,3,8,124,4,2,227,Normal
1.52,csv,27.08,14,59,574,29,2,191,Normal
43.41,zip,18.7,6,23,224,11,1,88,Suspicious
13.47,py,5.83,16,40,493,20,3,236,Normal
0.3,jpg,0.8,0,0,74,3,1,112,Normal
0.16,py,19.72,8,30,439,24,2,237,Normal
3.27,jpg,4.59,0,5,87,4,1,185,Normal
2.49,docx,6.14,1,4,93,5,1,414,Normal
13.36,js,4.27,9,36,369,22,3,266,Normal
1.45,txt,1.02,1,7,38,9,1,252,Normal
1.93,zip,9.38,9,39,224,24,2,305,Normal
6.2,txt,4.44,1,7,130,2,1,154,Normal
4.79,py,28.32,5,42,1307,23,2,191,Normal
2.83,pdf,4.8,2,7,3,7,1,4,Normal
160.89,mp4,22.15,6,64,65,43,3,319,Suspicious
1.7,docx,5.09,0,4,121,7,1,249,Normal
4.39,pdf,0.1,1,3,88,6,2,235,Normal
110.55,mp4,17.91,3,15,336,11,1,195,Normal
0.9,docx,2.77,1,7,146,3,1,181,Normal
20.86,py,21.86,15,27,87,21,2,84,Normal
4.47,js,11.79,7,34,107,19,1,466,Normal
35.9,py,29.28,15,46,169,18,5,751,Suspicious
3.23,docx,12.07,1,8,7,5,1,7,Normal
336.92,mp4,11.19,4,15,217,18,1,104,Normal
4.86,txt,5.11,1,8,34,4,1,132,Normal
0.35,docx,6.6,0,10,3,10,3,0,Normal
5.88,png,6.88,1,6,6,14,1,9,Normal
1.22,png,4.45,0,4,182,4,1,64,Normal
3.02,py,9.74,2,10,5,3,1,9,Normal
29.1,pdf,9.06,7,54,632,27,1,194,Normal
5.21,png,22.33,8,45,777,28,4,196,Normal
1.55,pdf,0.1,1,5,7,3,1,273,Normal
6.82,jpg,2.2,1,7,79,3,1,285,Normal
2.73,py,5.24,1,5,6,6,1,7,Normal
1.12,jpg,0.45,1,6,84,4,1,93,Normal
24.89,docx,49.15,14,90,279,113,5,52,Suspicious
343.94,mp4,7.04,4,14,114,10,2,111,Normal
430.57,exe,16.04,14,52,246,28,7,127,Suspicious
35.5,py,26.93,12,41,300,22,1,334,Normal
11.61,zip,34.22,10,17,498,24,1,408,Normal
42.33,zip,15.45,3,19,750,17,2,256,Normal
1.88,png,0.89,2,5,89,5,1,91,Normal
7.6,jpg,8.36,1,7,4,8,1,2,Normal
2.19,py,3.28,1,7,6,6,2,4,Normal
48.24,png,10.88,3,8,8,4,1,1,Normal
5.37,docx,14.26,5,18,454,28,3,666,Suspicious
8.08,py,27.43,26,41,340,20,2,340,Normal
8.26,docx,1.31,4,15,5,10,1,1,Normal
3.09,jpg,1.45,0,8,65,5,3,106,Normal
411.9,jpg,10.76,2,11,93,13,2,237,Normal
5.88,docx,3.17,1,7,84,2,3,154,Normal
4.53,pdf,24.5,25,45,835,20,1,138,Normal
2.53,pdf,5.28,1,8,7,2,1,7,Normal
0.61,txt,5.91,3,8,222,4,3,156,Normal
5.82,jpg,3.89,1,6,113,4,1,208,Normal
3.3,jpg,1.35,0,6,67,4,1,114,Normal
35.28,js,14.41,22,59,584,25,2,376,Normal
2.06,jpg,2.28,0,7,63,4,1,132,Normal
11.37,pdf,1.1,0,6,39,6,1,57,Normal
0.87,pdf,23.33,23,46,1031,15,2,420,Normal
8.1,py,21.11,9,48,750,21,3,249,Normal
0.34,docx,5.27,0,5,95,6,2,151,Normal
1.99,pdf,5.65,2,8,11,8,3,8,Normal
4.06,jpg,3.03,1,8,47,6,2,145,Normal
2.39,docx,3.74,1,10,5,2,2,0,Normal
152.32,mp4,7.46,2,16,113,9,1,168,Normal
0.69,docx,5.92,0,7,159,5,1,133,Normal
3.16,jpg,0.14,0,6,68,5,1,193,Normal
41.42,docx,23.71,11,54,700,27,7,310,Suspicious
68.82,wav,16.5,2,9,137,12,1,271,Normal
3.08,docx,2.49,2,3,134,6,1,209,Normal
172.06,mp4,4.24,1,16,217,16,1,194,Normal
2.43,pdf,13.37,10,73,275,14,2,353,Normal
3.08,pdf,5.06,3,11,33,5,1,317,Normal
10.29,sh,9.13,10,36,553,21,1,593,Normal
5.48,pdf,3.54,3,12,7,6,2,8,Normal
25.11,mp4,61.03,57,93,33,20,2,58,Suspicious
3.41,js,17.33,2,25,947,26,2,209,Normal
23.22,docx,2.97,2,6,5,8,2,5,Normal
2.27,txt,3.09,1,9,36,4,1,356,Normal
1.36,docx,0.1,0,6,108,4,1,176,Normal
1.14,jpg,5.15,3,12,53,4,1,278,Normal
8.67,dll,12.69,4,11,130,9,2,110,Suspicious
3.42,docx,3.84,0,5,44,4,1,128,Normal
24.29,dll,19.14,8,58,712,37,4,737,Suspicious
6.21,zip,11.8,15,33,395,19,3,275,Normal
0.53,pdf,2.35,3,8,49,6,2,284,Normal
407.05,wav,5.6,3,10,82,7,2,248,Normal
0.22,txt,0.37,0,4,135,6,1,77,Normal
2.61,py,26.12,7,33,300,21,2,253,Normal
3.58,pdf,4.42,1,9,147,6,1,258,Normal
4.11,jpg,5.28,4,13,5,8,2,5,Normal
20.3,jpg,50.61,18,120,119,64,5,33,Suspicious
0.55,jpg,5.49,2,6,110,5,1,336,Normal
5.04,png,1.02,0,5,24,4,1,156,Normal
333.49,mp4,40.25,20,37,98,54,5,321,Suspicious
141.58,exe,21.33,5,35,117,61,4,278,Suspicious
0.41,pdf,3.32,0,7,27,4,3,152,Normal
1.2,txt,3.18,0,11,56,3,2,109,Normal
9.62,scr,9.4,4,15,39,9,2,54,Suspicious
11.0,png,2.26,1,9,89,7,1,55,Normal
3.25,jpg,1.22,3,5,90,8,2,228,Normal
2.06,jpg,3.13,0,5,33,5,1,247,Normal
5.72,docx,0.65,1,3,77,7,1,122,Normal
0.58,pdf,4.22,0,8,37,5,1,66,Normal
2.01,sh,25.86,10,48,319,25,2,444,Normal
67.59,docx,23.03,21,39,230,44,3,205,Suspicious
0.42,png,2.68,0,5,66,5,1,316,Normal
27.61,json,70.37,17,120,108,35,6,16,Suspicious
8.45,jpg,4.36,0,3,64,3,1,104,Normal
0.83,pdf,0.1,0,6,74,6,1,233,Normal
402.3,mp4,17.22,2,17,528,15,1,215,Normal
1.6,json,5.76,17,56,272,17,2,411,Normal
4.07,pdf,1.05,2,8,93,2,1,59,Normal
15.8,py,11.22,5,16,234,19,4,150,Normal
1.01,txt,4.46,1,6,99,6,1,104,Normal
0.75,pdf,3.55,1,6,103,4,1,161,Normal
342.03,mp4,7.69,2,11,106,12,4,230,Normal
0.09,pdf,2.93,1,8,76,4,1,130,Normal
10.14,jpg,3.4,1,7,88,5,1,140,Normal
360.12,zip,37.19,19,64,162,22,4,87,Suspicious
0.68,docx,1.7,0,5,128,6,1,84,Normal
9.08,sh,32.41,24,50,657,24,4,118,Normal
6.82,csv,17.43,9,43,451,28,2,324,Normal
8.14,docx,3.58,0,5,157,7,1,161,Normal
0.47,docx,3.83,2,12,167,7,1,209,Normal
18.8,zip,31.21,13,32,264,18,3,286,Normal
271.31,zip,13.66,2,11,247,10,4,199,Normal
264.87,pdf,22.1,15,63,52,36,5,203,Suspicious
3.14,jpg,1.56,0,3,114,5,1,92,Normal
0.63,pdf,11.36,10,39,525,21,1,167,Normal
44.07,json,30.48,27,58,276,18,2,282,Normal
1.99,py,7.78,22,54,909,20,2,221,Normal
7.17,png,1.44,3,5,68,3,1,272,Normal
1.4,pdf,0.23,1,6,44,7,1,286,Normal
2.32,png,1.61,1,11,253,2,2,213,Normal
1.16,pdf,0.62,0,6,74,6,1,60,Normal
286.58,png,12.4,0,13,96,16,2,247,Normal
1.54,docx,4.16,1,8,17,5,1,106,Normal
2.45,jpg,5.57,3,11,3,8,1,6,Normal
1.0,docx,7.14,1,7,2,2,2,0,Normal
2.45,txt,19.78,2,37,209,25,2,249,Normal
3.26,png,11.98,30,42,463,27,1,214,Normal
2.86,docx,4.41,0,6,24,6,1,121,Normal
5.21,png,1.91,3,13,1,9,2,4,Normal
33.75,png,33.2,7,34,562,20,1,247,Normal
5.73,pdf,23.82,17,72,433,22,2,359,Normal
3.39,pdf,3.29,4,12,6,6,1,4,Normal
62.55,docx,22.48,4,22,297,33,3,760,Suspicious
3.84,jpg,6.03,4,9,90,5,2,61,Normal
195.61,png,3.89,4,13,228,11,2,65,Normal
2.14,zip,28.69,17,28,623,26,1,305,Normal
1.23,txt,0.42,2,4,39,5,1,268,Normal
0.25,pdf,2.56,1,6,113,8,1,97,Normal
4.38,json,12.22,11,44,434,20,1,291,Normal
3.03,pdf,5.07,1,2,10,4,1,251,Normal
0.6,pdf,1.36,0,3,91,8,1,63,Normal
35.73,py,2.37,3,14,115,7,1,77,Suspicious
1.95,jpg,2.4,0,4,43,7,1,275,Normal
1.99,jpg,3.75,2,10,78,3,1,163,Normal
22.81,json,21.08,6,35,411,22,5,365,Normal
24.34,jpg,1.45,1,4,83,3,2,165,Normal
7.43,pdf,1.2,0,3,61,2,1,135,Normal
1.45,js,10.08,17,50,514,31,1,324,Normal
3.78,jpg,2.92,2,7,190,4,1,94,Normal
5.0,png,4.36,1,6,265,9,2,96,Normal
3.68,docx,6.37,1,9,101,7,1,163,Normal
1.75,jpg,0.23,2,7,11,3,1,278,Normal
2.68,png,3.52,1,10,45,3,1,177,Normal
3.85,py,7.75,5,27,524,19,2,190,Normal
239.68,zip,3.42,3,14,249,6,2,56,Normal
2.51,zip,5.07,17,41,1273,25,3,380,Normal
3.66,py,9.24,5,10,5,5,2,1,Normal
15.76,docx,0.2,1,7,7,8,1,7,Normal
28.01,dll,1.73,3,5,49,9,3,82,Suspicious
4.95,txt,1.74,4,12,15,3,1,241,Normal
155.93,zip,16.47,3,15,161,14,1,177,Normal
3.17,png,4.87,1,3,47,10,2,236,Normal
7.05,xlsx,3.34,0,8,139,8,1,171,Normal
40.58,apk,7.71,4,18,121,5,1,59,Suspicious
25.81,docx,63.56,31,91,121,87,5,9,Suspicious
8.25,pdf,0.3,0,3,127,6,1,85,Normal
190.24,pdf,18.49,23,73,208,74,3,325,Suspicious
5.43,png,10.78,2,8,5,6,1,5,Normal
4.21,pdf,24.62,9,38,805,15,3,451,Normal
4.28,pdf,3.84,0,7,86,3,1,217,Normal
13.28,py,13.79,6,32,239,22,2,324,Normal
391.61,mp4,4.97,5,12,120,12,1,142,Normal
4.91,jpg,4.02,2,10,24,4,1,142,Normal
5.19,csv,29.36,1,22,442,17,1,253,Normal
2.43,jpg,2.4,0,4,98,10,2,101,Normal
1.05,csv,6.52,9,26,620,24,1,294,Normal
56.95,vbs,30.42,15,31,424,16,6,707,Suspicious
15.17,docx,77.11,46,177,102,30,3,40,Suspicious
0.86,png,4.76,0,5,52,7,3,141,Normal
2.77,py,9.22,19,47,282,19,1,323,Normal
0.36,txt,5.3,2,6,137,6,2,219,Normal
4.07,pdf,0.1,0,3,94,6,2,124,Normal
3.38,jpg,0.1,0,7,79,3,1,132,Normal
0.18,docx,5.19,0,5,183,7,1,248,Normal
2.19,pdf,3.01,0,6,144,1,1,151,Normal
11.61,zip,13.37,16,44,375,14,3,371,Suspicious
32.44,png,3.22,0,2,100,6,1,250,Normal
2.91,png,4.62,1,6,152,5,1,174,Normal
1.31,pdf,4.37,0,5,33,7,1,199,Normal
239.77,png,16.36,3,15,250,10,1,295,Normal
47.24,sh,27.22,5,25,206,23,4,207,Normal
4.32,docx,4.58,0,6,84,7,1,218,Normal
15.2,sh,35.22,9,37,384,23,1,252,Normal
23.18,zip,32.07,12,50,402,21,3,378,Normal
2.74,xlsx,3.51,2,7,119,5,1,56,Normal
10.81,png,6.37,1,6,127,5,2,188,Normal
30.26,jpg,53.82,54,151,110,107,8,40,Suspicious
213.7,mp4,10.32,1,13,274,12,1,301,Normal
2.45,png,2.33,3,10,124,6,2,48,Normal
29.06,txt,18.5,63,107,102,37,5,48,Suspicious
379.2,iso,25.1,15,42,85,26,4,265,Suspicious
4.62,json,21.97,5,35,623,18,1,458,Normal
238.25,mp4,10.26,0,12,84,14,1,145,Normal
1.99,docx,0.14,1,4,58,7,3,123,Normal
3.85,xlsx,3.63,2,7,24,4,1,133,Normal
4.23,png,18.15,12,59,493,26,2,270,Normal
0.8,exe,19.61,4,18,126,17,2,108,Suspicious
29.2,json,28.05,20,52,370,15,1,354,Normal
6.7,zip,6.99,14,25,617,21,2,218,Normal
4.93,pdf,6.36,1,7,81,2,1,198,Normal
2.79,docx,3.88,0,3,89,3,1,110,Normal
1.07,docx,5.54,0,5,164,5,2,213,Normal
10.27,pdf,1.49,1,4,116,3,1,115,Normal
128.2,zip,40.51,17,63,184,60,3,283,Suspicious
33.11,pdf,11.14,9,40,296,25,4,336,Normal
3.96,png,2.87,0,10,58,6,1,205,Normal
14.72,png,23.42,15,48,358,33,1,279,Normal
7.52,pdf,1.74,0,4,169,5,1,144,Normal
5.14,docx,1.41,0,9,5,6,2,7,Normal
11.05,png,1.45,1,2,22,4,1,81,Normal
14.21,py,20.71,21,67,488,19,2,508,Normal
3.93,pdf,8.05,4,13,4,4,1,4,Normal
3.84,png,1.55,1,3,77,4,2,211,Normal
9.32,pdf,4.93,0,2,7,6,1,7,Normal
10.91,zip,7.66,7,50,522,30,1,319,Normal
3.93,pdf,5.79,1,5,81,4,1,78,Normal
4.4,jpg,47.48,32,193,113,79,4,47,Suspicious
3.32,docx,1.13,0,3,49,6,1,97,Normal
11.97,docx,4.12,0,5,86,7,1,90,Normal
311.45,zip,5.28,3,13,350,8,1,250,Normal
12.31,pdf,29.77,10,86,490,24,1,233,Normal
3.88,txt,15.97,25,54,223,23,5,168,Normal
0.83,jpg,4.2,1,5,22,1,1,296,Normal
0.57,jpg,1.05,0,1,26,7,1,129,Normal
3.7,docx,4.18,2,7,61,3,1,151,Normal
3.58,png,3.24,2,9,206,8,1,129,Normal
9.59,js,9.13,17,50,804,26,2,475,Normal
49.62,py,21.06,11,54,418,32,4,153,Suspicious
9.1,pdf,3.69,1,6,2,8,1,9,Normal
0.27,jpg,11.19,3,12,1,5,1,4,Normal
7.84,pdf,2.27,2,10,78,6,1,194,Normal
1.0,pdf,4.33,2,4,46,6,1,79,Normal
160.65,mp4,5.32,2,16,114,7,2,235,Normal
4.32,png,2.25,1,5,83,4,2,204,Normal
61.96,docx,25.5,8,20,197,26,5,738,Suspicious
18.54,pdf,9.43,3,7,4,10,1,7,Normal
2.67,py,11.11,6,93,545,17,1,546,Normal
0.52,png,2.81,0,3,27,2,1,248,Normal
2.36,jpg,1.53,0,4,52,6,1,121,Normal
4.73,docx,6.49,1,6,7,8,1,3,Normal
3.38,txt,3.09,0,4,53,4,1,110,Normal
1.85,txt,0.1,0,12,23,6,1,250,Normal
1.75,dll,7.45,4,13,18,14,2,7,Suspicious
35.32,js,29.78,24,37,413,18,1,443,Normal
8.49,js,9.97,9,28,501,19,1,505,Normal
7.88,png,22.95,13,56,316,18,5,294,Suspicious
26.51,csv,29.55,14,86,1127,22,5,225,Normal
1.12,docx,1.42,0,5,60,9,1,160,Normal
5.09,docx,6.55,3,8,147,3,1,287,Normal
371.89,zip,11.79,3,17,275,12,2,119,Normal
1.93,png,5.67,3,9,178,9,2,124,Normal
5.98,png,0.1,1,10,7,5,1,125,Normal
2.86,py,4.15,21,65,660,25,2,129,Normal
13.76,txt,50.65,35,167,112,40,5,36,Suspicious
269.26,mp4,5.4,3,14,191,5,1,110,Normal
15.8,docx,18.11,31,101,163,88,6,60,Suspicious
4.01,sh,18.78,12,38,365,23,2,288,Normal
394.17,docx,42.43,18,71,95,70,5,147,Suspicious
5.51,pdf,1.23,1,7,2,6,1,4,Normal
309.43,pdf,28.37,11,62,213,49,3,97,Suspicious
4.59,png,6.59,1,5,6,6,1,8,Normal
4.01,docx,5.87,1,6,90,7,2,52,Normal
1.56,docx,12.35,2,10,8,6,2,5,Normal
0.24,png,0.95,0,6,82,7,1,267,Normal
1.39,jpg,9.57,1,4,5,8,2,4,Normal
1.11,docx,9.18,2,8,5,6,2,9,Normal
4.5,pdf,4.62,1,7,95,3,1,172,Normal
399.44,zip,8.98,0,10,472,11,1,124,Normal
11.16,docx,6.05,1,6,57,5,1,325,Normal
2.63,txt,2.17,0,10,62,7,2,182,Normal
9.02,sh,33.99,6,30,476,29,3,308,Normal
0.46,jpg,4.22,0,2,64,5,1,201,Normal
3.36,docx,9.45,1,7,2,12,1,1,Normal
5.76,pdf,3.05,0,4,65,2,1,161,Normal
453.88,wav,12.95,3,14,52,13,3,223,Normal
262.02,mp4,14.8,1,8,111,16,2,248,Normal
2.47,jpg,0.1,2,9,75,6,1,188,Normal
0.29,png,4.28,1,2,157,6,1,142,Normal
10.27,py,28.25,5,40,327,19,2,286,Normal
10.06,jpg,5.88,1,12,3,10,1,2,Normal
8.04,png,4.16,3,8,109,9,1,106,Normal
315.75,wav,12.14,5,24,89,13,4,276,Normal
3.17,docx,5.25,1,4,4,8,1,5,Normal
3.96,pdf,5.06,0,8,21,9,1,175,Normal
257.84,wav,18.47,0,17,187,9,1,232,Normal
3.04,pdf,2.02,1,5,32,6,1,235,Normal
16.41,zip,25.31,19,60,952,22,2,350,Normal
2.48,docx,0.1,0,7,45,11,2,348,Normal
247.82,jpg,12.09,1,10,274,16,2,155,Normal
1.17,png,4.77,0,4,80,4,3,372,Normal
1.96,png,4.68,1,4,60,6,1,83,Normal
8.28,sh,4.92,9,22,207,19,1,143,Normal
1.66,docx,5.65,0,3,25,2,2,222,Normal
19.74,py,31.37,33,47,150,28,2,385,Normal
9.4,pdf,6.1,0,2,3,8,1,6,Normal
5.94,xlsx,4.73,0,3,31,6,3,192,Normal
1.95,jpg,1.14,1,4,20,2,1,130,Normal
9.02,js,15.75,6,29,243,22,3,420,Normal
15.37,bin,20.65,3,13,49,9,2,118,Suspicious
1.7,zip,9.28,1,5,5,2,1,6,Normal
13.88,docx,53.38,62,180,109,37,7,1,Suspicious
143.45,wav,11.21,1,19,66,12,1,143,Normal
5.52,exe,18.06,4,17,88,11,1,117,Suspicious
8.36,docx,14.04,5,45,349,19,3,365,Suspicious
260.77,mp4,16.91,7,21,326,12,3,233,Normal
5.72,png,16.06,9,26,670,25,1,199,Normal
11.6,pdf,25.72,7,59,263,24,4,690,Suspicious
17.52,zip,28.76,10,30,406,23,1,197,Normal
8.9,png,1.39,2,8,4,9,1,6,Normal
5.9,png,0.38,0,4,97,2,1,208,Normal
0.42,png,5.59,1,5,86,4,2,187,Normal
1.28,docx,0.46,0,8,4,4,1,2,Normal
8.91,png,4.96,1,5,54,4,1,292,Normal
4.31,docx,1.32,0,4,113,3,1,106,Normal
2.39,txt,1.11,0,6,38,6,1,191,Normal
4.28,txt,3.23,1,4,100,7,1,359,Normal
0.93,xlsx,0.37,0,5,81,6,3,69,Normal
3.08,pdf,4.11,3,7,94,9,1,186,Normal
10.6,py,15.81,15,50,204,21,1,432,Normal
253.25,png,3.87,4,20,91,12,3,153,Normal
0.97,py,18.49,9,22,580,16,1,339,Normal
0.29,jpg,1.33,1,4,43,8,1,99,Normal
2.32,jpg,1.29,1,3,33,8,1,121,Normal
394.15,wav,14.57,4,12,56,16,1,230,Normal
15.35,py,14.18,19,54,798,24,1,143,Normal
0.18,pdf,4.87,0,4,70,4,1,245,Normal
2.15,docx,4.9,1,2,106,4,1,161,Normal
85.49,wav,11.0,0,13,371,13,1,254,Normal
3.24,jpg,0.2,1,5,53,6,1,159,Normal
7.4,docx,12.7,0,1,5,4,1,9,Normal
13.39,pdf,5.66,0,5,4,8,1,3,Normal
35.51,exe,13.57,5,16,35,11,3,15,Suspicious
1.4,docx,0.83,1,4,101,9,1,131,Normal
60.65,zip,14.59,4,18,102,18,1,165,Normal
1.77,zip,20.91,13,26,296,25,3,280,Normal
8.89,png,2.41,1,2,25,5,1,159,Normal
2.62,pdf,2.93,0,11,100,2,1,245,Normal
6.41,zip,3.15,1,5,6,6,1,8,Normal
9.31,pdf,2.8,1,10,193,3,1,97,Normal
1.04,png,4.23,2,8,38,4,1,93,Normal
4.24,py,27.2,16,44,390,26,1,222,Normal
0.66,png,0.62,0,6,60,7,1,118,Normal
4.4,js,29.83,7,47,1047,24,2,362,Normal
1.51,docx,5.66,0,2,78,7,1,170,Normal
2.83,js,22.72,5,43,987,27,1,319,Normal
6.39,zip,32.81,22,44,338,24,2,219,Normal
210.75,bin,36.98,22,74,251,75,3,165,Suspicious
6.43,pdf,3.7,2,5,52,5,1,189,Normal
1.0,xlsx,5.14,0,3,157,7,1,158,Normal
36.08,vbs,15.38,3,13,63,14,4,117,Suspicious
229.81,wav,1.57,2,16,188,11,1,286,Normal
1.99,docx,13.56,10,29,311,32,6,780,Suspicious
3.53,docx,0.84,0,5,52,3,1,280,Normal
0.36,pdf,3.87,0,5,36,2,2,196,Normal
2.97,pdf,3.03,0,4,79,3,1,165,Normal
1.44,py,14.48,13,43,200,18,1,106,Normal
6.92,jpg,9.8,2,12,3,9,3,1,Normal
2.64,zip,7.17,11,66,228,23,2,271,Normal
3.3,docx,1.46,0,5,82,9,1,144,Normal
1.68,docx,0.87,0,3,8,5,1,206,Normal
0.65,txt,5.39,2,7,121,3,2,105,Normal
1.1,pdf,3.72,0,7,30,6,1,97,Normal
2.52,txt,2.16,0,5,52,11,1,101,Normal
4.55,png,4.45,1,3,101,4,1,119,Normal
30.65,json,5.71,22,41,611,22,1,370,Normal
40.92,json,10.28,15,33,652,30,3,341,Normal
9.43,pdf,0.56,1,2,181,6,1,315,Normal
2.34,jpg,3.29,2,8,146,3,1,127,Normal
0.18,jpg,2.1,1,3,56,3,1,83,Normal
1.13,pdf,4.64,1,6,72,9,1,172,Normal
3.13,txt,4.52,0,6,83,4,1,324,Normal
0.57,json,32.77,4,28,848,25,1,185,Normal
0.28,jpg,3.71,3,11,4,10,1,4,Normal
45.98,apk,6.88,8,19,65,9,1,12,Suspicious
29.66,py,70.76,48,163,42,73,4,21,Suspicious
0.48,png,2.86,2,6,48,3,1,105,Normal
12.35,exe,18.75,6,29,283,24,5,445,Suspicious
0.23,pdf,5.06,0,9,68,4,2,106,Normal
6.55,png,5.0,1,8,31,3,1,168,Normal
22.75,js,17.61,18,41,288,28,1,205,Normal
0.22,json,34.08,9,36,661,20,4,193,Normal
389.65,mp4,10.59,4,10,253,13,1,480,Normal
8.8,jpg,1.99,0,5,69,7,1,116,Normal
0.31,pdf,3.86,0,2,136,4,1,196,Normal
1.13,jpg,1.8,1,8,57,6,1,91,Normal
2.91,js,1.0,14,37,745,24,1,390,Normal
4.89,png,2.18,0,4,47,3,1,164,Normal
5.09,docx,5.56,1,6,172,9,1,389,Normal
21.91,docx,71.49,42,156,101,70,5,30,Suspicious
15.38,docx,1.19,2,6,26,6,1,135,Normal
11.51,js,16.61,15,59,358,26,1,240,Normal
145.54,iso,37.91,22,45,197,60,3,157,Suspicious
18.6,bat,10.99,3,10,61,7,2,114,Suspicious
0.85,pdf,2.07,1,6,69,8,2,156,Normal
1.94,txt,3.39,0,2,89,5,2,123,Normal
14.7,pdf,0.41,0,3,113,6,1,298,Normal
7.93,png,3.48,1,8,133,1,1,204,Normal
9.09,jpg,4.84,2,12,63,6,1,81,Normal
3.33,dll,30.61,3,32,260,14,5,820,Suspicious
5.77,docx,3.56,1,7,39,3,1,219,Normal
1.21,png,2.81,1,12,262,2,1,330,Normal
5.62,pdf,5.06,4,10,6,8,1,3,Normal
34.67,pdf,35.9,3,36,541,17,8,225,Suspicious
192.24,zip,10.87,0,8,169,10,1,87,Normal
0.84,txt,4.14,1,4,92,4,1,256,Normal
0.99,png,4.29,0,4,34,4,1,137,Normal
20.45,zip,9.31,25,58,238,25,1,182,Normal
415.21,zip,10.84,9,48,278,29,3,221,Suspicious
9.21,sh,28.19,11,31,840,24,2,199,Normal
25.76,docx,13.29,6,59,266,45,7,363,Suspicious
2.64,png,0.84,1,7,42,6,1,167,Normal
10.1,jpg,2.97,2,9,113,7,1,124,Normal
5.03,pdf,0.77,0,5,18,2,1,74,Normal
95.84,mp4,19.01,2,12,271,20,2,159,Normal
45.98,pdf,24.96,14,33,267,36,4,301,Suspicious
1.95,jpg,3.97,1,4,35,5,2,72,Normal
1.21,jpg,6.45,0,3,2,8,1,3,Normal
4.12,docx,2.67,1,9,83,3,1,190,Normal
8.95,pdf,3.96,1,9,36,3,3,253,Normal
6.99,txt,2.14,1,10,25,7,1,75,Normal
5.36,pdf,5.29,0,2,54,4,1,275,Normal
5.42,png,5.45,0,4,82,5,1,193,Normal
110.74,pdf,9.57,3,31,353,26,5,326,Normal
2.77,jpg,2.51,1,8,89,4,1,128,Normal
2.73,jpg,3.5,0,3,174,5,2,90,Normal
32.19,sh,27.68,14,29,192,23,4,664,Suspicious
17.73,zip,31.68,21,57,719,25,2,245,Normal
2.11,py,23.84,14,39,655,27,2,233,Normal
305.7,pdf,43.04,10,64,266,62,4,240,Suspicious
1.08,jpg,2.42,2,10,31,6,1,142,Normal
6.42,png,3.23,0,6,28,6,1,243,Normal
1.97,png,3.73,1,8,3,9,1,8,Normal
23.56,zip,10.32,8,62,169,24,6,120,Suspicious
1.56,pdf,4.96,0,4,22,7,1,172,Normal
0.71,py,29.5,5,23,611,14,1,162,Normal
8.59,pdf,5.16,0,8,25,7,1,124,Normal
33.19,mp4,70.84,41,213,86,34,8,16,Suspicious
3.67,png,1.75,0,5,71,7,1,211,Normal
6.33,py,14.05,14,42,166,25,5,604,Normal
3.37,png,3.19,1,7,91,7,2,136,Normal
5.89,png,2.08,0,5,159,7,2,219,Normal
1.22,pdf,3.07,0,8,25,4,1,150,Normal
17.23,png,0.28,0,7,33,9,1,125,Normal
403.83,mp4,7.52,1,17,156,9,1,235,Normal
2.5,png,1.06,1,10,26,8,1,119,Normal
1.28,png,2.87,0,3,19,8,1,234,Normal
18.5,js,15.25,3,41,458,26,2,116,Normal
217.9,mp4,5.35,2,16,160,14,2,214,Normal
6.47,pdf,6.49,0,8,154,4,1,91,Normal
10.18,pdf,10.45,5,11,5,6,1,9,Normal
4.02,py,19.46,6,54,810,22,2,255,Normal
2.16,xlsx,4.22,1,7,93,2,1,176,Normal
4.55,txt,1.57,1,7,58,5,1,214,Normal
0.62,txt,2.58,1,3,53,6,2,185,Normal
10.09,docx,9.44,3,11,6,6,3,0,Normal
8.67,pdf,2.53,0,5,130,6,1,178,Normal
0.59,jpg,5.61,1,7,144,7,1,204,Normal
4.98,jpg,8.44,3,6,6,9,1,3,Normal
4.13,png,10.88,0,7,8,5,1,0,Normal
59.36,png,32.98,5,36,794,38,4,537,Suspicious
281.81,png,17.17,1,7,120,9,1,340,Normal
0.84,png,2.81,0,4,121,3,2,193,Normal
1.37,jpg,1.6,2,12,8,6,1,8,Normal
1.92,docx,3.95,1,8,23,7,1,156,Normal
5.07,txt,13.55,13,35,243,19,3,155,Normal
2.07,json,31.18,10,36,1102,26,2,371,Normal
0.28,pdf,4.82,0,6,41,7,2,206,Normal
2.12,txt,1.7,0,2,76,4,1,212,Normal
14.17,jpg,2.43,0,5,281,4,1,220,Normal
1.58,txt,1.96,0,13,13,5,1,193,Normal
3.78,pdf,4.69,1,6,26,2,2,233,Normal
2.41,dll,18.78,7,46,403,17,3,507,Suspicious
5.92,png,5.98,0,6,8,6,1,4,Normal
4.82,pdf,3.94,1,4,186,6,1,90,Normal
118.32,zip,11.66,2,12,139,12,1,180,Normal
0.57,docx,2.17,2,5,67,3,1,285,Normal
4.82,png,3.82,3,8,41,6,1,119,Normal
3.13,pdf,7.96,0,6,4,8,1,6,Normal
14.52,jpg,3.04,0,9,8,9,1,1,Normal
419.11,jpg,17.21,3,11,295,9,1,173,Normal
1.53,docx,5.68,0,5,87,4,1,87,Normal
15.29,zip,56.91,30,121,16,31,4,19,Suspicious
54.44,zip,35.49,14,50,269,30,6,162,Suspicious
1.99,pdf,4.14,0,6,172,2,3,286,Normal
5.99,pdf,1.1,0,3,43,6,1,214,Normal
469.62,iso,37.98,11,61,216,53,3,254,Suspicious
11.36,sh,28.91,9,53,133,27,1,258,Normal
0.17,pdf,5.08,1,5,34,6,1,244,Normal
22.74,txt,35.92,11,25,754,27,1,226,Normal
361.47,mp4,16.96,16,46,130,33,2,194,Suspicious
28.09,zip,34.1,9,24,139,18,8,118,Suspicious
47.25,pdf,16.93,18,29,236,12,3,415,Suspicious
4.02,pdf,9.73,3,6,7,8,1,7,Normal
12.6,zip,10.49,29,65,594,24,2,189,Normal
4.61,csv,8.37,9,35,280,21,3,444,Normal
3.52,docx,0.97,0,5,34,5,2,303,Normal
0.42,jpg,7.77,1,5,5,5,1,3,Normal
5.3,jpg,2.52,1,8,18,9,1,111,Normal
12.53,pdf,11.25,5,20,564,21,2,283,Normal
5.04,txt,2.46,1,5,92,4,1,132,Normal
254.11,mp4,17.32,4,15,199,10,1,119,Normal
16.23,txt,5.97,1,7,64,7,1,210,Normal
2.79,jpg,1.33,2,14,11,5,2,7,Normal
2.63,docx,4.95,0,5,267,6,1,221,Normal
1.63,docx,4.8,0,4,94,6,1,199,Normal
4.17,pdf,1.86,2,7,163,5,1,186,Normal
1.89,js,32.07,13,34,204,24,1,151,Normal
15.7,pdf,64.33,24,150,20,60,5,30,Suspicious
4.12,docx,2.7,1,7,165,6,1,205,Normal
21.66,mp4,71.4,23,103,130,39,5,7,Suspicious
0.15,docx,4.16,0,3,6,9,1,4,Normal
12.25,zip,10.22,5,37,81,52,5,208,Suspicious
1.82,zip,21.99,18,61,657,24,1,211,Normal
2.77,pdf,3.88,3,11,72,2,3,254,Normal
40.8,pdf,30.59,15,57,350,37,6,844,Suspicious
5.6,pdf,4.48,3,8,6,9,3,0,Normal
5.59,js,7.12,4,17,280,14,1,123,Normal
6.66,docx,5.76,2,7,6,5,1,3,Normal
7.79,jpg,0.1,2,9,50,2,1,67,Normal
49.32,bin,3.77,10,26,28,7,1,47,Suspicious
10.19,png,4.71,2,10,7,9,1,4,Normal
21.97,mp4,7.09,1,8,562,13,4,167,Normal
4.56,txt,25.06,8,17,609,23,2,204,Normal
53.75,exe,35.19,7,46,137,18,3,252,Suspicious
5.5,pdf,7.81,7,38,358,32,1,127,Normal
70.58,mp4,9.9,2,8,160,13,1,243,Normal
0.98,zip,0.72,1,4,4,9,3,1,Normal
65.85,json,22.35,2,19,424,26,1,474,Normal
8.1,py,13.15,14,67,373,25,3,248,Normal
3.14,pdf,4.84,2,10,39,8,1,328,Normal
54.93,pdf,16.49,1,8,50,8,2,85,Suspicious
22.43,png,55.53,26,69,102,40,5,45,Suspicious
79.41,wav,6.3,0,15,154,15,1,326,Normal
11.51,pdf,30.8,17,44,400,16,6,345,Suspicious
2.06,zip,23.89,11,28,437,29,1,144,Normal
359.76,docx,30.84,18,36,148,49,3,224,Suspicious
10.03,py,24.34,16,36,582,24,1,167,Normal
226.97,zip,11.62,11,47,268,64,3,218,Suspicious
3.65,jpg,0.1,1,4,30,5,1,144,Normal
3.8,docx,9.38,0,3,2,8,1,5,Normal
11.85,docx,7.92,1,5,4,7,1,1,Normal
0.4,pdf,0.1,2,5,11,5,1,181,Normal
19.58,iso,18.53,4,12,38,6,4,33,Suspicious
5.24,json,26.35,10,34,285,24,1,590,Normal
0.59,docx,5.52,1,6,48,7,1,98,Normal
10.49,exe,15.32,5,18,112,8,1,109,Suspicious
9.1,pdf,3.38,1,6,107,4,1,165,Normal
2.12,pdf,8.4,0,11,4,6,1,4,Normal
184.85,mp4,11.9,1,8,178,11,1,132,Normal
0.87,png,1.52,0,2,38,9,1,292,Normal
16.33,pdf,30.54,12,41,452,30,1,432,Normal
7.07,docx,17.82,17,31,347,22,3,834,Suspicious
24.3,zip,34.2,31,121,58,43,5,56,Suspicious
25.63,jpg,70.01,50,207,44,54,6,20,Suspicious
0.48,txt,1.08,2,5,111,7,2,154,Normal
15.5,zip,7.87,4,22,311,22,3,154,Normal
26.27,js,23.82,8,38,488,19,1,198,Normal
5.91,jpg,4.4,0,3,86,5,1,104,Normal
7.49,zip,82.07,56,144,169,71,6,35,Suspicious
232.22,mp4,13.1,3,19,164,14,1,257,Normal
23.11,bat,8.4,3,18,58,9,1,117,Suspicious
10.0,txt,0.1,2,6,93,4,1,112,Normal
1.96,docx,6.68,1,6,2,7,3,7,Normal
5.68,png,5.38,2,10,95,6,1,284,Normal
7.09,png,3.27,1,5,283,4,1,196,Normal
9.31,bat,4.3,4,13,101,8,1,101,Suspicious
0.36,pdf,5.08,2,7,103,5,2,173,Normal
7.29,docx,5.87,0,5,21,5,2,270,Normal
13.62,txt,3.97,4,9,24,5,1,156,Normal
2.36,jpg,2.19,0,8,105,5,1,312,Normal
8.54,pdf,7.74,0,11,3,6,1,2,Normal
1.39,jpg,4.01,2,8,6,11,1,9,Normal
3.66,docx,4.7,2,9,3,6,2,2,Normal
410.98,wav,10.62,5,11,179,17,2,225,Normal
2.91,txt,4.35,1,4,40,6,1,319,Normal
160.7,mp4,0.5,1,7,82,12,1,275,Normal
4.27,pdf,0.73,1,4,43,6,1,165,Normal
0.64,docx,5.27,0,5,40,6,1,321,Normal
3.07,jpg,2.63,1,7,23,3,1,130,Normal
2.72,png,1.87,1,5,139,3,1,171,Normal
3.97,xlsx,5.44,0,5,209,3,1,61,Normal
10.92,pdf,70.21,12,51,94,46,7,40,Suspicious
2.58,jpg,3.79,0,4,90,6,1,80,Normal
13.75,zip,15.76,8,47,357,28,1,343,Normal
0.28,docx,4.71,0,8,123,8,1,111,Normal
0.52,jpg,4.11,1,11,49,5,2,227,Normal
6.55,pdf,1.27,1,8,67,5,1,138,Normal
8.28,docx,5.56,0,4,144,2,1,194,Normal
25.68,json,15.82,22,62,252,23,2,207,Normal
11.17,png,8.81,3,9,5,9,1,9,Normal
6.75,docx,10.69,4,10,4,9,1,5,Normal
3.62,png,3.95,2,8,59,4,2,82,Normal
1.05,docx,0.38,0,4,102,6,1,339,Normal
24.47,png,47.54,14,185,33,98,5,31,Suspicious
31.36,docx,60.62,65,117,177,127,6,16,Suspicious
0.19,docx,3.42,1,7,35,1,1,135,Normal
15.71,zip,28.79,9,43,619,30,3,219,Normal
13.8,pdf,13.19,15,45,267,22,1,301,Normal
0.72,png,1.3,1,4,30,8,1,259,Normal
0.09,pdf,3.51,0,6,173,4,1,108,Normal
4.56,pdf,7.29,24,70,435,24,1,569,Normal
4.03,docx,3.76,0,8,124,9,1,122,Normal
3.29,jpg,8.41,3,12,5,4,1,0,Normal
3.2,xlsx,1.39,0,6,23,6,3,251,Normal
6.43,docx,1.45,0,7,23,5,1,83,Normal
2.45,jpg,10.67,1,9,10,6,2,1,Normal
0.09,pdf,4.37,0,4,153,3,2,84,Normal
0.99,pdf,5.33,0,3,23,4,1,115,Normal
21.23,exe,5.03,16,31,525,14,5,559,Suspicious
2.75,png,1.69,0,7,97,4,2,139,Normal
11.89,txt,9.4,9,29,353,19,1,151,Normal
5.32,pdf,1.59,2,10,63,6,1,89,Normal
3.04,docx,2.17,0,5,39,1,1,130,Normal
24.09,pdf,10.78,2,8,4,5,1,3,Normal
2.55,docx,4.07,0,3,145,7,1,305,Normal
8.7,jpg,2.69,1,8,209,4,1,147,Normal
0.72,pdf,2.53,1,3,24,4,2,252,Normal
2.63,png,12.9,1,7,5,11,1,6,Normal
1.19,py,7.75,21,46,594,21,2,248,Normal
6.2,py,17.05,18,29,329,18,2,133,Normal
1.6,jpg,3.66,0,2,35,8,1,75,Normal
2.32,docx,8.39,1,6,3,6,1,7,Normal
6.09,py,31.14,14,34,149,18,3,114,Normal
1.31,txt,2.13,1,8,85,4,1,232,Normal
3.99,docx,2.98,2,10,7,6,1,5,Normal
3.91,py,15.62,11,51,339,24,1,486,Normal
2.89,pdf,3.79,1,7,21,1,1,179,Normal
2.29,docx,5.43,0,10,41,2,1,175,Normal
1.72,pdf,3.95,0,5,100,7,1,497,Normal
35.38,bat,11.49,7,18,56,11,2,114,Suspicious
9.2,png,0.92,2,6,6,5,1,5,Normal
2.97,pdf,0.1,0,7,40,2,1,119,Normal
110.47,bin,33.69,23,63,46,67,4,232,Suspicious
123.78,wav,15.93,2,13,260,12,1,149,Normal
12.7,png,49.52,67,104,96,79,6,33,Suspicious
144.82,mp4,12.79,1,13,340,10,2,173,Normal
12.78,json,32.63,8,29,280,24,2,168,Normal
14.88,py,12.21,7,29,200,36,3,223,Normal
30.39,jpg,73.35,18,196,40,130,3,0,Suspicious
3.05,jpg,3.09,0,7,168,3,2,75,Normal
1.66,jpg,1.35,1,4,110,6,1,192,Normal
10.01,zip,22.28,9,27,417,29,3,117,Normal
5.97,pdf,0.63,0,4,33,4,1,239,Normal
28.33,sh,26.41,16,45,134,62,5,44,Suspicious
1.95,docx,2.04,0,5,63,6,1,128,Normal
4.52,jpg,0.1,1,8,88,6,1,282,Normal
235.25,zip,28.44,14,56,45,69,2,273,Suspicious
5.27,sh,22.77,19,29,462,18,2,117,Normal
3.37,jpg,9.65,0,7,5,7,2,5,Normal
28.95,png,68.85,58,234,166,63,3,11,Suspicious
3.48,docx,2.8,1,6,57,5,1,128,Normal
30.37,json,34.94,11,35,504,17,1,430,Normal
22.85,png,11.04,1,6,5,11,1,2,Normal
2.47,txt,5.13,0,7,77,6,1,384,Normal
7.06,vbs,37.67,4,21,402,16,6,564,Suspicious
8.66,txt,0.98,1,6,18,5,1,125,Normal
8.58,docx,3.38,1,6,4,7,1,2,Normal
9.44,py,17.46,14,54,293,33,1,319,Normal
11.35,jpg,3.32,3,10,6,3,1,9,Normal
4.92,png,16.64,8,64,673,27,4,206,Normal
31.22,dll,2.01,6,14,125,9,1,32,Suspicious
1.28,csv,28.56,7,27,827,25,2,162,Normal
3.25,json,11.68,6,15,374,26,2,293,Normal
46.86,scr,10.66,4,10,22,8,1,53,Suspicious
188.24,mp4,5.06,2,12,257,15,1,121,Normal
9.23,zip,33.49,17,35,632,26,2,385,Normal
112.17,bin,29.11,8,28,146,21,6,121,Suspicious
16.97,py,77.75,58,161,74,94,4,36,Suspicious
2.16,txt,20.43,7,18,625,20,3,237,Normal
383.21,mp4,5.14,0,4,155,10,2,358,Normal
4.87,xlsx,0.97,1,8,42,7,1,87,Normal
1.28,docx,1.46,0,3,39,4,1,95,Normal
5.53,pdf,3.21,1,6,131,6,1,237,Normal
4.81,jpg,3.51,1,6,8,4,1,5,Normal
0.76,pdf,0.95,0,4,338,7,1,108,Normal
0.49,docx,1.58,1,3,88,3,1,74,Normal
49.16,vbs,14.5,6,17,47,11,2,42,Suspicious
1.53,jpg,5.04,1,9,133,5,1,206,Normal
6.24,png,3.25,0,7,132,5,1,286,Normal
1.07,docx,3.71,1,8,3,8,1,9,Normal
5.21,png,3.5,5,15,8,5,1,7,Normal
9.52,zip,12.11,5,24,289,25,3,274,Normal
7.05,js,27.54,10,39,204,24,2,202,Normal
1.26,png,1.93,0,4,59,5,1,270,Normal
4.74,pdf,10.7,0,7,5,11,1,3,Normal
47.47,iso,15.44,8,20,147,9,1,110,Suspicious
46.51,bin,13.29,6,13,17,11,2,63,Suspicious
3.62,zip,18.67,8,14,1115,28,1,404,Normal
17.8,zip,30.95,4,40,333,16,1,413,Normal
4.46,docx,2.29,0,4,57,10,1,99,Normal
3.56,png,1.76,2,5,25,4,1,368,Normal
4.73,js,4.24,10,39,1407,25,1,190,Normal
4.2,zip,14.95,2,39,306,32,1,176,Normal
27.34,sh,7.66,19,35,340,26,1,179,Normal
3.82,py,8.58,0,5,8,1,1,7,Normal
26.19,sh,25.26,9,34,867,30,1,333,Normal
0.15,csv,31.73,6,32,238,23,4,221,Normal
9.36,pdf,30.42,14,29,465,16,4,740,Suspicious
51.36,pdf,12.41,9,17,215,9,4,16,Suspicious
220.63,jpg,18.21,2,14,119,10,2,267,Normal
0.15,docx,2.21,0,5,52,3,1,180,Normal
2.24,sh,19.2,10,27,399,24,4,210,Normal
18.14,docx,6.03,6,11,4,3,1,2,Normal
4.53,pdf,4.52,0,8,197,5,1,242,Normal
6.22,docx,3.99,0,5,82,4,2,129,Normal
3.64,txt,4.27,5,12,41,2,1,255,Normal
0.41,pdf,0.1,0,4,71,5,1,74,Normal
13.36,zip,10.48,0,19,301,20,2,274,Normal
1.94,png,3.62,1,8,37,2,3,138,Normal
1.01,py,2.9,1,3,5,4,1,7,Normal
5.81,jpg,10.75,1,12,5,8,1,7,Normal
7.71,docx,0.83,2,2,69,7,1,190,Normal
13.61,pdf,2.02,1,4,81,7,1,313,Normal
5.22,pdf,2.6,0,4,24,4,1,51,Normal
37.25,vbs,14.63,5,20,55,11,2,60,Suspicious
9.52,py,27.32,7,20,62,29,1,245,Normal
7.42,pdf,13.55,1,4,4,8,1,0,Normal
7.3,zip,11.8,13,36,219,32,3,164,Normal
2.5,txt,5.38,1,9,78,5,1,75,Normal
9.37,pdf,4.67,2,10,90,9,2,264,Normal
14.29,js,13.64,14,45,643,26,2,229,Normal
60.24,zip,12.29,9,46,70,45,5,759,Suspicious
273.78,wav,1.78,0,13,141,15,1,250,Normal
394.23,zip,1.53,4,19,148,21,1,171,Normal
0.38,docx,3.02,1,9,5,4,1,4,Normal
1.23,pdf,1.26,0,6,68,5,1,190,Normal
5.35,xlsx,5.12,1,8,42,5,1,255,Normal
0.41,docx,4.13,0,8,5,6,1,8,Normal
3.58,pdf,0.85,1,5,141,9,1,192,Normal
294.62,zip,15.08,4,20,276,72,3,339,Suspicious
11.86,pdf,5.49,1,7,49,5,1,168,Normal
4.83,py,17.52,6,42,296,29,2,96,Normal
0.49,docx,4.26,0,5,46,5,1,173,Normal
353.1,wav,8.31,2,14,298,8,1,133,Normal
7.39,docx,2.21,1,8,50,5,1,108,Normal
11.83,zip,7.19,5,23,561,27,1,173,Normal
0.63,py,6.71,2,7,4,7,1,8,Normal
3.73,docx,1.33,0,4,53,7,1,26,Normal
8.43,docx,35.75,10,53,323,15,6,214,Suspicious
106.61,iso,13.92,2,16,194,11,2,432,Normal
30.84,exe,28.07,15,63,158,29,3,147,Suspicious
387.49,mp4,26.63,6,27,244,20,5,323,Suspicious
11.95,jpg,11.29,5,13,4,5,3,6,Normal
125.37,wav,4.72,6,18,90,8,1,325,Normal
129.78,mp4,16.91,3,15,218,15,2,255,Normal
0.57,png,5.59,2,4,55,2,1,199,Normal
5.74,pdf,4.08,0,5,175,5,1,205,Normal
4.44,py,20.48,20,68,709,17,2,85,Normal
302.58,wav,4.42,2,10,236,15,4,308,Normal
0.95,js,4.36,3,51,335,30,3,199,Normal
77.26,zip,2.21,2,12,177,10,1,473,Normal
4.99,png,6.44,0,7,4,4,1,8,Normal
3.48,jpg,8.45,1,7,6,9,2,7,Normal
1.76,docx,1.38,1,6,29,5,1,100,Normal
6.53,txt,0.65,2,5,62,3,1,115,Normal
0.63,zip,28.53,29,42,716,28,3,105,Normal
4.15,png,4.52,2,10,130,7,2,135,Normal
0.26,jpg,0.54,0,5,53,6,2,326,Normal
5.61,xlsx,33.38,50,87,163,44,4,9,Suspicious
22.94,pdf,27.19,14,45,198,36,3,548,Suspicious
0.79,pdf,1.68,1,5,74,3,2,103,Normal
1.57,jpg,1.47,0,2,119,5,1,125,Normal
18.35,py,13.75,5,29,637,16,1,682,Normal
11.17,py,26.66,17,40,369,27,2,221,Normal
3.69,txt,17.22,31,47,733,26,2,228,Normal
0.81,pdf,3.39,1,12,74,4,1,191,Normal
12.26,jpg,3.84,2,6,64,6,1,102,Normal
437.17,pdf,29.13,16,39,227,33,5,167,Suspicious
29.25,docx,23.28,11,31,504,27,4,398,Suspicious
364.53,jpg,11.09,3,14,341,13,1,136,Normal
1.36,pdf,1.42,2,9,6,3,1,6,Normal
5.61,sh,10.76,14,30,222,20,5,261,Normal
3.3,docx,1.87,1,6,206,4,1,173,Normal
32.33,zip,9.86,3,13,123,11,3,106,Normal
19.43,zip,13.72,8,40,664,23,1,244,Normal
2.26,png,1.82,0,3,92,6,1,161,Normal
6.76,pdf,1.13,1,9,145,3,1,195,Normal
4.7,py,33.03,20,48,833,19,2,377,Normal
1.12,jpg,1.52,1,5,94,8,1,108,Normal
50.15,vbs,17.96,4,10,42,14,1,59,Suspicious
6.03,pdf,9.84,1,8,6,3,2,9,Normal
1.68,js,25.84,19,46,263,18,3,336,Normal
2.86,docx,1.62,0,9,49,4,1,97,Normal
210.51,mp4,15.87,4,12,98,12,1,107,Normal
20.08,json,26.72,9,21,303,28,3,220,Normal
19.63,js,19.76,13,43,432,16,2,381,Normal
143.47,zip,28.36,17,31,247,46,4,223,Suspicious
23.38,sh,24.35,20,40,119,27,2,246,Normal
13.57,png,1.17,0,6,5,6,1,3,Normal
1.0,sh,8.59,8,22,301,23,2,148,Normal
61.05,png,10.62,4,27,452,51,3,540,Suspicious
6.77,pdf,4.13,3,8,104,4,3,142,Normal
5.58,jpg,1.73,1,7,32,1,1,387,Normal
423.82,mp4,11.07,1,18,76,12,3,418,Normal
3.39,docx,6.42,1,4,5,5,3,3,Normal
2.91,xlsx,1.12,0,5,18,3,1,106,Normal
5.52,zip,30.83,7,40,457,29,3,268,Normal
15.76,js,25.36,9,30,500,25,1,96,Normal
1.88,docx,3.48,1,11,68,1,1,198,Normal
25.66,js,30.17,4,65,299,16,1,424,Normal
1.33,pdf,0.22,0,10,30,8,1,190,Normal
35.25,zip,31.23,9,25,204,28,5,149,Suspicious
3.89,jpg,3.06,0,3,85,6,2,158,Normal
9.23,js,8.18,40,63,478,18,3,431,Normal
5.47,pdf,6.52,7,34,459,18,4,272,Normal
0.56,pdf,1.29,0,5,91,6,1,178,Normal
6.09,png,3.23,1,7,135,4,1,74,Normal
12.31,js,8.4,1,27,189,22,2,306,Normal
5.82,docx,5.19,1,7,1,8,1,7,Normal
2.12,jpg,4.64,1,9,87,6,1,110,Normal
35.56,zip,4.67,5,18,95,6,4,80,Suspicious
3.74,pdf,10.09,0,10,4,4,2,9,Normal
7.22,pdf,1.21,1,4,30,6,1,348,Normal
0.92,pdf,1.72,0,9,172,5,2,158,Normal
11.44,js,16.23,6,50,818,32,2,283,Normal
351.5,mp4,4.84,2,12,200,12,1,114,Normal
2.36,jpg,52.84,22,47,145,41,4,57,Suspicious
0.77,xlsx,2.79,0,4,100,8,1,175,Normal
2.16,xlsx,1.36,1,5,42,4,1,133,Normal
442.2,zip,23.99,5,18,176,40,3,78,Suspicious
0.26,pdf,6.18,0,4,82,6,1,258,Normal
5.19,pdf,35.15,37,128,151,102,5,30,Suspicious
1.42,pdf,9.4,0,7,3,10,2,3,Normal
0.37,jpg,2.73,2,9,188,7,3,69,Normal
2.55,jpg,7.37,3,10,6,6,1,3,Normal
2.43,png,1.52,1,6,218,3,1,196,Normal
0.46,jpg,2.4,0,8,48,2,1,67,Normal
8.22,jpg,5.41,1,4,16,2,1,119,Normal
7.3,xlsx,3.4,1,7,53,7,2,106,Normal
5.84,pdf,7.52,3,6,2,6,2,2,Normal
0.37,jpg,2.99,0,3,5,6,1,2,Normal
262.28,wav,15.72,7,15,134,19,3,113,Normal
2.63,png,2.01,0,4,73,3,1,256,Normal
7.41,png,32.87,15,36,779,28,5,231,Normal
6.21,png,6.52,6,10,5,6,1,3,Normal
13.6,pdf,4.69,1,8,80,6,1,168,Normal
5.69,sh,12.49,13,20,339,14,2,157,Normal
11.38,docx,2.72,1,8,58,5,1,209,Normal
5.78,pdf,2.13,1,3,46,8,1,196,Normal
96.46,iso,20.58,9,66,170,55,4,25,Suspicious
1.02,jpg,3.63,2,5,135,7,1,98,Normal
1.4,png,3.57,2,11,64,8,2,333,Normal
0.95,pdf,8.88,0,5,5,6,2,0,Normal
10.5,jpg,3.69,2,5,87,4,1,86,Normal
0.9,pdf,2.53,0,5,3,6,2,6,Normal
20.26,py,12.49,21,57,906,15,3,110,Normal
17.81,mp4,44.24,31,143,198,54,4,21,Suspicious
1.89,pdf,0.1,1,5,101,4,1,52,Normal
8.94,jpg,7.99,4,12,12,7,3,1,Normal
4.95,zip,22.56,5,32,252,28,4,354,Normal
1.06,jpg,0.1,1,6,119,4,1,60,Normal
1.15,zip,4.39,3,11,8,10,1,2,Normal
414.84,png,32.22,12,65,36,28,4,13,Suspicious
12.26,pdf,1.38,1,7,143,1,1,99,Normal
128.95,png,7.25,6,17,242,8,1,154,Normal
3.41,pdf,0.6,0,6,113,5,1,304,Normal
12.19,py,33.75,20,35,388,20,4,142,Normal
3.38,txt,5.1,0,3,91,3,2,140,Normal
59.53,sh,27.95,11,43,571,31,4,827,Suspicious
0.12,zip,7.8,3,7,3,11,3,0,Normal
6.73,zip,15.33,5,59,543,23,2,254,Normal
1.42,jpg,1.08,1,7,37,6,2,196,Normal
19.24,docx,62.7,49,194,31,139,10,3,Suspicious
142.56,mp4,18.71,11,41,121,23,6,165,Suspicious
2.39,jpg,4.57,1,7,106,5,1,177,Normal
2.33,jpg,4.68,0,7,187,3,1,563,Normal
13.26,pdf,10.16,2,9,6,5,1,1,Normal
0.62,pdf,2.43,0,3,65,10,1,161,Normal
3.08,txt,30.22,13,28,338,19,2,296,Normal
20.39,zip,42.15,39,68,81,129,5,16,Suspicious
183.74,iso,2.56,3,18,118,13,2,205,Normal
2.38,docx,4.7,2,7,45,4,1,155,Normal
2.5,docx,11.52,0,4,4,7,1,5,Normal
50.96,png,13.25,6,20,317,34,5,723,Suspicious
6.86,pdf,0.95,1,5,4,3,1,2,Normal
16.84,py,26.59,26,43,359,26,5,253,Normal
11.44,docx,10.48,2,7,5,10,2,4,Normal
0.19,csv,17.14,15,41,674,23,2,249,Normal
0.09,docx,1.77,2,7,126,4,1,88,Normal
0.77,docx,0.94,0,6,28,9,1,83,Normal
19.28,pdf,62.56,28,201,71,46,5,0,Suspicious
9.86,pdf,15.87,17,37,858,29,2,245,Normal
11.0,py,9.04,13,40,629,22,3,201,Normal
2.01,sh,20.0,27,63,198,27,3,465,Normal
245.34,jpg,9.13,1,11,66,17,1,158,Normal
0.08,jpg,5.52,1,5,65,4,1,185,Normal
0.36,png,3.65,0,6,126,3,1,341,Normal
0.31,pdf,3.74,1,8,71,5,1,112,Normal
1.2,pdf,10.13,0,1,9,6,1,5,Normal
126.3,pdf,27.96,20,54,97,77,6,309,Suspicious
6.21,pdf,23.94,6,56,233,20,4,235,Normal
5.06,pdf,11.28,18,67,333,17,2,107,Normal
53.85,jpg,4.8,0,13,149,7,2,94,Normal
4.02,pdf,5.05,0,6,63,8,1,135,Normal
0.9,png,1.37,0,4,187,7,1,167,Normal
12.64,pdf,4.93,0,7,126,2,3,64,Normal
8.62,pdf,3.92,1,10,100,8,1,300,Normal
5.64,pdf,0.2,2,7,5,8,1,6,Normal
333.37,mp4,3.66,1,13,217,8,1,147,Normal
73.22,mp4,14.48,10,55,100,50,6,240,Suspicious
2.81,jpg,4.83,0,8,2,9,1,9,Normal
117.33,wav,16.56,2,12,60,11,2,157,Normal
230.21,wav,9.6,2,16,185,13,3,133,Normal
0.1,pdf,3.86,0,4,74,5,1,402,Normal
5.06,jpg,1.35,3,11,13,6,2,76,Normal
2.9,pdf,1.03,1,5,39,7,1,50,Normal
4.83,png,10.38,3,8,2,8,2,3,Normal
4.52,png,0.1,2,11,19,4,1,224,Normal
3.05,docx,1.09,3,11,393,6,1,165,Normal
1.12,jpg,5.47,2,5,80,6,2,181,Normal
13.52,py,7.61,19,77,772,11,5,241,Normal
1.89,sh,7.57,9,36,295,29,1,169,Normal
1.29,jpg,5.19,2,5,184,12,1,144,Normal
62.6,pdf,23.35,8,59,235,29,7,224,Suspicious
0.92,docx,2.14,0,4,168,6,2,159,Normal
175.48,zip,16.08,0,13,195,11,2,268,Normal
8.89,json,18.99,15,77,216,21,2,256,Normal
5.43,pdf,3.33,0,7,66,4,1,140,Normal
1.96,pdf,2.36,0,8,110,4,1,185,Normal
12.52,py,5.15,1,23,600,21,1,199,Normal
3.98,xlsx,1.43,1,9,96,6,1,118,Normal
98.63,iso,12.82,5,19,456,11,1,155,Normal
8.83,docx,2.7,0,6,14,7,1,208,Normal
22.81,bin,3.73,2,15,59,12,2,63,Suspicious
1.57,txt,5.71,0,7,67,6,1,240,Normal
5.87,png,6.63,0,2,87,4,1,262,Normal
2.34,pdf,4.87,3,10,8,9,1,7,Normal
2.1,jpg,5.11,1,7,79,3,2,392,Normal
0.91,txt,1.22,1,6,85,8,1,109,Normal
14.76,pdf,9.61,4,25,692,22,4,276,Normal
7.09,docx,5.33,0,8,30,3,1,139,Normal
20.66,py,9.43,1,34,317,18,1,207,Normal
8.89,docx,5.85,2,7,33,7,3,342,Normal
1.28,pdf,5.22,1,8,142,7,1,200,Normal
0.84,docx,0.47,0,4,82,2,1,165,Normal
6.45,jpg,0.99,1,9,32,4,1,56,Normal
1.46,zip,17.05,16,41,834,24,1,139,Normal
4.82,docx,6.77,1,11,5,7,1,6,Normal
15.93,exe,16.75,3,14,29,8,1,41,Suspicious
0.25,docx,3.3,1,6,83,5,2,276,Normal
1.75,png,4.75,0,3,81,4,1,64,Normal
2.77,zip,5.93,4,29,235,29,3,179,Normal
1.21,xlsx,4.79,0,4,74,7,1,201,Normal
1.27,pdf,5.38,0,1,94,8,1,97,Normal
1.45,sh,37.62,5,35,268,21,3,308,Normal
4.25,pdf,3.98,1,9,138,5,2,201,Normal
1.79,png,1.76,2,8,83,6,1,106,Normal
2.41,docx,2.19,0,3,50,3,1,80,Normal
1.23,pdf,1.42,0,4,62,3,1,53,Normal
8.2,apk,5.13,6,16,21,4,3,109,Suspicious
5.86,pdf,4.56,1,4,37,4,2,115,Normal
4.55,pdf,5.27,0,4,39,7,1,222,Normal
4.3,png,1.71,1,5,123,8,1,220,Normal
0.83,pdf,4.39,1,5,140,3,1,167,Normal
1.64,xlsx,3.68,1,4,57,14,1,158,Normal
4.15,jpg,2.25,0,3,32,4,1,91,Normal
4.23,pdf,0.36,0,3,90,6,1,186,Normal
0.25,png,6.02,0,5,54,3,2,82,Normal
7.39,pdf,3.88,0,2,101,3,1,167,Normal
1.04,pdf,1.79,1,4,110,5,1,115,Normal
283.24,png,7.69,1,5,257,15,4,156,Normal
1.04,docx,5.01,0,8,39,5,1,120,Normal
3.82,png,11.29,1,10,5,3,3,1,Normal
4.05,txt,1.74,0,7,143,9,1,111,Normal
2.85,zip,7.89,3,10,4,12,2,3,Normal
1.73,json,22.21,14,75,315,22,3,191,Normal
14.4,wav,52.84,40,134,46,54,5,48,Suspicious
22.97,docx,59.32,20,175,38,135,4,31,Suspicious
2.62,png,3.95,2,3,130,5,1,194,Normal
4.6,jpg,9.06,2,11,4,5,1,2,Normal
188.91,jpg,4.7,1,18,38,15,2,310,Normal
0.36,xlsx,4.32,2,6,109,5,1,239,Normal
4.06,pdf,3.19,1,3,104,5,1,96,Normal
5.32,png,3.99,3,8,10,2,1,259,Normal
4.6,jpg,3.78,2,6,39,5,1,247,Normal
29.8,pdf,9.74,0,3,8,3,1,5,Normal
2.08,jpg,6.08,0,11,63,3,1,120,Normal
10.12,pdf,3.46,2,5,107,3,1,140,Normal
0.12,py,32.78,4,19,538,26,1,210,Normal
1.28,png,0.15,0,4,101,5,1,102,Normal
3.92,docx,3.13,0,4,78,8,1,158,Normal
1.31,jpg,4.13,1,7,3,4,1,7,Normal
1.84,jpg,10.06,2,10,6,5,1,8,Normal
1.35,txt,6.56,1,9,55,3,1,93,Normal
9.07,docx,11.35,0,6,5,5,1,2,Normal
52.68,docx,33.19,14,48,396,16,3,262,Suspicious
14.54,docx,18.54,16,33,173,29,4,763,Suspicious
19.2,png,3.84,0,4,81,3,1,236,Normal
7.78,jpg,3.48,2,10,40,4,1,61,Normal
3.88,pdf,4.72,2,7,4,12,1,9,Normal
7.0,py,17.38,4,28,764,26,3,276,Normal
28.1,py,26.47,14,56,374,26,1,202,Normal
3.23,pdf,1.49,0,3,87,4,1,366,Normal
2.11,js,33.55,17,45,264,26,2,166,Normal
69.0,js,11.54,9,30,579,22,1,175,Normal
6.02,pdf,6.66,2,8,2,11,1,9,Normal
190.07,png,22.37,20,60,126,60,3,252,Suspicious
5.0,jpg,5.91,0,5,8,5,1,254,Normal
2.1,jpg,2.53,0,2,77,6,1,130,Normal
6.22,jpg,4.58,0,12,121,9,1,70,Normal
73.72,zip,12.43,3,19,83,11,1,53,Normal
0.63,png,5.66,0,7,3,9,1,0,Normal
2.62,docx,3.34,1,7,31,5,1,267,Normal
58.89,vbs,21.0,15,64,609,27,7,480,Suspicious
0.7,png,5.48,2,5,29,7,1,187,Normal
13.44,pdf,32.87,18,162,90,30,5,42,Suspicious
149.36,mp4,23.85,9,25,83,64,6,40,Suspicious
2.55,png,2.28,0,7,53,4,1,189,Normal
5.64,pdf,5.48,0,3,79,6,1,194,Normal
1.34,docx,5.14,1,5,78,9,1,332,Normal
11.75,docx,0.33,2,6,35,5,1,330,Normal
7.19,pdf,8.16,0,3,4,5,3,0,Normal
0.94,docx,4.5,0,5,80,4,1,85,Normal
6.43,docx,3.5,1,7,117,6,1,115,Normal
1.36,pdf,5.95,2,6,94,7,1,71,Normal
7.63,js,8.01,1,4,418,25,2,250,Normal
263.53,mp4,18.41,23,77,78,56,3,161,Suspicious
30.39,exe,9.67,3,33,289,39,7,151,Suspicious
2.48,sh,4.66,0,27,193,20,3,349,Normal
118.17,wav,15.01,2,10,379,8,1,229,Normal
10.63,zip,30.67,21,71,366,13,2,263,Normal
14.43,apk,10.71,4,14,121,12,3,50,Suspicious
2.17,pdf,2.9,0,5,39,7,1,438,Normal
6.38,js,32.05,6,38,587,23,2,348,Normal
1.92,txt,0.99,0,4,179,5,1,83,Normal
29.11,png,10.69,12,39,409,27,3,127,Normal
5.03,docx,3.86,2,6,51,5,1,155,Normal
6.32,js,4.64,24,59,277,15,2,248,Normal
27.7,pdf,1.14,3,9,6,12,2,7,Normal
0.68,txt,1.58,1,6,109,5,1,143,Normal
2.79,zip,16.49,18,33,316,33,2,242,Normal
2.38,png,5.18,0,5,58,6,1,176,Normal
1.76,json,25.73,21,58,445,20,3,379,Normal
2.21,pdf,14.87,4,44,526,17,5,219,Normal
20.2,png,7.25,2,7,3,6,1,8,Normal
14.19,pdf,0.24,1,8,7,7,3,3,Normal
4.63,txt,32.6,5,41,324,28,2,449,Normal
5.21,png,6.15,1,7,8,8,1,2,Normal
4.22,xlsx,3.33,0,2,113,6,1,121,Normal
0.34,png,3.4,1,2,58,5,2,119,Normal
14.96,docx,10.81,1,5,6,3,1,0,Normal
36.74,py,6.9,4,24,182,14,5,659,Suspicious
2.47,txt,5.44,0,4,122,7,1,209,Normal
13.64,jpg,4.17,4,8,4,10,1,2,Normal
7.17,docx,3.88,1,6,261,5,1,319,Normal
2.64,txt,5.95,0,5,171,7,1,185,Normal
0.76,pdf,4.02,0,3,99,5,2,166,Normal
1.78,pdf,17.57,2,36,141,24,3,355,Normal
1.32,pdf,3.81,1,6,6,6,1,2,Normal
8.5,jpg,1.42,2,5,7,4,2,8,Normal
2.28,docx,1.3,1,6,134,2,3,176,Normal
7.84,pdf,7.79,2,12,8,8,1,2,Normal
11.64,docx,4.13,1,10,6,13,1,9,Normal
5.57,pdf,4.93,2,5,4,8,1,8,Normal
1.55,pdf,3.94,3,5,22,8,2,123,Normal
1.3,py,13.04,17,24,204,21,1,362,Normal
4.42,docx,2.39,1,4,44,7,1,157,Normal
1.45,pdf,5.62,3,11,1,5,1,3,Normal
8.66,png,6.78,1,6,3,9,1,2,Normal
80.99,wav,3.68,5,26,78,14,1,226,Normal
1.11,pdf,0.91,1,2,54,7,2,251,Normal
297.04,zip,14.87,3,13,144,11,1,133,Normal
4.23,jpg,1.73,1,8,52,5,1,139,Normal
186.18,wav,11.23,2,14,217,12,3,117,Normal
202.23,jpg,17.3,2,13,166,12,1,107,Normal
3.01,jpg,0.13,0,7,168,7,3,159,Normal
25.14,json,17.65,15,34,562,29,4,246,Normal
3.04,pdf,7.92,2,7,4,7,1,6,Normal
1.86,jpg,1.17,1,2,111,5,1,172,Normal
35.34,exe,21.48,3,18,182,9,2,66,Suspicious
3.51,pdf,2.19,0,9,3,7,1,8,Normal
4.0,docx,8.14,0,7,7,7,1,3,Normal
1.95,js,28.31,12,38,189,22,1,176,Normal
56.31,pdf,32.45,20,70,679,24,2,153,Normal
0.36,jpg,1.79,1,9,42,2,2,179,Normal
7.48,jpg,8.14,2,10,4,7,2,9,Normal
48.52,exe,19.61,3,15,91,9,3,68,Suspicious
5.05,txt,1.2,1,7,73,5,1,369,Normal
476.88,zip,34.84,21,41,52,73,4,50,Suspicious
0.63,docx,4.52,2,9,8,6,2,9,Normal
397.88,mp4,10.37,0,6,225,9,2,248,Normal
11.28,png,4.84,1,4,39,7,1,302,Normal
21.45,zip,35.72,15,45,231,22,4,369,Suspicious
173.2,mp4,20.96,7,34,225,69,4,21,Suspicious
1.1,pdf,1.18,0,4,46,8,2,236,Normal
4.65,py,51.91,14,55,157,25,3,57,Suspicious
8.64,jpg,4.45,2,14,4,9,2,7,Normal
11.24,png,2.7,0,5,89,6,2,178,Normal
4.73,py,45.34,30,106,66,101,9,15,Suspicious
9.86,py,11.28,14,53,602,26,1,253,Normal
5.55,docx,0.93,0,8,171,5,1,233,Normal
409.04,png,9.62,3,20,164,16,1,133,Normal
2.72,pdf,10.84,0,5,3,3,1,6,Normal
3.83,xlsx,5.47,1,2,23,1,1,165,Normal
3.06,jpg,3.94,0,3,71,8,1,278,Normal
5.01,csv,20.7,7,29,644,25,2,401,Normal
7.63,png,3.72,0,7,82,2,2,190,Normal
11.86,js,12.03,11,44,1055,21,1,184,Normal
4.88,jpg,2.09,2,6,60,6,1,51,Normal
2.53,txt,5.29,1,4,78,5,1,404,Normal
28.21,zip,10.22,8,48,109,45,5,792,Suspicious
2.19,zip,4.45,0,6,7,8,1,2,Normal
310.41,wav,19.77,5,16,551,10,1,114,Normal
0.94,pdf,4.6,0,3,31,4,2,146,Normal
1.07,txt,4.62,0,5,26,7,1,167,Normal
367.28,png,6.64,0,8,169,9,2,379,Normal
12.2,txt,4.88,1,4,49,6,1,92,Normal
11.86,zip,17.58,4,36,516,24,2,248,Normal
0.16,png,4.37,0,4,34,3,1,160,Normal
0.29,jpg,5.93,1,4,52,4,1,194,Normal
6.21,pdf,1.2,1,6,86,2,1,152,Normal
25.25,xlsx,50.83,44,149,17,107,4,49,Suspicious
5.65,docx,0.94,1,6,42,3,1,181,Normal
2.55,docx,4.31,1,6,40,5,1,318,Normal
0.66,pdf,5.28,1,1,98,4,2,114,Normal
428.14,mp4,21.03,10,62,174,83,4,304,Suspicious
15.72,png,6.26,27,44,450,29,3,170,Normal
17.98,pdf,24.64,7,56,605,12,3,210,Suspicious
2.77,jpg,4.1,0,3,62,5,2,362,Normal
0.44,jpg,4.07,2,5,51,3,1,199,Normal
1.81,pdf,23.92,9,35,515,27,4,284,Normal
7.51,sh,23.04,16,24,394,21,1,386,Normal
3.86,js,19.11,21,31,338,20,3,375,Normal
225.9,png,6.46,2,15,156,16,2,365,Normal
0.67,png,2.94,0,7,133,5,1,155,Normal
12.99,exe,26.69,14,35,256,49,4,168,Suspicious
2.12,docx,4.59,2,8,90,3,1,144,Normal
1.65,jpg,0.83,0,7,44,2,1,82,Normal
0.1,pdf,33.08,8,27,920,22,1,489,Normal
5.47,txt,50.86,14,152,171,86,5,9,Suspicious
2.84,png,2.51,0,8,221,6,1,276,Normal
6.62,js,31.42,11,20,437,23,1,498,Normal
1.97,docx,0.14,1,5,36,6,1,110,Normal
161.64,wav,12.85,0,9,71,8,1,209,Normal
7.75,py,34.66,13,42,288,25,1,372,Normal
18.95,docx,9.04,2,3,6,8,1,4,Normal
2.61,pdf,4.99,0,8,41,5,1,74,Normal
1.49,png,3.89,0,3,50,4,1,66,Normal
16.17,json,7.04,9,21,224,36,2,123,Normal
15.93,docx,0.9,0,7,154,5,1,173,Normal
433.8,bin,40.78,23,76,207,26,5,122,Suspicious
0.54,jpg,4.77,1,5,10,10,1,6,Normal
257.8,bin,12.35,19,50,102,69,4,225,Suspicious
4.08,exe,0.5,4,17,49,7,3,92,Suspicious
1.42,pdf,2.38,0,5,182,3,1,126,Normal
6.48,pdf,1.59,5,11,6,8,2,5,Normal
2.86,pdf,1.55,0,4,39,4,1,80,Normal
11.33,docx,2.97,5,12,9,4,2,1,Normal
0.69,docx,2.53,0,4,56,4,1,114,Normal
178.23,zip,39.91,13,49,74,69,4,157,Suspicious
15.29,dll,13.8,6,20,107,11,3,29,Suspicious
20.62,py,13.48,8,39,553,27,1,393,Normal
81.91,zip,17.77,16,60,74,40,3,89,Suspicious
108.52,wav,11.94,4,19,107,7,1,219,Normal
1.5,jpg,10.2,0,4,3,8,2,8,Normal
0.64,pdf,3.61,1,8,53,5,2,160,Normal
3.07,png,9.1,1,4,3,6,2,9,Normal
3.65,jpg,3.85,1,10,46,4,2,171,Normal
30.48,sh,31.86,11,30,481,24,1,297,Normal
4.55,js,26.2,11,18,511,26,1,313,Normal
9.1,png,4.33,2,6,106,2,1,109,Normal
9.95,pdf,1.7,0,5,187,6,2,82,Normal
7.96,py,34.62,13,44,393,26,3,168,Normal
0.25,jpg,0.58,1,5,202,7,1,82,Normal
1.38,png,3.72,2,7,95,4,3,125,Normal
404.95,wav,14.21,3,15,196,15,1,175,Normal
5.56,js,33.45,22,37,294,34,4,177,Normal
3.4,png,5.09,0,3,150,7,1,76,Normal
0.52,jpg,6.19,0,3,35,5,1,209,Normal
22.54,csv,69.77,45,200,58,96,4,57,Suspicious
24.89,py,9.72,12,53,371,19,3,702,Suspicious
11.56,pdf,0.46,1,5,20,7,1,60,Normal
8.87,py,34.54,9,34,442,25,1,171,Normal
1.92,pdf,3.78,0,7,51,6,1,263,Normal
1.38,pdf,15.71,5,45,690,23,1,293,Normal
16.43,zip,28.28,11,26,351,22,1,347,Normal
0.7,pdf,15.28,6,16,579,27,1,186,Normal
39.69,py,37.43,31,71,897,16,2,384,Normal
371.59,mp4,2.8,4,18,85,10,2,202,Normal
1.61,docx,5.37,1,8,97,4,1,156,Normal
5.93,png,0.1,1,3,98,5,1,118,Normal
1.95,jpg,5.61,0,7,102,4,3,253,Normal
8.71,sh,30.48,15,37,503,24,3,586,Suspicious
48.83,bin,16.54,6,13,149,8,1,38,Suspicious
5.83,jpg,5.71,0,4,15,5,1,266,Normal
3.64,jpg,1.83,1,6,17,10,2,164,Normal
3.16,docx,5.64,1,2,5,3,2,8,Normal
5.45,png,3.2,0,7,37,1,1,152,Normal
2.49,docx,10.83,1,9,7,9,1,1,Normal
415.88,mp4,8.9,4,14,146,18,1,308,Normal
14.82,txt,30.78,3,9,333,24,2,309,Normal
1.46,docx,6.48,0,7,93,3,1,224,Normal
6.37,docx,8.25,2,6,7,8,3,4,Normal
3.0,jpg,1.46,1,6,28,3,1,279,Normal
137.91,jpg,2.07,3,17,610,14,4,201,Normal
24.62,py,48.74,23,89,38,132,6,30,Suspicious
14.78,py,57.8,54,130,54,60,8,8,Suspicious
5.38,png,0.1,0,3,98,6,1,277,Normal
0.58,docx,0.35,1,4,122,3,1,137,Normal
0.16,txt,4.54,2,9,97,4,1,185,Normal
2.03,png,5.27,0,6,70,6,2,201,Normal
3.18,jpg,3.36,1,6,86,7,1,260,Normal
4.94,png,70.8,51,182,105,126,5,58,Suspicious
1.53,xlsx,0.1,1,9,227,5,2,77,Normal
0.8,pdf,0.93,1,5,27,4,1,187,Normal
1.39,png,1.72,0,3,46,7,1,155,Normal
5.74,docx,1.33,1,5,21,6,2,238,Normal
0.25,pdf,0.1,0,7,105,5,3,52,Normal
34.11,py,13.34,2,12,74,10,2,92,Suspicious
12.16,pdf,1.11,2,7,100,5,1,126,Normal
20.64,sh,9.0,14,32,283,15,3,354,Normal
7.44,docx,10.98,1,5,6,9,1,2,Normal
1.14,png,3.58,2,4,235,4,1,225,Normal
14.71,pdf,0.46,0,3,56,3,1,107,Normal
3.87,xlsx,5.85,0,1,138,3,1,215,Normal
277.5,zip,12.94,2,20,332,11,1,177,Normal
327.3,mp4,10.63,1,11,186,9,4,135,Normal
8.43,py,16.88,13,49,683,25,3,308,Normal
0.9,pdf,4.0,1,7,6,5,1,7,Normal
5.91,jpg,9.9,2,9,9,6,2,8,Normal
2.58,py,33.13,19,92,726,27,2,142,Normal
2.94,pdf,2.02,1,9,64,6,2,224,Normal
5.48,png,12.38,2,12,7,6,1,1,Normal
101.48,bin,34.96,12,45,78,80,3,226,Suspicious
1.78,pdf,1.27,3,12,5,12,1,6,Normal
0.36,png,0.67,1,6,125,8,1,433,Normal
252.6,mp4,40.14,19,42,161,22,3,34,Suspicious
0.28,jpg,3.54,0,4,125,5,2,278,Normal
11.74,pdf,1.97,0,2,112,6,1,253,Normal
16.85,zip,19.49,7,22,346,25,2,320,Normal
9.16,sh,15.97,41,62,319,25,1,159,Normal
2.67,pdf,4.0,2,10,7,11,1,0,Normal
0.14,png,47.38,45,217,119,118,4,3,Suspicious
104.07,mp4,4.25,2,11,406,13,2,110,Normal
1.39,png,0.2,2,6,6,4,1,4,Normal
382.19,zip,42.92,13,52,264,64,2,222,Suspicious
0.69,xlsx,3.66,2,6,104,7,1,268,Normal
4.26,txt,30.0,18,72,912,19,2,166,Normal
20.99,js,11.8,29,63,339,33,3,144,Normal
4.01,exe,15.55,3,17,91,7,2,67,Suspicious
3.75,py,11.74,12,33,538,24,3,143,Normal
2.52,sh,22.36,2,36,445,25,4,279,Normal
7.38,docx,1.08,1,5,147,9,1,275,Normal
26.49,docx,27.08,10,122,54,127,4,52,Suspicious
1.64,docx,1.66,0,7,139,3,1,189,Normal
327.54,mp4,9.27,2,9,156,14,2,148,Normal
6.97,sh,31.65,42,71,215,25,2,147,Normal
4.74,sh,10.25,20,70,299,23,3,307,Normal
9.47,apk,3.84,3,13,37,10,3,10,Suspicious
1.76,txt,4.68,1,7,29,7,1,119,Normal
1.11,txt,1.92,0,8,51,4,3,152,Normal
4.14,zip,14.69,9,27,328,27,1,385,Normal
45.72,apk,19.23,2,13,11,14,3,14,Suspicious
4.13,png,0.57,0,5,68,9,1,121,Normal
1.66,jpg,1.09,1,5,117,3,1,127,Normal
407.64,png,2.65,3,16,439,14,1,238,Normal
27.11,wav,68.45,34,147,126,24,5,39,Suspicious
68.42,zip,4.78,1,9,183,19,1,152,Normal
0.4,pdf,2.64,0,3,85,7,1,202,Normal
3.88,pdf,1.39,1,7,82,5,1,199,Normal
5.47,jpg,7.02,1,7,5,8,1,6,Normal
15.14,docx,0.98,3,7,21,7,1,73,Normal
43.83,sh,30.31,12,58,413,43,4,849,Suspicious
12.87,pdf,6.53,2,6,3,6,2,2,Normal
4.63,jpg,6.67,2,3,55,7,2,178,Normal
6.16,pdf,0.42,1,7,103,6,1,200,Normal
6.34,docx,0.36,2,6,62,11,1,227,Normal
7.8,pdf,4.02,0,6,101,5,1,277,Normal
376.18,wav,11.24,2,13,176,9,1,200,Normal
0.34,docx,7.25,0,6,3,4,1,8,Normal
0.47,txt,0.84,0,7,27,5,1,199,Normal
8.0,docx,6.42,1,10,4,8,1,8,Normal
0.8,jpg,1.54,1,6,96,4,3,107,Normal
14.79,jpg,2.42,1,3,90,4,1,120,Normal
0.79,pdf,2.79,2,4,214,3,1,321,Normal
5.83,exe,37.63,17,48,373,35,5,480,Suspicious
12.16,py,28.59,9,16,693,25,4,456,Normal
2.86,pdf,1.1,1,8,58,5,1,274,Normal
1.68,docx,0.65,2,6,190,5,1,309,Normal
319.17,zip,6.71,0,16,68,14,1,272,Normal
0.98,txt,3.01,0,9,13,3,1,222,Normal
4.55,pdf,3.88,0,3,5,8,1,0,Normal
0.67,jpg,5.48,0,5,142,6,1,136,Normal
4.6,zip,6.86,3,16,196,32,5,27,Suspicious
12.54,mp4,28.64,36,160,50,62,6,48,Suspicious
1.64,txt,0.1,2,5,50,3,3,56,Normal
0.33,pdf,2.41,1,5,40,6,1,173,Normal
221.71,iso,15.94,7,54,101,54,7,162,Suspicious
4.37,pdf,1.7,1,2,21,9,1,206,Normal
32.98,iso,5.45,4,12,41,9,5,12,Suspicious
26.47,pdf,3.04,1,3,23,8,1,135,Normal
1.05,docx,67.93,38,173,136,46,5,31,Suspicious
0.95,jpg,1.08,1,12,200,5,1,183,Normal
7.62,png,1.15,1,7,54,4,1,143,Normal
3.62,pdf,3.06,0,5,29,6,1,87,Normal
7.68,docx,3.72,0,6,97,8,1,260,Normal
11.16,docx,5.89,0,4,65,4,1,128,Normal
3.39,jpg,5.13,0,9,200,7,3,219,Normal
181.33,zip,35.89,12,67,87,30,3,209,Suspicious
380.68,zip,34.57,23,56,177,48,3,164,Suspicious
0.95,jpg,1.49,1,4,92,4,1,161,Normal
8.94,exe,28.89,13,55,238,48,4,805,Suspicious
0.73,png,7.32,1,8,6,8,2,1,Normal
0.64,json,30.27,4,71,125,21,1,228,Normal
189.79,mp4,14.2,3,16,381,12,1,144,Normal
0.1,pdf,4.96,0,3,112,5,2,383,Normal
219.53,mp4,10.47,3,16,445,6,1,180,Normal
0.19,jpg,1.21,3,11,4,11,1,4,Normal
12.1,py,30.11,12,28,596,25,3,215,Normal
4.16,zip,4.19,0,7,6,11,2,5,Normal
402.77,zip,15.07,2,12,599,11,1,150,Normal
1.78,pdf,0.81,3,7,103,6,1,96,Normal
14.3,sh,13.78,8,20,201,16,1,200,Normal
0.57,pdf,0.86,1,5,68,5,1,196,Normal
2.47,txt,5.65,1,7,34,2,1,154,Normal
5.38,jpg,4.52,1,9,43,5,1,238,Normal
3.33,docx,3.7,0,5,158,4,3,140,Normal
3.45,pdf,0.93,2,7,67,7,1,130,Normal
3.31,sh,6.38,0,20,264,19,1,231,Normal
0.66,jpg,4.0,1,5,49,5,1,351,Normal
2.54,txt,72.5,53,206,121,89,10,24,Suspicious
1.62,pdf,0.1,0,6,101,2,1,104,Normal
102.76,iso,20.91,20,36,63,67,7,298,Suspicious
5.33,pdf,1.18,0,5,73,5,1,155,Normal
1.82,jpg,8.0,4,15,2,5,2,1,Normal
13.99,py,24.45,17,36,413,23,2,188,Normal
3.31,pdf,0.22,3,5,134,7,1,147,Normal
20.99,docx,35.22,6,30,118,21,7,226,Suspicious
1.28,pdf,0.53,1,8,54,9,1,118,Normal
3.32,jpg,0.32,0,5,65,2,1,104,Normal
3.07,py,7.07,10,35,1314,23,1,129,Normal
21.05,py,58.14,17,81,49,71,10,48,Suspicious
32.09,csv,23.77,5,48,291,38,1,348,Normal
5.25,zip,9.63,29,76,294,26,4,684,Normal
4.01,png,5.42,0,6,49,4,1,113,Normal
2.69,txt,2.47,1,7,58,8,1,121,Normal
2.12,jpg,6.39,0,2,94,5,1,346,Normal
2.86,png,3.16,0,4,93,6,1,214,Normal
5.03,pdf,7.02,1,5,5,8,1,3,Normal
4.13,docx,4.1,0,2,91,3,3,88,Normal
21.54,txt,25.76,21,29,1219,22,3,148,Normal
139.05,mp4,4.18,1,12,147,8,3,294,Normal
0.33,png,6.0,1,8,67,4,1,133,Normal
14.55,xlsx,0.45,0,3,38,5,1,88,Normal
2.77,docx,3.11,1,5,87,3,2,135,Normal
2.76,pdf,4.35,3,8,4,3,1,2,Normal
5.21,png,1.25,1,5,33,7,1,328,Normal
0.09,jpg,2.94,1,4,171,6,1,200,Normal
6.08,docx,0.65,0,5,126,6,1,363,Normal
0.95,csv,14.59,7,48,247,27,1,276,Normal
37.22,vbs,6.59,8,18,91,11,3,26,Suspicious
38.67,exe,16.33,4,10,92,13,1,68,Suspicious
3.09,png,3.27,0,3,67,4,1,354,Normal
1.1,xlsx,2.48,0,9,57,3,1,83,Normal
3.59,js,30.66,18,35,507,18,2,155,Normal
6.16,png,12.98,16,51,93,29,4,235,Normal
10.22,docx,1.2,0,5,105,7,1,151,Normal
2.81,jpg,0.93,0,3,28,9,1,140,Normal
15.63,jpg,8.9,2,5,3,10,1,3,Normal
338.92,mp4,6.55,2,14,186,10,2,155,Normal
39.27,csv,24.67,25,63,624,18,1,306,Normal
7.2,zip,69.54,35,147,44,107,8,28,Suspicious
2.06,pdf,2.22,0,4,100,2,1,147,Normal
0.16,pdf,0.67,2,8,23,4,2,39,Normal
2.77,pdf,10.94,1,9,1,8,3,6,Normal
5.71,sh,25.71,4,14,678,20,2,366,Normal
1.85,docx,5.62,0,3,3,5,2,0,Normal
6.95,py,7.06,13,92,583,26,2,285,Normal
7.72,txt,15.86,16,38,1652,19,2,211,Normal
10.67,zip,29.91,17,47,247,34,2,287,Normal
3.45,txt,0.9,1,7,171,3,1,213,Normal
3.46,jpg,1.43,0,10,178,6,1,196,Normal
3.11,pdf,1.56,1,4,128,7,1,113,Normal
26.14,txt,25.77,12,66,490,21,4,719,Suspicious
1.1,docx,5.34,1,6,92,10,1,157,Normal
3.8,txt,1.99,3,10,112,9,1,201,Normal
59.17,py,26.4,1,47,240,31,3,605,Suspicious
0.89,pdf,4.91,2,7,26,7,1,50,Normal
3.05,pdf,4.67,1,7,116,5,2,282,Normal
6.22,pdf,3.86,0,8,79,8,1,219,Normal
8.15,json,29.35,14,61,1427,16,1,154,Normal
3.76,pdf,2.61,3,11,59,5,2,203,Normal
0.17,pdf,0.1,0,12,63,5,1,287,Normal
12.99,pdf,4.38,0,5,20,7,1,225,Normal
3.0,png,2.05,0,3,76,6,1,149,Normal
10.83,png,15.29,13,51,1014,20,3,304,Normal
6.24,docx,0.1,2,6,91,2,1,90,Normal
18.88,xlsx,2.57,2,5,57,5,1,93,Normal
10.01,py,30.18,1,38,252,21,1,147,Normal
20.17,docx,36.51,45,146,70,134,6,11,Suspicious
152.54,mp4,3.9,1,20,298,12,1,85,Normal
6.32,docx,1.7,0,2,32,3,2,349,Normal
6.93,csv,34.33,18,57,669,29,3,192,Normal
52.09,dll,7.28,2,11,43,13,2,100,Suspicious
3.14,xlsx,3.19,0,5,28,5,1,158,Normal
0.92,jpg,5.43,1,3,4,5,2,8,Normal
2.55,xlsx,5.14,0,6,41,3,2,67,Normal
2.53,py,17.37,4,20,501,18,2,245,Normal
2.49,jpg,3.18,0,8,180,5,1,94,Normal
230.66,wav,4.23,2,7,217,9,2,326,Normal
3.94,txt,15.11,7,40,641,28,1,102,Normal
5.8,xlsx,0.87,1,5,71,4,1,194,Normal
9.6,py,4.25,10,66,235,26,1,180,Normal
5.98,pdf,3.39,2,6,4,7,1,8,Normal
63.58,pdf,9.1,9,57,281,50,4,678,Suspicious
1.04,docx,0.4,1,6,11,8,1,119,Normal
2.82,pdf,5.5,1,7,75,6,2,140,Normal
235.58,mp4,39.32,18,46,103,47,3,82,Suspicious
244.8,mp4,14.16,2,12,260,13,2,204,Normal
3.57,jpg,3.25,0,4,74,3,1,70,Normal
1.35,zip,31.85,5,40,306,23,1,235,Normal
0.9,pdf,3.98,0,5,99,9,1,218,Normal
7.94,xlsx,1.63,0,5,69,5,2,117,Normal
6.34,jpg,0.1,0,6,54,8,2,177,Normal
8.51,zip,80.71,50,97,57,136,6,45,Suspicious
2.0,docx,4.09,0,4,36,5,2,136,Normal
362.95,zip,21.27,16,55,128,49,3,106,Suspicious
0.5,pdf,5.26,1,3,140,4,1,59,Normal
3.6,py,9.58,16,35,498,17,2,223,Normal
2.18,pdf,0.39,1,8,39,1,1,82,Normal
5.18,docx,10.7,1,7,4,6,1,9,Normal
0.23,docx,3.65,1,7,93,7,2,122,Normal
6.64,png,3.69,1,3,140,7,1,184,Normal
6.28,png,5.54,0,7,83,5,1,107,Normal
12.66,js,17.99,17,42,281,24,1,186,Normal
1.34,pdf,2.31,0,7,27,6,2,228,Normal
7.3,png,1.65,0,5,69,6,2,366,Normal
1.11,docx,4.26,0,4,172,5,1,66,Normal
3.59,pdf,6.18,2,6,111,2,1,118,Normal
2.26,docx,4.51,1,8,90,4,1,182,Normal
3.82,pdf,4.25,2,3,18,9,1,108,Normal
26.62,py,60.26,40,160,31,123,4,8,Suspicious
5.82,py,13.66,4,45,472,17,1,468,Normal
4.47,pdf,12.86,2,11,8,4,1,1,Normal
3.51,xlsx,0.78,2,5,74,3,3,367,Normal
7.73,docx,1.74,2,9,93,5,3,115,Normal
7.05,json,28.96,11,33,701,20,2,240,Normal
0.65,docx,1.66,2,5,162,7,1,211,Normal
1.32,pdf,8.86,2,10,4,7,3,7,Normal
1.2,docx,3.59,0,7,41,4,2,102,Normal
8.81,py,16.08,10,72,385,25,4,278,Normal
0.64,docx,0.98,0,2,39,3,2,203,Normal
13.1,zip,16.4,6,51,647,30,1,137,Normal
9.56,pdf,12.33,9,40,509,24,1,383,Normal
8.98,pdf,2.93,6,9,5,7,3,2,Normal
4.13,txt,3.12,0,4,220,6,1,148,Normal
292.7,zip,28.06,16,65,234,28,3,219,Suspicious
1.37,png,3.93,0,8,59,5,1,329,Normal
0.5,png,4.09,1,7,24,6,1,308,Normal
53.67,zip,6.33,5,31,166,48,6,108,Suspicious
19.2,js,26.63,21,45,572,30,1,173,Normal
1.83,jpg,2.34,1,7,6,9,1,8,Normal
6.12,pdf,5.37,3,4,6,9,1,9,Normal
1.64,jpg,5.86,0,6,49,1,1,136,Normal
1.52,pdf,3.68,1,7,6,6,1,6,Normal
1.53,jpg,1.09,1,5,86,7,2,126,Normal
7.17,png,4.11,0,13,16,6,1,104,Normal
230.62,pdf,32.86,5,61,148,84,5,108,Suspicious
1.85,png,9.11,2,7,2,7,1,6,Normal
255.01,docx,39.82,20,73,142,49,3,82,Suspicious
0.57,txt,1.31,0,8,32,4,1,82,Normal
229.07,png,13.29,15,58,93,67,5,58,Suspicious
49.14,zip,15.61,8,18,184,38,6,374,Suspicious
5.65,txt,2.99,1,9,205,4,1,271,Normal
4.52,jpg,5.4,2,5,156,4,1,88,Normal
9.88,png,12.4,14,24,231,53,3,354,Suspicious
253.44,zip,40.88,5,56,154,65,4,212,Suspicious
32.12,mp4,61.32,30,62,70,135,6,56,Suspicious
0.81,docx,1.22,0,6,37,5,1,219,Normal
276.24,mp4,2.38,2,14,51,7,3,215,Normal
0.56,png,5.21,0,5,38,7,1,359,Normal
17.76,jpg,0.56,0,3,98,3,1,325,Normal
10.49,json,21.47,10,56,345,20,2,313,Normal
0.69,docx,2.0,0,8,79,4,1,123,Normal
6.07,png,1.38,0,5,45,5,1,56,Normal
2.38,jpg,3.4,0,8,113,7,1,193,Normal
4.01,docx,7.0,2,7,6,4,3,3,Normal
1.61,pdf,0.7,0,3,195,6,1,115,Normal
1.39,png,3.95,0,7,40,3,2,266,Normal
9.49,pdf,14.75,16,52,161,23,5,606,Suspicious
36.2,zip,14.12,11,31,530,16,4,374,Normal
1.81,zip,33.81,24,45,251,24,2,215,Normal
1.8,jpg,5.25,1,2,31,7,1,197,Normal
10.41,jpg,2.23,2,7,4,5,1,4,Normal
431.8,zip,19.24,19,38,221,52,2,219,Suspicious
4.37,pdf,27.38,11,26,594,22,3,225,Normal
2.29,pdf,6.09,0,8,158,4,1,110,Normal
1.93,docx,1.29,2,11,7,3,1,9,Normal
4.76,pdf,5.03,14,48,522,23,2,234,Normal
0.4,docx,4.77,2,12,40,7,2,210,Normal
2.77,png,3.61,0,8,4,8,1,0,Normal
2.69,png,6.02,1,4,49,12,1,141,Normal
52.1,apk,9.68,2,14,4,14,3,85,Suspicious
3.68,jpg,3.16,2,6,70,3,2,61,Normal
4.46,txt,1.03,2,3,98,6,2,129,Normal
2.81,jpg,1.36,3,8,40,1,1,236,Normal
3.74,png,2.98,1,10,8,6,3,7,Normal
1.15,png,0.74,1,5,4,5,1,5,Normal
0.21,pdf,4.91,1,2,147,10,1,181,Normal
13.86,py,6.73,19,69,424,26,1,240,Normal
13.69,js,29.19,10,70,545,17,2,279,Normal
0.69,docx,1.71,2,6,48,6,1,107,Normal
1.75,png,3.33,0,4,106,5,1,272,Normal
1.81,pdf,5.28,0,6,62,3,1,104,Normal
2.83,pdf,2.98,0,5,42,5,1,158,Normal
49.47,js,28.95,6,50,264,18,3,226,Normal
42.79,zip,35.57,12,35,538,36,5,207,Suspicious
5.49,docx,1.92,2,7,2,7,1,2,Normal
4.74,docx,4.41,0,8,213,10,1,67,Normal
10.44,pdf,5.92,2,9,3,10,1,8,Normal
234.73,png,11.53,4,27,128,16,1,168,Normal
5.89,pdf,18.78,13,50,525,20,1,228,Normal
109.42,mp4,11.82,4,12,324,14,1,144,Normal
1.06,jpg,4.27,1,6,225,3,2,269,Normal
7.88,py,24.8,10,54,982,23,3,183,Normal
35.0,zip,31.12,29,50,217,15,2,117,Normal
2.21,docx,3.97,1,6,68,4,1,50,Normal
7.57,pdf,4.14,0,4,36,7,1,138,Normal
8.28,png,3.55,1,7,193,6,1,207,Normal
8.14,py,4.39,7,49,324,24,2,172,Normal
3.49,docx,0.69,4,10,64,3,1,78,Normal
2.45,docx,5.95,1,3,26,2,1,148,Normal
9.58,pdf,3.42,1,9,4,10,2,8,Normal
0.21,jpg,1.94,0,4,104,3,1,157,Normal
38.6,apk,21.74,5,14,36,5,1,108,Suspicious
4.12,txt,2.36,2,5,131,4,2,167,Normal
3.03,pdf,5.24,1,6,73,4,1,151,Normal
0.8,pdf,2.43,1,5,100,2,1,125,Normal
0.36,jpg,9.52,1,10,6,4,1,7,Normal
17.75,py,25.35,8,30,140,26,1,203,Normal
11.56,py,18.72,12,35,339,25,4,436,Normal
22.42,wav,35.75,35,162,90,77,6,11,Suspicious
1.49,png,3.16,1,6,23,7,2,164,Normal
3.17,pdf,2.65,0,6,83,1,1,245,Normal
7.14,pdf,61.84,34,99,92,90,7,20,Suspicious
14.2,txt,2.94,1,8,70,5,2,87,Normal
42.77,docx,14.33,3,23,611,22,5,464,Suspicious
2.5,png,29.62,5,26,311,27,1,231,Normal
405.69,docx,17.42,16,54,269,80,3,31,Suspicious
3.91,docx,3.07,0,8,6,6,1,1,Normal
26.67,mp4,44.63,16,47,77,64,7,10,Suspicious
1.58,docx,0.77,2,6,100,3,1,351,Normal
0.82,png,5.2,1,8,70,3,2,218,Normal
188.01,jpg,18.93,2,16,431,10,1,129,Normal
0.32,xlsx,3.49,1,8,182,3,1,187,Normal
4.32,csv,7.24,7,37,837,26,4,111,Normal
7.95,docx,62.85,39,129,73,59,7,40,Suspicious
415.19,png,10.14,4,12,138,11,2,228,Normal
1.57,jpg,5.36,2,7,103,1,1,230,Normal
12.18,csv,20.63,40,72,588,24,2,124,Normal
4.57,jpg,3.24,0,4,62,5,1,164,Normal
0.32,jpg,4.32,1,4,35,6,1,280,Normal
0.16,png,8.55,1,3,4,5,2,4,Normal
9.9,pdf,2.83,2,7,24,10,1,132,Normal
12.39,sh,26.26,5,41,552,22,2,107,Normal
1.39,py,25.13,15,37,320,18,1,274,Normal
9.81,pdf,15.32,7,14,166,7,1,24,Suspicious
10.08,json,11.32,5,37,344,23,2,231,Normal
1.48,docx,4.24,1,9,79,9,1,313,Normal
4.53,pdf,9.21,1,7,4,5,2,4,Normal
2.79,jpg,5.96,0,4,22,3,1,118,Normal
8.44,jpg,0.64,1,9,26,6,1,112,Normal
0.37,png,4.33,1,8,24,6,1,168,Normal
1.71,jpg,0.9,1,7,29,2,1,160,Normal
1.39,jpg,0.72,2,7,33,5,1,175,Normal
6.89,docx,5.23,3,10,4,3,1,5,Normal
4.7,js,6.13,19,69,262,34,2,302,Normal
4.54,pdf,4.81,3,11,5,5,3,0,Normal
4.03,png,5.95,0,2,142,5,1,99,Normal
9.23,json,12.97,1,42,552,24,1,415,Normal
36.68,docx,7.34,2,9,2,4,1,0,Normal
1.7,pdf,3.51,0,1,110,1,1,102,Normal
2.29,pdf,0.17,0,4,25,2,1,172,Normal
5.15,pdf,5.11,11,27,271,18,1,184,Normal
54.51,pdf,12.82,10,54,171,54,4,145,Suspicious
3.77,png,4.93,2,7,111,6,1,211,Normal
8.87,png,5.16,1,3,47,7,1,129,Normal
192.44,png,5.67,3,12,242,14,1,85,Normal
3.5,jpg,7.06,2,10,4,6,3,5,Normal
0.87,pdf,0.48,1,5,39,5,3,98,Normal
0.69,pdf,4.36,0,5,48,5,1,102,Normal
12.07,zip,27.46,5,42,265,27,1,225,Normal
27.89,py,11.61,15,27,322,30,4,369,Suspicious
0.68,jpg,5.56,1,3,44,2,2,66,Normal
8.37,docx,5.27,1,5,105,2,1,142,Normal
15.35,pdf,7.01,4,14,6,10,2,4,Normal
13.06,csv,27.44,5,21,396,18,1,203,Normal
1.67,txt,6.21,0,4,75,6,1,106,Normal
3.82,docx,2.42,0,4,106,5,1,111,Normal
399.94,zip,31.73,19,50,141,81,4,89,Suspicious
231.11,mp4,35.2,19,50,183,44,6,337,Suspicious
12.86,png,2.93,0,8,7,9,2,6,Normal
13.99,xlsx,2.72,0,5,54,2,2,217,Normal
11.41,pdf,4.37,2,6,7,6,1,0,Normal
2.24,pdf,6.08,1,10,77,4,1,214,Normal
8.0,pdf,32.01,21,57,130,28,1,239,Normal
41.82,exe,20.17,4,15,69,10,4,114,Suspicious
54.24,py,29.5,9,32,246,19,2,439,Normal
20.39,txt,5.65,11,48,504,19,3,217,Normal
4.43,sh,23.67,10,29,608,25,2,367,Normal
22.85,pdf,6.74,1,10,3,8,1,4,Normal
0.09,png,5.1,2,6,179,7,1,159,Normal
5.4,jpg,2.15,0,5,52,4,1,350,Normal
4.8,png,3.97,1,6,38,6,1,258,Normal
5.98,js,15.1,8,28,1325,22,2,340,Normal
68.86,mp4,12.79,4,16,284,17,1,169,Normal
6.96,txt,0.84,0,1,54,5,1,114,Normal
23.59,pdf,14.38,5,35,390,26,5,322,Normal
18.15,pdf,7.32,5,32,654,31,2,438,Normal
1.49,docx,2.91,1,10,59,6,1,90,Normal
0.71,png,5.34,1,3,77,5,1,66,Normal
4.52,pdf,1.49,1,10,3,8,2,8,Normal
2.77,pdf,7.92,4,11,5,3,1,7,Normal
5.23,png,0.74,2,8,3,10,3,1,Normal
115.85,docx,43.5,21,71,234,73,3,311,Suspicious
0.21,py,11.87,15,53,1013,21,3,191,Normal
14.54,png,5.04,0,5,88,5,1,133,Normal
0.43,pdf,0.1,0,10,84,6,1,192,Normal
2.1,docx,3.28,0,5,121,4,1,175,Normal
1.51,sh,11.93,4,48,248,25,3,305,Normal
0.33,pdf,22.69,20,37,181,31,1,212,Normal
20.77,py,30.61,58,221,46,51,4,27,Suspicious
30.3,zip,3.55,5,19,193,16,4,191,Normal
4.75,txt,0.1,1,10,247,4,3,38,Normal
92.96,mp4,10.18,0,7,269,8,1,226,Normal
265.93,wav,8.34,4,17,216,9,1,142,Normal
7.25,jpg,1.59,2,5,16,5,1,100,Normal
364.67,jpg,10.22,4,12,354,12,1,253,Normal
0.23,txt,2.08,1,6,52,2,1,115,Normal
8.11,sh,34.62,8,30,584,14,1,205,Normal
405.63,iso,16.77,4,25,109,35,2,191,Suspicious
2.47,py,1.82,7,27,602,28,2,506,Normal
1.35,mp4,42.98,20,193,112,120,4,40,Suspicious
7.59,sh,9.42,12,19,222,25,3,404,Normal
337.14,wav,8.63,2,13,85,10,1,218,Normal
3.72,png,2.5,2,5,178,3,1,169,Normal
45.82,iso,9.17,7,19,78,9,1,109,Suspicious
4.98,jpg,3.72,2,8,77,10,1,390,Normal
3.17,png,0.86,1,5,80,4,1,175,Normal
0.6,jpg,8.64,1,6,9,6,3,7,Normal
1.87,xlsx,2.44,1,14,194,7,1,100,Normal
306.88,iso,15.03,2,21,244,12,4,172,Normal
19.11,png,4.52,1,6,53,5,2,133,Normal
3.75,jpg,1.38,0,6,108,6,1,99,Normal
1.68,png,5.85,0,7,58,4,1,211,Normal
1.17,zip,7.73,3,31,649,33,2,108,Normal
0.12,png,3.08,0,5,204,4,2,184,Normal
0.19,pdf,2.54,0,6,138,6,3,182,Normal
1.64,png,1.99,2,13,20,2,1,293,Normal
3.53,pdf,3.47,2,7,46,3,1,132,Normal
4.35,pdf,3.11,1,8,7,14,1,0,Normal
0.43,pdf,4.27,0,7,92,4,1,139,Normal
408.73,mp4,8.64,2,12,147,6,2,82,Normal
41.15,mp4,13.51,0,16,80,12,3,148,Normal
2.16,png,6.48,0,4,67,7,1,198,Normal
5.31,png,2.72,2,8,27,5,1,116,Normal
2.73,jpg,5.04,0,4,10,5,1,225,Normal
7.66,zip,25.63,8,46,577,18,3,374,Normal
84.48,zip,5.38,2,13,167,16,3,180,Normal
2.1,png,1.6,1,5,63,4,1,108,Normal
0.81,docx,2.38,0,6,88,4,3,253,Normal
27.22,mp4,36.13,35,183,50,112,2,4,Suspicious
4.09,py,11.2,9,46,862,29,1,266,Normal
14.4,js,32.21,19,47,625,19,1,217,Normal
2.11,pdf,3.71,0,7,33,8,1,255,Normal
23.62,pdf,4.89,2,7,6,3,1,7,Normal
35.14,zip,61.9,55,228,63,99,3,6,Suspicious
4.19,txt,2.23,1,5,100,3,1,86,Normal
2.41,docx,2.43,2,10,48,2,2,129,Normal
32.76,sh,6.51,33,48,244,28,1,414,Normal
34.22,png,0.1,1,11,16,5,1,200,Normal
1.51,pdf,13.01,6,22,462,25,3,246,Normal
11.29,png,4.29,2,9,49,7,1,168,Normal
7.84,pdf,13.72,18,30,394,24,2,498,Normal
1.21,pdf,5.54,1,4,36,2,2,144,Normal
10.16,wav,64.6,46,225,80,121,9,35,Suspicious
284.21,wav,1.86,3,17,221,11,1,122,Normal
5.89,xlsx,1.44,1,6,77,6,1,214,Normal
0.81,pdf,2.3,0,7,79,5,1,399,Normal
14.31,js,32.03,7,37,524,24,1,326,Normal
2.21,pdf,11.08,1,13,5,8,3,3,Normal
28.13,py,34.47,4,45,109,19,3,188,Normal
403.97,zip,4.41,2,10,85,11,1,269,Normal
7.24,docx,2.17,2,7,20,4,1,181,Normal
0.28,pdf,3.94,0,9,90,5,1,159,Normal
0.33,pdf,0.6,4,11,5,13,2,6,Normal
11.09,jpg,4.18,0,4,21,5,1,235,Normal
1.49,pdf,0.1,1,3,120,5,1,121,Normal
15.59,zip,21.49,7,30,1226,22,1,142,Normal
13.05,json,13.26,14,24,456,26,2,218,Normal
369.54,mp4,27.22,16,52,83,59,3,194,Suspicious
147.22,mp4,16.25,3,11,165,17,2,115,Normal
6.11,json,6.31,20,60,1125,25,2,202,Normal
6.29,pdf,6.12,1,7,6,6,1,3,Normal
276.69,mp4,11.68,4,14,147,11,1,119,Normal
1.78,jpg,2.06,0,2,38,3,1,48,Normal
11.43,txt,2.1,1,7,73,5,1,117,Normal
4.18,pdf,0.92,1,4,71,7,1,211,Normal
4.27,pdf,10.08,4,10,3,7,1,7,Normal
4.87,zip,30.93,11,63,141,16,5,286,Suspicious
17.77,mp4,80.41,22,78,116,129,8,15,Suspicious
2.29,jpg,5.16,1,4,3,8,1,3,Normal
0.61,pdf,1.48,1,3,217,5,1,108,Normal
12.59,sh,8.25,1,7,89,7,1,15,Suspicious
5.46,png,0.82,0,1,274,4,1,231,Normal
2.3,jpg,3.81,2,11,44,9,1,204,Normal
4.03,jpg,3.88,2,6,78,4,1,171,Normal
5.0,docx,3.75,1,4,108,9,1,157,Normal
2.44,png,7.95,0,7,3,7,1,8,Normal
7.31,pdf,8.06,12,58,516,26,4,184,Suspicious
5.06,txt,4.49,2,5,56,2,1,75,Normal
26.82,png,18.1,5,23,511,20,1,313,Normal
2.14,pdf,5.58,2,6,31,6,1,94,Normal
3.29,pdf,15.76,21,31,333,25,1,261,Normal
3.13,json,33.49,10,42,604,23,1,330,Normal
23.71,jpg,7.72,0,9,3,12,1,6,Normal
405.68,zip,34.58,12,59,29,66,5,305,Suspicious
6.85,docx,0.64,0,7,23,4,1,99,Normal
7.06,pdf,10.27,2,7,4,13,1,2,Normal
87.29,mp4,9.21,1,13,372,13,2,268,Normal
0.29,docx,4.23,1,10,109,6,1,91,Normal
0.73,jpg,5.6,0,5,16,3,1,163,Normal
1.11,jpg,1.57,1,8,88,4,1,344,Normal
1.21,txt,3.67,3,9,58,4,1,225,Normal
308.0,iso,28.97,7,51,256,54,3,346,Suspicious
2.47,py,27.11,9,43,278,23,2,233,Normal
3.19,jpg,5.28,1,4,55,3,1,60,Normal
1.23,pdf,6.12,0,3,45,3,1,149,Normal
10.48,zip,28.41,7,34,646,20,3,439,Normal
1.01,docx,0.1,0,4,334,6,1,81,Normal
50.83,bat,7.76,5,17,25,9,3,25,Suspicious
0.97,zip,11.08,1,6,4,7,1,9,Normal
16.92,zip,13.0,8,22,319,23,3,325,Normal
22.75,zip,74.63,56,87,35,62,9,15,Suspicious
0.93,pdf,6.26,3,6,119,4,1,75,Normal
10.9,txt,1.37,2,6,118,3,1,236,Normal
1.88,js,9.22,5,28,676,25,4,643,Normal
78.75,png,12.07,2,20,290,12,1,236,Normal
1.1,txt,4.95,0,7,64,4,1,181,Normal
6.59,py,8.9,4,23,258,25,1,98,Normal
4.01,csv,21.37,27,63,581,24,5,453,Normal
8.58,pdf,3.31,1,7,7,4,1,3,Normal
2.93,docx,3.78,1,9,249,3,1,64,Normal
0.65,json,8.31,31,50,658,17,3,193,Normal
2.72,jpg,4.6,0,12,41,7,1,150,Normal
3.09,docx,1.08,0,9,60,10,1,178,Normal
10.54,zip,6.73,21,41,546,24,3,351,Normal
4.65,jpg,4.67,0,5,5,8,1,2,Normal
10.93,png,9.03,0,8,3,6,1,4,Normal
397.32,iso,6.4,4,13,441,12,1,419,Normal
0.25,png,5.34,0,4,44,7,1,68,Normal
4.86,txt,0.82,0,10,44,5,1,163,Normal
26.72,jpg,57.85,11,167,114,86,5,0,Suspicious
0.74,png,2.67,0,8,71,4,1,222,Normal
31.62,js,15.89,5,21,555,22,2,273,Normal
6.36,docx,4.71,0,8,69,3,2,218,Normal
40.72,zip,15.53,15,46,214,16,2,383,Normal
20.77,zip,12.61,3,9,8,7,1,4,Normal
5.2,jpg,5.3,2,3,75,6,1,162,Normal
10.17,js,8.32,12,29,533,27,1,323,Normal
1.1,png,5.34,0,8,3,4,1,3,Normal
23.95,pdf,39.12,12,44,274,23,4,538,Suspicious
0.55,pdf,4.62,2,7,74,5,2,150,Normal
1.35,pdf,3.52,1,9,50,3,1,171,Normal
3.55,pdf,5.85,0,4,33,7,2,319,Normal
5.64,sh,28.8,8,19,623,20,2,385,Normal
3.29,txt,2.4,0,7,7,4,1,111,Normal
14.01,pdf,4.71,3,10,41,5,1,162,Normal
1.46,docx,3.67,3,9,3,6,1,8,Normal
2.09,xlsx,1.74,0,6,180,5,1,149,Normal
12.27,iso,12.63,3,11,19,10,3,24,Suspicious
1.78,pdf,1.35,0,8,85,5,1,257,Normal
0.16,docx,3.39,0,3,117,2,1,197,Normal
0.59,docx,5.6,0,2,171,1,1,60,Normal
2.31,jpg,0.18,0,9,138,4,1,139,Normal
73.23,py,23.24,15,28,257,29,2,272,Normal
5.87,jpg,3.42,0,7,47,6,1,192,Normal
0.99,png,3.87,1,5,34,5,1,197,Normal
238.5,iso,20.23,8,25,119,31,7,230,Suspicious
2.46,jpg,3.25,2,9,7,10,1,0,Normal
19.75,txt,1.18,1,8,217,2,1,119,Normal
29.89,txt,27.19,61,88,36,55,6,13,Suspicious
7.09,docx,5.71,0,2,107,4,1,77,Normal
9.05,py,19.14,15,17,372,24,2,221,Normal
3.69,pdf,4.4,0,5,254,7,1,136,Normal
268.49,mp4,3.42,3,11,178,6,2,222,Normal
15.95,py,14.91,11,27,480,19,2,267,Normal
0.68,png,3.67,0,6,78,2,1,129,Normal
0.73,jpg,4.9,1,6,130,5,3,254,Normal
2.36,png,2.39,0,9,10,4,1,320,Normal
31.85,jpg,48.79,33,164,84,52,3,14,Suspicious
2.53,sh,11.94,2,27,442,26,1,190,Normal
0.52,jpg,4.29,0,9,62,7,1,169,Normal
1.15,pdf,4.1,0,5,45,4,1,78,Normal
1.91,docx,3.83,1,3,108,4,1,85,Normal
30.85,py,49.47,18,191,37,125,7,47,Suspicious
4.21,docx,3.54,1,6,237,3,1,189,Normal
17.99,js,30.58,9,31,359,27,2,232,Normal
32.69,zip,27.36,8,60,549,19,5,764,Suspicious
5.69,txt,4.64,1,8,192,9,1,120,Normal
0.29,docx,3.53,2,6,112,5,1,224,Normal
0.17,pdf,2.18,0,5,32,5,1,112,Normal
37.72,pdf,13.41,17,40,397,29,2,386,Normal
5.16,docx,5.43,0,2,36,3,1,111,Normal
0.1,xlsx,3.03,0,3,61,7,3,113,Normal
3.03,png,2.59,2,8,7,4,2,2,Normal
8.52,jpg,3.17,1,6,47,5,1,93,Normal
0.73,pdf,1.2,3,7,43,4,1,74,Normal
6.18,docx,4.36,3,7,43,6,1,145,Normal
3.67,zip,82.02,40,88,220,77,6,51,Suspicious
5.74,xlsx,3.01,1,11,32,5,1,118,Normal
0.59,pdf,2.85,2,11,10,7,1,9,Normal
16.28,js,10.15,19,50,271,22,2,358,Normal
2.47,py,21.88,3,13,675,20,3,290,Normal
4.97,js,21.56,6,73,568,21,1,287,Normal
9.36,pdf,19.86,9,49,213,16,3,115,Normal
3.82,docx,5.38,0,3,56,5,1,134,Normal
213.79,mp4,10.58,5,13,396,9,1,133,Normal
75.21,jpg,7.71,0,10,311,15,2,85,Normal
1.98,js,6.63,4,31,451,27,2,188,Normal
8.07,py,10.86,6,38,399,31,5,387,Normal
8.49,txt,4.0,0,8,122,4,1,53,Normal
392.78,mp4,13.05,5,20,169,10,1,332,Normal
18.06,exe,21.17,6,11,90,7,2,44,Suspicious
0.92,png,1.51,1,8,182,2,1,245,Normal
2.45,pdf,2.01,1,5,48,6,1,199,Normal
8.63,pdf,6.1,1,6,3,5,1,6,Normal
5.97,jpg,4.04,1,7,7,4,1,1,Normal
230.57,png,9.56,3,14,117,5,1,394,Normal
10.85,json,32.58,30,54,528,21,1,141,Normal
12.84,pdf,32.62,8,43,157,13,7,672,Suspicious
9.38,sh,23.67,15,45,252,23,2,320,Normal
0.26,txt,3.29,0,8,47,9,1,102,Normal
1.13,pdf,0.42,0,6,172,4,1,124,Normal
3.52,docx,1.62,1,5,99,2,1,67,Normal
86.52,png,7.77,2,15,69,13,1,84,Normal
152.55,iso,15.31,5,18,203,8,1,176,Normal
200.29,zip,6.7,4,16,197,11,1,262,Normal
1.54,py,17.37,14,38,332,22,4,111,Normal
1.43,pdf,4.92,1,7,120,4,1,300,Normal
12.02,png,2.61,0,5,84,3,1,274,Normal
148.35,png,17.07,4,15,197,6,1,58,Normal
7.22,jpg,3.81,2,4,43,3,1,41,Normal
8.31,pdf,2.63,0,3,78,5,1,147,Normal
2.84,jpg,2.25,2,3,104,4,2,211,Normal
3.95,pdf,4.61,1,5,112,6,1,319,Normal
1.96,docx,5.05,0,7,44,5,1,252,Normal
0.78,png,0.68,0,3,71,6,1,256,Normal
2.69,docx,0.81,2,5,229,3,1,263,Normal
6.65,js,71.31,28,104,103,59,5,29,Suspicious
19.54,png,21.41,12,26,594,24,2,380,Normal
6.44,jpg,10.31,1,6,7,8,1,3,Normal
69.32,iso,21.97,16,46,240,74,4,10,Suspicious
405.53,mp4,17.2,1,17,345,13,1,331,Normal
10.71,json,27.37,2,19,419,23,2,92,Normal
16.17,jpg,58.15,59,164,14,50,4,39,Suspicious
179.85,mp4,39.55,18,34,123,34,4,332,Suspicious
8.51,sh,3.81,8,26,816,22,1,131,Normal
5.6,py,18.22,8,40,383,23,1,217,Normal
24.13,csv,26.8,12,49,480,29,2,393,Normal
8.81,zip,7.37,15,52,250,43,4,253,Suspicious
1.36,pdf,3.73,0,6,139,8,1,128,Normal
377.36,png,19.49,21,68,136,58,4,15,Suspicious
2.95,docx,0.1,2,6,65,3,1,268,Normal
9.96,docx,4.5,0,4,72,1,1,229,Normal
3.4,pdf,1.46,1,6,39,7,2,216,Normal
47.48,docx,19.86,1,48,283,47,5,512,Suspicious
14.56,txt,32.99,19,34,694,27,2,295,Normal
1.25,pdf,4.86,0,10,75,6,2,287,Normal
0.77,pdf,9.63,0,7,5,15,1,7,Normal
3.09,sh,11.7,18,26,572,21,3,173,Normal
3.88,docx,6.13,0,4,55,3,1,236,Normal
4.42,jpg,5.31,3,10,5,15,1,9,Normal
13.75,png,15.36,29,61,461,22,1,196,Normal
0.18,jpg,8.79,0,5,8,3,1,4,Normal
14.34,py,4.25,6,41,654,20,2,211,Normal
0.93,jpg,2.28,0,2,118,4,1,57,Normal
9.62,docx,2.76,0,5,47,10,1,234,Normal
0.22,pdf,3.95,1,5,73,7,1,99,Normal
30.02,exe,3.55,3,11,63,12,1,108,Suspicious
1.13,docx,1.06,1,8,103,3,1,137,Normal
10.08,docx,8.8,0,6,2,5,3,7,Normal
235.53,zip,15.97,5,35,143,25,2,250,Suspicious
4.5,py,18.07,26,61,600,30,1,242,Normal
4.98,json,21.55,7,31,612,23,2,178,Normal
0.38,pdf,4.19,2,8,12,6,1,168,Normal
6.08,png,4.93,1,7,14,10,1,330,Normal
0.83,png,4.55,1,10,53,5,1,262,Normal
0.31,pdf,1.45,0,3,90,5,1,360,Normal
2.24,docx,0.76,1,9,36,5,1,286,Normal
3.17,zip,13.37,26,42,578,18,5,298,Normal
1.1,jpg,1.83,0,6,31,5,2,215,Normal
60.0,mp4,12.72,2,18,229,20,1,189,Normal
26.5,js,9.56,11,61,1093,26,2,318,Normal
2.34,pdf,5.78,2,9,5,9,2,7,Normal
0.43,pdf,0.1,1,4,37,4,1,406,Normal
7.65,zip,21.05,14,54,704,23,1,198,Normal
6.26,iso,17.62,4,9,32,9,4,43,Suspicious
28.08,iso,18.6,4,14,21,18,4,14,Suspicious
2.22,pdf,3.07,0,4,37,4,1,80,Normal
1.62,zip,42.09,41,184,28,114,9,30,Suspicious
1.16,png,1.57,0,7,51,3,1,384,Normal
243.97,png,14.62,4,16,75,11,1,107,Normal
13.58,csv,13.96,13,26,358,20,4,285,Normal
0.33,pdf,2.99,0,3,55,4,2,114,Normal
3.55,jpg,0.57,0,7,203,3,1,226,Normal
6.49,png,10.18,5,12,2,6,2,9,Normal
5.7,txt,1.41,0,6,92,5,2,283,Normal
8.03,png,0.74,0,7,28,7,1,419,Normal
1.25,docx,3.09,0,2,43,7,1,282,Normal
64.54,pdf,40.27,13,58,131,22,4,28,Suspicious
3.31,docx,1.11,0,2,125,4,1,130,Normal
29.45,sh,12.48,14,31,573,26,1,247,Normal
393.63,wav,11.5,7,18,484,14,1,193,Normal
3.09,pdf,3.96,0,5,99,3,1,73,Normal
1.57,py,13.23,19,35,700,15,3,357,Normal
95.95,png,12.88,3,16,231,12,1,178,Normal
7.46,jpg,4.94,2,8,9,7,1,7,Normal
4.9,docx,4.45,0,4,65,2,1,98,Normal
25.11,zip,33.01,12,45,65,23,5,844,Suspicious
2.2,py,18.75,10,59,198,25,1,188,Normal
4.98,pdf,6.86,1,7,177,2,2,155,Normal
2.37,pdf,0.61,0,3,165,9,1,198,Normal
1.46,pdf,3.0,1,12,126,6,2,264,Normal
0.23,pdf,9.29,1,7,7,7,1,0,Normal
1.76,docx,1.25,2,5,45,8,1,191,Normal
2.39,docx,2.96,2,3,39,6,1,176,Normal
149.07,mp4,13.94,2,13,289,11,1,378,Normal
1.29,docx,4.32,2,6,68,5,1,178,Normal
2.64,txt,1.99,0,8,34,5,2,185,Normal
0.97,png,0.63,4,11,76,3,2,91,Normal
16.99,txt,1.01,0,6,45,5,3,332,Normal
16.21,wav,63.05,15,136,63,132,4,42,Suspicious
8.03,docx,0.9,1,4,86,2,2,111,Normal
39.52,pdf,30.93,4,55,204,13,4,432,Suspicious
29.75,py,33.68,16,32,912,27,1,370,Normal
17.07,py,20.85,2,27,451,23,2,320,Normal
316.63,zip,32.12,20,48,163,68,4,144,Suspicious
28.95,py,24.9,16,63,702,29,3,217,Normal
26.17,py,18.09,14,33,270,25,3,329,Normal
3.83,docx,6.15,0,8,74,7,3,173,Normal
0.99,js,15.4,7,16,161,23,1,355,Normal
15.59,json,3.05,12,28,1137,21,2,257,Normal
11.15,dll,11.11,4,8,75,8,5,101,Suspicious
6.7,pdf,2.03,1,2,66,3,1,169,Normal
32.4,py,17.78,11,38,202,24,1,313,Normal
2.52,pdf,0.57,1,3,48,3,1,159,Normal
16.23,zip,8.74,9,35,157,24,4,275,Normal
338.34,zip,22.82,17,58,135,40,3,244,Suspicious
9.49,js,10.09,9,40,464,24,2,255,Normal
2.87,zip,14.07,0,27,558,21,1,235,Normal
6.13,docx,5.64,0,8,63,7,1,114,Normal
258.21,mp4,15.13,3,14,145,6,1,111,Normal
442.44,mp4,32.28,16,59,86,32,6,223,Suspicious
1.68,zip,17.62,21,59,904,23,1,164,Normal
2.29,png,2.62,0,4,58,5,1,140,Normal
0.13,pdf,5.58,1,6,41,5,1,281,Normal
2.23,txt,5.14,1,4,20,4,1,154,Normal
113.19,jpg,14.69,1,18,273,13,1,265,Normal
273.65,iso,14.52,7,31,79,66,4,14,Suspicious
423.61,mp4,17.3,0,9,35,6,2,246,Normal
12.65,docx,3.69,0,6,114,6,1,160,Normal
1.0,json,10.71,3,28,390,24,1,290,Normal
1.75,jpg,0.25,2,8,131,4,1,177,Normal
24.09,py,18.11,2,26,660,24,3,120,Normal
2.52,jpg,2.87,0,7,105,5,1,178,Normal
10.4,docx,2.55,0,5,7,4,2,1,Normal
3.45,pdf,10.62,4,11,5,10,1,0,Normal
1.7,jpg,1.06,1,2,136,7,1,82,Normal
50.77,exe,4.19,6,12,32,8,5,61,Suspicious
16.83,jpg,3.8,1,4,217,6,1,341,Normal
2.98,docx,6.46,1,6,3,10,1,6,Normal
18.51,pdf,20.96,8,36,605,18,2,182,Normal
3.25,docx,1.03,1,5,97,5,1,194,Normal
7.62,docx,5.69,0,3,90,5,1,190,Normal
10.7,pdf,0.91,1,5,79,6,1,349,Normal
8.26,json,11.31,9,23,416,16,2,278,Normal
31.34,zip,34.48,3,48,417,24,2,380,Normal
9.84,zip,62.27,63,171,78,75,4,0,Suspicious
8.77,js,6.99,11,14,486,20,4,252,Normal
1.77,jpg,5.08,2,6,114,6,2,245,Normal
0.68,pdf,4.21,1,12,96,2,1,183,Normal
46.32,exe,5.84,10,20,68,10,2,55,Suspicious
2.59,png,4.52,0,2,104,1,1,197,Normal
48.39,exe,3.93,6,14,1,7,2,10,Suspicious
313.53,mp4,19.98,8,43,62,37,2,154,Suspicious
4.85,jpg,1.34,3,10,125,4,2,121,Normal
2.23,pdf,2.25,1,7,37,6,1,81,Normal
7.07,jpg,4.59,2,5,42,3,1,143,Normal
1.36,png,3.37,2,11,2,4,2,5,Normal
7.39,exe,11.83,3,14,23,8,3,51,Suspicious
1.71,jpg,1.84,1,8,6,11,1,6,Normal
1.68,jpg,0.99,0,3,98,7,3,242,Normal
0.59,png,29.64,15,44,224,31,3,608,Suspicious
211.01,jpg,14.27,2,16,721,12,2,97,Normal
21.02,sh,25.97,2,34,724,25,1,288,Normal
2.4,jpg,4.5,0,3,192,4,2,154,Normal
6.26,jpg,0.1,0,4,218,2,1,113,Normal
3.21,py,22.64,5,21,333,27,1,372,Normal
17.35,py,17.89,32,93,366,20,1,106,Normal
0.69,docx,8.31,2,9,6,9,2,5,Normal
0.92,pdf,4.93,1,8,89,5,1,249,Normal
0.14,jpg,1.59,2,6,87,6,1,179,Normal
3.92,png,4.53,0,5,102,3,1,77,Normal
0.07,pdf,1.46,1,7,24,5,1,80,Normal
0.05,mp4,35.18,56,222,105,72,9,38,Suspicious
13.91,pdf,4.54,2,4,47,6,1,111,Normal
3.09,docx,3.59,2,4,139,4,1,194,Normal
0.07,pdf,3.93,3,8,131,5,1,137,Normal
1.51,pdf,1.56,0,4,135,4,1,141,Normal
5.67,pdf,11.26,3,11,7,9,2,1,Normal
1.19,dll,18.64,3,15,51,9,1,98,Suspicious
4.67,xlsx,0.11,0,4,153,3,1,163,Normal
328.5,zip,9.53,1,9,165,11,1,206,Normal
11.57,dll,11.54,5,19,120,10,1,39,Suspicious
9.67,png,7.17,1,8,2,8,1,5,Normal
0.46,jpg,2.53,0,4,88,6,1,86,Normal
19.65,js,28.43,14,40,361,24,2,608,Normal
113.66,jpg,14.78,3,17,75,12,1,265,Normal
218.64,wav,14.82,3,12,376,8,1,70,Normal
29.03,zip,26.65,10,41,1195,17,1,204,Normal
1.93,png,5.53,2,8,59,4,2,154,Normal
17.34,zip,3.32,1,8,6,9,2,3,Normal
2.42,xlsx,4.44,1,4,162,8,1,163,Normal
3.51,jpg,4.49,1,7,3,6,2,6,Normal
2.49,docx,9.24,1,7,3,8,2,8,Normal
23.59,js,24.79,8,44,335,27,1,263,Normal
13.07,py,5.24,10,30,366,32,1,283,Normal
0.77,png,5.16,3,10,44,6,2,145,Normal
5.98,pdf,7.79,3,8,3,5,3,8,Normal
16.04,pdf,5.16,1,10,32,5,1,147,Normal
2.02,pdf,0.65,0,3,15,10,1,107,Normal
2.91,pdf,3.44,2,6,36,6,1,268,Normal
3.44,jpg,3.84,0,3,50,4,1,198,Normal
156.74,png,17.64,3,14,28,11,1,411,Normal
1.08,docx,3.75,1,8,3,6,1,1,Normal
15.66,png,2.98,2,5,62,11,2,154,Normal
0.2,py,12.42,18,72,557,18,1,395,Normal
19.97,png,2.9,6,21,803,27,2,236,Normal
5.57,pdf,4.64,0,5,127,5,1,252,Normal
2.75,py,8.07,2,13,6,5,1,7,Normal
361.58,jpg,8.21,4,22,126,13,2,271,Normal
12.33,py,33.75,4,15,430,22,1,108,Normal
123.69,png,5.36,2,10,119,12,2,120,Normal
4.85,png,0.53,1,4,91,2,1,244,Normal
5.16,zip,53.78,21,181,154,59,8,16,Suspicious
3.8,pdf,0.1,1,4,106,5,1,70,Normal
3.49,png,3.59,0,6,106,5,1,203,Normal
0.61,json,25.36,13,45,593,14,1,255,Normal
111.41,bin,11.31,14,70,28,42,3,271,Suspicious
1.72,jpg,1.3,0,4,110,4,2,150,Normal
0.5,xlsx,1.72,0,3,48,7,1,285,Normal
9.85,png,6.9,0,6,96,5,1,232,Normal
7.19,jpg,9.36,3,13,4,9,3,3,Normal
7.85,jpg,2.58,1,3,39,4,1,113,Normal
4.84,txt,0.1,0,7,18,3,1,158,Normal
36.59,py,22.84,15,51,391,18,2,267,Normal
3.13,py,32.11,16,41,287,18,1,172,Normal
1.25,docx,3.18,0,8,90,4,1,61,Normal
5.95,png,2.52,0,5,128,6,1,210,Normal
11.13,pdf,4.63,0,8,106,7,3,347,Normal
1.0,jpg,3.88,1,8,46,7,2,308,Normal
2.08,docx,5.16,1,6,34,7,1,219,Normal
25.56,pdf,1.47,2,10,4,5,1,0,Normal
5.64,jpg,6.79,2,7,5,4,2,2,Normal
26.33,js,8.92,22,51,603,29,3,463,Normal
3.21,pdf,1.51,1,8,86,3,1,252,Normal
5.7,png,1.36,1,7,27,6,1,77,Normal
20.09,sh,24.54,4,37,306,20,3,404,Normal
0.76,xlsx,4.4,2,5,27,6,1,184,Normal
2.62,png,0.46,2,8,94,3,2,49,Normal
0.27,docx,3.38,0,6,65,5,1,108,Normal
14.03,jpg,0.26,1,5,181,6,1,189,Normal
30.48,pdf,29.93,13,42,570,19,2,139,Normal
30.87,apk,17.28,4,14,24,15,3,85,Suspicious
18.54,wav,78.46,10,138,68,134,5,63,Suspicious
104.74,zip,12.07,6,48,297,21,3,35,Suspicious
3.78,jpg,1.33,1,5,160,1,1,327,Normal
157.44,zip,36.22,5,55,189,66,4,50,Suspicious
4.72,png,2.1,1,3,67,3,2,210,Normal
1.35,jpg,12.06,0,8,7,9,1,2,Normal
1.29,docx,0.1,1,7,127,5,1,146,Normal
7.84,txt,1.77,0,4,23,5,1,320,Normal
11.03,pdf,7.25,2,9,11,7,1,4,Normal
1.63,pdf,5.52,0,2,63,6,1,168,Normal
1.83,pdf,0.66,0,5,2,9,1,4,Normal
0.08,png,1.84,2,7,42,6,1,68,Normal
0.28,jpg,1.09,1,6,147,6,1,214,Normal
4.2,json,15.44,24,48,681,23,1,396,Normal
5.39,py,21.59,14,53,890,25,2,297,Normal
0.44,pdf,5.29,1,7,31,5,1,99,Normal
1.84,pdf,4.62,2,10,57,4,1,319,Normal
34.44,dll,21.35,7,47,676,16,6,172,Suspicious
7.13,pdf,4.73,3,4,19,6,1,88,Normal
7.05,zip,26.56,8,44,390,28,2,414,Normal
3.29,jpg,4.03,0,8,68,5,1,102,Normal
10.19,png,5.17,0,8,41,7,1,284,Normal
9.62,png,0.1,1,7,84,5,2,141,Normal
3.27,py,14.48,7,38,587,25,4,383,Normal
4.79,docx,9.98,3,9,12,8,2,8,Normal
6.05,docx,2.96,0,11,142,3,1,320,Normal
0.3,jpg,1.69,1,4,29,4,1,133,Normal
1.95,png,5.06,3,10,33,7,1,150,Normal
50.38,jpg,4.64,0,13,375,18,1,137,Normal
1.45,txt,1.65,0,2,120,10,3,97,Normal
5.72,png,3.89,1,6,83,5,1,254,Normal
35.67,dll,14.5,7,22,101,8,3,67,Suspicious
30.05,pdf,22.37,26,74,66,71,6,50,Suspicious
4.21,pdf,5.63,2,9,5,7,2,9,Normal
0.8,pdf,7.29,1,4,6,7,1,6,Normal
9.54,pdf,0.75,1,5,235,5,1,103,Normal
3.55,js,13.03,7,24,627,24,1,217,Normal
126.14,mp4,6.62,1,21,357,15,1,271,Normal
9.52,docx,5.28,0,10,4,8,1,4,Normal
7.33,png,12.47,2,6,3,7,1,5,Normal
0.65,jpg,8.81,1,7,6,8,1,9,Normal
5.31,png,6.8,1,5,85,5,1,224,Normal
314.45,mp4,7.19,2,15,336,11,1,165,Normal
17.81,py,39.68,21,41,200,21,2,243,Normal
3.47,jpg,2.24,0,8,74,2,1,117,Normal
2.11,pdf,6.72,0,9,67,5,1,91,Normal
6.54,jpg,6.26,4,11,4,11,1,2,Normal
2.23,docx,10.36,3,10,6,5,1,0,Normal
2.33,zip,28.03,8,42,329,22,1,283,Normal
5.41,docx,5.04,0,3,77,2,1,155,Normal
24.71,txt,24.72,6,36,734,22,2,153,Normal
37.15,vbs,21.23,1,8,70,12,1,56,Suspicious
5.37,pdf,0.16,1,8,51,5,1,425,Normal
62.03,docx,32.51,7,59,259,25,6,640,Suspicious
0.71,py,27.33,11,46,676,22,3,342,Normal
1.56,jpg,4.08,2,10,47,3,1,273,Normal
0.97,png,2.85,0,5,97,2,1,240,Normal
15.5,docx,2.01,1,4,45,3,1,133,Normal
3.61,png,4.22,0,3,160,5,1,87,Normal
2.73,jpg,3.48,1,5,81,3,1,213,Normal
1.57,png,3.49,0,8,47,4,1,166,Normal
0.16,jpg,3.01,0,8,85,4,2,91,Normal
34.58,json,16.67,2,17,511,30,1,296,Normal
4.66,docx,0.79,1,5,49,4,3,100,Normal
21.54,json,28.94,14,28,489,18,1,646,Normal
21.96,pdf,31.42,25,43,1083,13,2,293,Normal
4.21,docx,3.91,0,4,70,3,1,234,Normal
0.69,txt,4.68,1,8,53,9,2,164,Normal
0.97,jpg,2.24,0,7,87,5,1,144,Normal
101.09,mp4,10.27,5,16,199,13,1,108,Normal
31.96,exe,32.07,11,54,256,19,4,335,Suspicious
5.0,py,18.97,10,24,629,21,2,165,Normal
8.19,xlsx,4.98,0,3,42,4,1,239,Normal
4.41,pdf,4.09,0,5,77,4,1,174,Normal
11.34,csv,3.46,25,66,120,22,2,171,Normal
62.73,zip,23.16,4,33,109,74,2,247,Suspicious
0.79,zip,6.48,1,8,5,8,1,3,Normal
2.24,docx,2.67,0,4,46,5,1,261,Normal
9.27,docx,6.38,0,6,164,6,1,88,Normal
12.22,png,5.15,0,9,92,3,2,193,Normal
4.84,png,2.34,0,6,68,2,1,189,Normal
13.21,png,7.83,1,5,4,6,1,6,Normal
0.4,xlsx,0.61,1,10,205,7,1,126,Normal
3.73,py,16.81,9,70,242,22,2,267,Normal
25.14,zip,5.18,4,25,585,20,1,158,Normal
2.25,jpg,1.16,1,5,79,4,1,154,Normal
3.21,js,9.14,4,33,223,25,4,259,Normal
271.68,mp4,18.5,5,14,486,9,2,205,Normal
8.5,js,18.66,26,54,413,24,2,137,Normal
8.58,docx,70.45,56,116,54,132,9,42,Suspicious
3.37,py,19.49,3,44,559,22,2,211,Normal
71.37,mp4,9.47,1,15,37,14,1,123,Normal
2.74,pdf,20.45,19,34,229,23,2,371,Normal
0.57,pdf,1.45,1,3,8,4,1,157,Normal
13.14,py,18.99,12,31,648,25,3,409,Normal
270.22,mp4,15.65,1,22,80,12,1,185,Normal
210.93,zip,6.56,4,15,56,20,2,182,Normal
1.98,png,6.12,0,2,16,5,1,238,Normal
9.2,py,6.12,10,29,904,20,1,266,Normal
0.61,pdf,6.57,1,3,57,5,1,219,Normal
0.59,pdf,2.57,0,1,68,4,1,108,Normal
6.31,docx,5.54,0,4,56,7,1,285,Normal
383.24,wav,3.85,0,23,262,10,2,147,Normal
174.21,wav,6.41,1,10,120,16,2,228,Normal
403.63,mp4,12.16,3,11,283,7,1,132,Normal
2.24,jpg,0.19,1,3,72,8,2,110,Normal
127.88,mp4,15.29,3,25,403,8,1,155,Normal
3.49,png,4.55,0,2,69,5,2,229,Normal
0.93,txt,2.76,0,4,66,6,2,182,Normal
0.08,txt,2.5,2,7,97,4,3,184,Normal
3.86,jpg,1.41,0,7,58,5,1,110,Normal
6.05,png,31.23,31,49,317,24,1,322,Normal
4.53,png,3.67,1,5,124,4,1,148,Normal
0.33,png,1.48,1,7,40,6,1,108,Normal
0.98,jpg,5.28,1,5,48,3,1,172,Normal
26.57,json,71.17,61,102,142,99,5,19,Suspicious
191.5,mp4,2.53,1,15,165,9,1,427,Normal
10.05,zip,0.46,3,10,3,6,2,2,Normal
1.67,png,3.82,0,9,48,4,1,257,Normal
6.83,txt,2.06,2,5,42,5,1,205,Normal
38.88,exe,18.75,3,15,42,10,1,14,Suspicious
168.06,mp4,38.54,10,47,213,69,6,78,Suspicious
2.64,jpg,5.01,0,2,72,4,1,120,Normal
7.3,pdf,6.62,0,7,9,5,1,8,Normal
18.63,pdf,2.78,2,5,5,3,1,9,Normal
9.66,docx,1.32,0,3,84,6,1,211,Normal
317.94,zip,22.82,5,27,83,24,5,142,Suspicious
8.32,docx,5.6,0,4,35,6,1,278,Normal
2.16,png,4.82,1,3,11,8,1,249,Normal
7.23,py,33.85,3,35,333,25,3,170,Normal
2.42,png,1.52,0,3,78,3,1,219,Normal
1.71,jpg,3.19,1,4,46,4,1,201,Normal
364.41,mp4,19.39,5,20,201,14,2,91,Normal
0.07,xlsx,4.69,0,5,151,6,1,100,Normal
5.11,pdf,3.16,2,5,70,4,1,263,Normal
12.76,zip,10.32,17,44,587,23,2,596,Normal
353.19,png,15.2,2,15,74,16,2,114,Normal
3.79,docx,0.55,1,10,7,5,1,8,Normal
149.99,exe,18.46,23,80,115,47,3,199,Suspicious
22.83,docx,25.89,17,31,603,39,3,183,Suspicious
27.77,zip,12.21,10,55,640,50,3,59,Suspicious
1.07,docx,12.11,1,8,6,10,1,3,Normal
187.78,zip,10.0,4,11,317,8,1,210,Normal
0.91,jpg,3.69,0,5,69,5,2,171,Normal
8.31,png,2.21,2,9,142,3,1,241,Normal
25.45,jpg,81.27,48,151,55,75,2,56,Suspicious
1.85,png,2.38,1,3,58,7,2,157,Normal
0.36,docx,1.42,0,9,94,5,1,135,Normal
2.43,png,2.04,3,5,145,4,1,49,Normal
0.87,zip,18.75,6,24,381,22,2,259,Normal
222.56,mp4,10.33,1,13,83,15,1,214,Normal
7.39,json,30.77,9,30,821,28,1,282,Normal
5.5,sh,28.53,2,33,751,22,2,313,Normal
17.82,docx,4.09,1,4,90,3,2,157,Normal
0.15,py,32.03,8,24,169,27,1,204,Normal
10.53,txt,4.99,0,4,272,6,1,218,Normal
16.64,json,16.85,12,26,279,19,4,172,Normal
2.05,png,8.18,0,3,2,5,1,3,Normal
7.85,py,25.12,12,30,675,17,1,273,Normal
304.55,zip,11.05,11,35,46,36,3,309,Suspicious
0.98,docx,2.23,0,3,69,4,1,178,Normal
4.58,png,1.84,2,7,33,3,1,254,Normal
60.02,docx,37.58,15,52,603,48,5,563,Suspicious
4.01,pdf,3.0,1,5,7,7,1,8,Normal
0.96,jpg,1.22,0,2,194,5,1,257,Normal
25.97,py,22.39,4,15,319,32,3,448,Normal
0.37,jpg,4.35,1,8,90,7,1,167,Normal
51.93,sh,23.39,13,27,183,40,6,362,Suspicious
0.37,docx,0.2,2,5,6,5,1,7,Normal
5.83,docx,4.2,1,4,74,2,1,341,Normal
225.52,zip,10.89,4,12,132,10,3,279,Normal
2.69,xlsx,0.75,0,3,62,7,2,232,Normal
1.33,pdf,1.78,2,11,24,3,1,54,Normal
3.26,jpg,3.11,0,7,48,8,1,137,Normal
5.12,pdf,4.11,0,9,76,5,2,157,Normal
125.38,pdf,36.1,5,37,154,42,4,208,Suspicious
136.38,exe,38.01,23,73,268,82,2,72,Suspicious
53.85,iso,6.22,2,8,17,13,2,41,Suspicious
11.06,jpg,5.81,1,5,36,7,1,214,Normal
0.28,jpg,0.1,0,5,25,5,1,270,Normal
8.0,txt,4.34,7,13,77,6,1,83,Normal
14.3,pdf,23.37,2,23,327,22,2,347,Normal
13.17,pdf,6.02,9,25,1011,22,2,185,Normal
1.05,pdf,1.24,1,7,118,5,1,92,Normal
2.02,docx,1.29,2,11,6,6,1,7,Normal
10.71,docx,1.26,2,8,21,3,1,227,Normal
2.42,zip,6.82,1,9,4,4,1,1,Normal
1.78,txt,0.62,1,4,70,7,2,66,Normal
2.29,jpg,9.04,1,7,6,9,3,3,Normal
2.86,pdf,2.32,1,9,106,4,2,138,Normal
0.23,txt,5.86,0,6,134,7,1,135,Normal
6.4,js,8.35,2,37,737,20,1,330,Normal
341.17,zip,15.88,1,19,334,12,2,245,Normal
2.74,jpg,9.98,2,7,3,12,1,1,Normal
5.03,docx,4.33,0,7,51,5,1,272,Normal
4.95,pdf,1.81,0,8,86,4,1,141,Normal
23.3,py,8.18,18,35,534,20,2,195,Normal
4.53,txt,16.62,5,27,349,19,1,322,Normal
381.33,wav,4.81,5,13,198,11,1,179,Normal
4.81,docx,8.06,3,13,9,9,1,5,Normal
7.14,zip,18.27,25,65,537,25,2,306,Normal
0.8,docx,4.53,0,3,47,4,1,113,Normal
3.57,pdf,12.47,0,3,3,7,1,9,Normal
3.39,pdf,0.79,2,10,85,5,1,225,Normal
4.04,docx,1.03,1,5,53,3,1,227,Normal
4.15,csv,21.96,12,32,512,20,1,334,Normal
0.36,png,3.89,1,5,72,7,2,108,Normal
17.59,bin,19.45,5,16,72,10,4,90,Suspicious
5.27,py,5.83,15,47,1039,19,2,225,Normal
1.81,jpg,0.7,0,6,20,7,1,266,Normal
14.49,png,9.41,2,10,6,4,1,2,Normal
39.87,sh,22.98,8,37,662,20,1,292,Normal
344.3,zip,22.03,13,58,215,27,3,162,Suspicious
7.71,jpg,3.81,2,8,94,7,1,267,Normal
25.95,py,16.44,26,80,567,23,2,187,Normal
4.15,js,17.5,16,50,663,23,3,464,Normal
43.44,vbs,5.12,4,14,19,9,2,96,Suspicious
16.8,json,19.91,10,51,541,18,1,152,Normal
6.9,pdf,2.16,2,6,76,5,3,202,Normal
4.98,pdf,0.39,2,4,16,7,1,136,Normal
2.4,jpg,4.69,1,5,83,5,1,211,Normal
7.84,py,9.46,5,34,740,19,1,198,Normal
5.96,iso,6.71,3,13,32,17,3,27,Suspicious
2.64,json,33.94,21,64,622,20,2,283,Normal
5.98,png,1.28,1,3,20,1,2,85,Normal
2.17,jpg,3.44,0,5,4,6,1,9,Normal
3.9,json,33.72,31,78,62,18,3,307,Normal
6.24,png,26.42,12,50,269,21,2,192,Normal
0.62,py,31.49,16,30,355,31,2,343,Normal
1.82,js,28.36,20,54,441,16,2,282,Normal
377.07,mp4,11.61,1,12,153,9,2,158,Normal
3.86,txt,4.54,2,6,92,5,2,157,Normal
46.3,exe,18.46,6,14,53,8,1,66,Suspicious
3.6,txt,3.25,1,6,109,4,1,75,Normal
289.5,mp4,10.69,1,12,58,12,1,181,Normal
354.69,mp4,14.88,2,16,176,10,2,204,Normal
5.31,png,3.34,1,5,90,3,1,153,Normal
1.12,py,14.89,2,22,215,25,1,421,Normal
6.04,jpg,5.39,0,3,16,4,1,159,Normal
50.61,dll,8.04,1,15,84,15,2,113,Suspicious
3.25,jpg,5.97,0,4,18,3,1,421,Normal
27.04,png,25.27,46,187,42,50,2,29,Suspicious
212.15,zip,20.28,14,53,360,76,5,297,Suspicious
2.54,png,1.55,1,9,128,3,2,381,Normal
0.27,jpg,2.71,1,12,54,2,1,295,Normal
0.76,jpg,2.24,0,6,15,5,1,189,Normal
5.13,docx,0.91,0,4,136,4,1,182,Normal
35.56,exe,18.79,5,19,62,9,1,84,Suspicious
4.28,png,2.81,1,11,36,4,1,200,Normal
12.77,txt,26.23,31,55,1535,17,2,341,Normal
14.08,docx,69.97,12,95,20,21,5,39,Suspicious
2.52,sh,21.87,25,54,430,28,4,372,Normal
248.94,zip,28.56,23,49,83,37,3,275,Suspicious
3.98,docx,11.02,1,9,6,8,1,8,Normal
157.48,png,5.02,4,20,671,13,1,107,Normal
7.12,docx,1.65,0,7,86,3,1,109,Normal
20.49,py,4.66,3,8,7,6,1,4,Normal
3.66,docx,4.69,2,9,110,4,1,105,Normal
7.64,jpg,3.95,0,4,73,7,1,83,Normal
4.66,pdf,6.25,0,7,70,5,1,251,Normal
10.51,docx,1.35,0,7,80,2,1,260,Normal
0.43,py,13.76,11,48,386,19,4,323,Normal
2.43,pdf,2.68,1,5,30,5,1,108,Normal
6.37,zip,32.98,8,54,622,24,2,383,Normal
3.07,jpg,3.36,1,3,148,3,1,126,Normal
329.75,mp4,20.7,6,48,82,27,3,177,Suspicious
2.74,docx,4.89,0,10,127,6,1,73,Normal
6.15,docx,2.44,1,6,55,7,1,184,Normal
4.67,docx,2.59,1,8,54,5,1,189,Normal
24.02,json,26.14,12,22,548,25,2,189,Normal
4.03,py,2.11,2,9,6,5,2,0,Normal
369.07,mp4,26.9,10,59,187,64,2,108,Suspicious
23.53,sh,19.71,17,42,487,25,4,536,Normal
3.48,docx,0.65,1,9,27,4,1,122,Normal
66.23,mp4,2.26,6,16,36,12,1,292,Normal
43.79,json,21.2,18,26,84,21,2,298,Normal
4.39,pdf,5.43,0,6,5,5,2,8,Normal
400.66,mp4,8.0,5,16,259,11,2,223,Normal
1.89,py,30.05,16,43,387,28,3,303,Normal
0.31,exe,1.7,5,15,95,8,1,30,Suspicious
3.51,docx,5.74,2,6,3,9,1,2,Normal
417.18,png,19.86,16,50,66,20,4,32,Suspicious
2.2,jpg,5.27,2,6,74,3,1,138,Normal
11.08,png,18.53,8,63,240,27,1,246,Normal
38.24,txt,22.23,11,16,427,16,2,391,Normal
2.21,docx,0.1,1,5,60,3,1,210,Normal
4.05,txt,1.3,0,7,168,5,1,71,Normal
3.97,zip,23.55,19,52,100,22,2,110,Normal
1.56,png,0.38,2,6,35,5,1,75,Normal
3.88,docx,9.74,2,11,4,7,1,6,Normal
5.88,pdf,0.47,0,4,76,6,1,265,Normal
297.44,mp4,17.85,3,15,215,12,1,215,Normal
23.13,py,20.09,25,141,217,132,5,30,Suspicious
6.64,docx,9.57,0,3,6,6,1,3,Normal
2.88,jpg,3.98,2,6,127,5,1,160,Normal
19.58,exe,12.63,7,16,11,9,1,70,Suspicious
6.64,jpg,1.08,0,3,187,3,1,226,Normal
6.49,pdf,0.92,1,10,43,4,1,194,Normal
123.27,mp4,4.59,1,11,283,9,1,133,Normal
2.77,jpg,0.59,3,8,76,6,1,178,Normal
0.46,csv,9.12,12,61,177,21,2,252,Normal
35.74,docx,24.86,3,49,556,29,4,795,Suspicious
4.11,pdf,0.82,1,5,119,5,1,245,Normal
0.41,png,0.89,0,10,111,3,2,172,Normal
4.13,zip,12.55,16,51,550,22,1,157,Normal
5.95,txt,2.61,0,7,53,7,1,99,Normal
21.05,jpg,3.54,2,4,77,5,1,270,Normal
4.89,docx,0.55,1,7,8,5,1,77,Normal
0.25,png,1.88,1,9,139,7,1,207,Normal
2.53,docx,4.28,2,10,34,5,1,209,Normal
49.7,pdf,12.36,15,47,353,19,1,315,Normal
26.13,vbs,35.46,11,37,427,38,5,382,Suspicious
2.83,pdf,3.16,0,3,34,1,2,82,Normal
2.15,png,14.19,2,7,5,7,2,1,Normal
2.72,txt,3.26,0,5,131,5,2,100,Normal
17.91,pdf,13.26,18,27,145,27,2,291,Normal
0.89,pdf,9.2,0,7,2,11,1,9,Normal
5.81,scr,6.55,3,16,30,8,2,116,Suspicious
1.02,pdf,3.94,0,5,15,8,1,131,Normal
42.51,pdf,17.27,5,37,492,23,2,366,Normal
341.54,wav,12.43,1,9,405,13,2,82,Normal
20.84,sh,13.59,11,40,587,25,1,133,Normal
2.67,jpg,4.45,1,5,118,7,1,146,Normal
10.13,js,17.62,1,40,122,24,2,304,Normal
2.14,png,3.79,1,5,112,8,1,168,Normal
94.28,mp4,5.1,5,15,135,9,1,440,Normal
1.73,pdf,2.64,1,4,146,5,1,153,Normal
4.15,js,30.82,11,44,541,24,1,180,Normal
7.02,pdf,18.85,4,31,510,17,1,271,Normal
6.95,pdf,8.53,2,10,3,15,1,0,Normal
119.34,mp4,5.65,3,17,205,17,1,135,Normal
4.96,jpg,1.22,2,8,44,3,1,213,Normal
42.07,pdf,28.89,2,21,733,25,2,234,Normal
45.69,sh,17.09,2,50,865,30,5,579,Suspicious
0.44,txt,3.99,1,4,96,6,1,139,Normal
1.11,docx,1.78,0,8,104,3,1,49,Normal
7.04,sh,19.4,8,50,190,19,2,403,Normal
6.26,png,2.82,1,7,53,6,1,70,Normal
21.79,json,27.97,3,39,780,16,4,215,Normal
2.45,pdf,5.3,3,7,69,4,1,345,Normal
2.86,txt,1.84,0,1,101,4,1,237,Normal
84.76,js,5.07,7,29,405,20,1,238,Normal
0.11,docx,5.22,2,10,2,4,2,9,Normal
5.23,jpg,5.33,0,4,104,6,1,241,Normal
314.91,mp4,20.31,6,37,200,31,2,80,Suspicious
43.16,zip,13.07,3,16,45,10,1,52,Suspicious
33.11,jpg,53.19,54,174,52,70,5,5,Suspicious
69.38,wav,15.19,2,17,96,11,1,212,Normal
311.66,zip,5.83,0,10,123,10,1,237,Normal
126.25,bin,13.56,7,58,87,37,4,271,Suspicious
2.75,jpg,2.39,1,3,93,9,3,176,Normal
4.22,jpg,3.24,0,5,44,9,1,114,Normal
0.88,py,21.53,3,21,177,21,1,329,Normal
211.63,mp4,1.43,3,12,216,11,1,144,Normal
0.75,pdf,0.2,1,6,5,9,3,9,Normal
5.83,png,4.59,3,5,9,5,2,247,Normal
20.71,py,11.12,3,59,661,22,1,530,Normal
2.18,txt,3.14,2,5,165,7,1,194,Normal
374.37,zip,4.05,2,20,308,13,1,122,Normal
4.46,txt,4.8,3,10,45,2,2,151,Normal
0.79,docx,2.61,2,11,116,5,3,280,Normal
16.2,zip,5.63,4,12,140,14,2,100,Suspicious
42.53,txt,21.61,10,50,403,25,4,783,Suspicious
1.26,txt,4.44,0,4,61,5,1,96,Normal
51.99,zip,25.87,5,16,1069,21,2,457,Normal
8.02,png,4.42,1,10,25,2,1,279,Normal
0.48,png,3.25,0,4,69,3,1,112,Normal
36.26,exe,7.42,4,14,20,10,5,21,Suspicious
2.99,py,32.59,4,27,256,27,3,496,Normal
20.05,png,33.8,16,52,465,28,3,195,Normal
3.88,py,9.62,1,7,5,7,1,5,Normal
2.94,txt,1.2,1,5,83,8,1,251,Normal
5.41,jpg,5.16,1,7,70,8,1,366,Normal
12.2,jpg,10.14,0,7,4,3,1,1,Normal
5.35,png,3.54,1,5,162,9,1,109,Normal
4.57,py,14.29,2,31,375,20,2,425,Normal
6.8,docx,77.69,58,182,220,45,2,23,Suspicious
5.97,png,2.92,2,7,220,5,1,109,Normal
3.02,png,7.46,3,10,3,4,1,8,Normal
5.08,sh,28.58,11,39,556,15,1,365,Normal
0.41,txt,0.14,1,11,65,6,2,237,Normal
13.1,csv,18.73,34,52,538,24,4,362,Normal
8.66,pdf,38.54,69,142,100,91,9,15,Suspicious
5.32,txt,16.68,3,21,475,29,2,301,Normal
5.77,pdf,0.99,0,4,41,4,1,252,Normal
20.92,pdf,19.85,5,27,1206,20,1,312,Normal
26.66,pdf,77.6,43,154,16,87,10,32,Suspicious
8.5,docx,10.57,0,3,5,12,1,4,Normal
17.56,docx,10.95,6,15,6,8,1,5,Normal
15.61,sh,21.83,1,30,966,27,2,335,Normal
7.68,pdf,0.1,1,5,146,3,1,86,Normal
1.99,pdf,5.71,0,6,87,2,1,234,Normal
5.99,png,0.83,0,6,51,4,1,114,Normal
0.45,docx,5.5,0,7,48,3,1,144,Normal
154.34,jpg,2.71,1,14,302,13,1,170,Normal
2.8,png,4.58,1,5,45,5,1,175,Normal
4.14,pdf,9.74,1,5,3,9,2,8,Normal
1.56,js,8.59,14,26,788,24,2,130,Normal
46.0,pdf,18.46,1,11,82,12,1,71,Suspicious
21.26,sh,7.63,7,46,448,26,3,281,Normal
0.53,jpg,3.86,0,3,197,9,1,298,Normal
3.63,jpg,1.92,4,12,6,6,1,0,Normal
3.72,py,11.24,3,7,6,6,1,2,Normal
60.51,mp4,19.61,14,57,81,33,3,138,Suspicious
20.54,pdf,4.91,0,1,3,6,2,5,Normal
10.24,png,2.12,1,8,114,5,1,167,Normal
50.09,py,34.5,16,32,338,32,3,192,Suspicious
0.6,png,1.69,0,6,100,2,1,118,Normal
309.91,zip,9.0,1,11,138,14,1,136,Normal
209.78,wav,3.13,4,18,148,10,1,144,Normal
8.19,json,27.81,11,32,867,23,3,204,Normal
1.42,txt,4.64,1,6,19,5,1,92,Normal
9.66,docx,3.26,1,7,82,8,2,139,Normal
35.41,scr,22.34,1,10,116,9,4,104,Suspicious
37.58,py,3.27,5,17,42,8,5,6,Suspicious
44.38,scr,6.38,6,20,37,14,2,39,Suspicious
1.84,docx,3.33,1,11,6,4,2,1,Normal
3.85,pdf,12.85,2,7,2,8,1,2,Normal
3.13,txt,6.03,0,4,45,5,1,208,Normal
3.17,xlsx,1.87,1,4,63,8,1,104,Normal
1.23,pdf,1.38,0,6,64,5,1,159,Normal
3.22,png,4.04,1,6,109,4,3,117,Normal
1.95,png,0.91,0,4,19,8,1,54,Normal
36.23,js,32.87,17,38,519,30,3,222,Normal
6.13,py,27.7,2,21,784,18,2,233,Normal
6.78,pdf,21.84,7,40,471,21,1,179,Normal
8.37,zip,4.67,14,23,512,22,1,390,Normal
47.28,jpg,15.46,4,17,115,9,3,138,Normal
17.14,csv,20.82,4,31,599,21,4,245,Normal
195.1,mp4,13.61,2,13,176,15,1,494,Normal
0.54,jpg,5.83,3,7,203,3,1,164,Normal
4.94,docx,0.1,2,8,186,7,3,192,Normal
332.85,wav,13.16,5,19,377,10,1,352,Normal
35.97,py,33.7,10,33,471,18,1,237,Normal
13.5,docx,3.34,0,5,93,6,1,115,Normal
5.7,txt,22.77,8,30,489,20,2,257,Normal
7.42,jpg,6.16,1,6,161,4,2,65,Normal
162.91,png,18.6,0,11,78,14,1,168,Normal
2.04,png,4.43,0,3,92,3,1,199,Normal
1.42,docx,3.27,3,7,49,4,1,201,Normal
0.79,txt,2.32,0,7,69,7,1,175,Normal
6.93,py,6.35,1,3,7,8,1,4,Normal
1.94,pdf,2.63,0,7,52,8,1,198,Normal
2.42,xlsx,2.01,0,6,121,5,1,96,Normal
3.72,png,1.94,1,4,17,9,1,93,Normal
10.67,py,26.98,10,30,360,20,4,295,Normal
19.55,py,5.58,8,34,242,25,1,291,Normal
2.09,jpg,3.44,1,5,56,7,1,117,Normal
12.65,jpg,4.52,0,6,118,6,1,181,Normal
10.99,exe,33.74,9,58,273,15,5,631,Suspicious
3.19,docx,12.88,1,7,5,5,1,8,Normal
1.33,pdf,0.85,1,9,223,8,1,189,Normal
291.58,mp4,14.26,2,19,424,19,4,260,Normal
0.98,pdf,3.71,0,5,65,2,1,169,Normal
151.12,zip,28.6,19,74,265,20,2,182,Suspicious
379.09,mp4,4.62,3,17,812,7,2,136,Normal
3.96,py,26.16,19,50,590,19,3,201,Normal
74.72,mp4,5.64,0,10,415,15,1,109,Normal
15.78,json,20.55,7,45,121,22,1,133,Normal
1.28,pdf,3.01,0,3,104,6,1,96,Normal
15.21,py,14.81,15,43,768,22,2,284,Normal
2.72,txt,1.45,0,1,45,3,2,317,Normal
64.74,pdf,24.81,13,53,1156,44,4,410,Suspicious
267.47,mp4,9.27,1,13,246,8,1,185,Normal
1.71,docx,5.7,0,6,7,6,1,1,Normal
1.57,jpg,0.32,1,7,47,3,1,54,Normal
10.83,zip,17.1,31,43,1353,24,1,176,Normal
4.66,png,2.09,0,4,150,7,2,81,Normal
2.07,docx,3.04,1,12,136,4,1,256,Normal
11.43,jpg,5.47,0,4,147,4,2,150,Normal
32.84,dll,8.19,7,19,20,7,2,23,Suspicious
281.51,mp4,10.36,3,14,193,10,1,248,Normal
0.82,png,6.87,1,10,5,7,1,7,Normal
155.65,docx,42.88,20,66,197,58,4,16,Suspicious
14.63,py,20.88,5,30,427,22,2,271,Normal
1.06,jpg,2.35,0,4,48,5,1,126,Normal
7.11,sh,31.67,14,45,298,22,2,209,Normal
11.38,txt,2.29,0,4,78,8,1,302,Normal
396.59,zip,19.89,5,61,113,60,4,200,Suspicious
3.48,pdf,1.74,1,9,70,3,1,180,Normal
10.67,jpg,4.34,2,4,20,3,1,207,Normal
18.21,bat,34.24,23,137,138,45,10,46,Suspicious
1.04,pdf,5.29,0,7,101,3,1,418,Normal
5.73,js,26.89,14,79,244,21,1,269,Normal
3.79,docx,4.69,0,7,85,2,1,71,Normal
1.86,zip,18.67,16,38,653,30,5,449,Normal
38.37,mp4,10.02,3,21,140,7,1,385,Normal
210.31,wav,4.55,4,18,115,11,1,189,Normal
0.47,docx,5.25,0,5,21,5,1,233,Normal
2.43,txt,5.24,0,7,40,3,1,197,Normal
17.33,zip,20.38,15,43,73,35,7,164,Suspicious
50.09,js,17.1,21,65,312,25,2,351,Normal
43.41,exe,32.47,11,65,588,16,5,175,Suspicious
1.53,pdf,55.3,34,209,34,115,5,19,Suspicious
223.68,zip,12.0,15,29,174,46,4,61,Suspicious
2.32,pdf,1.46,1,6,55,10,1,221,Normal
2.56,zip,15.94,11,29,471,24,2,195,Normal
4.33,jpg,5.34,0,2,184,4,1,103,Normal
8.37,csv,7.93,13,57,675,19,2,194,Normal
51.89,js,29.57,4,10,250,26,1,368,Normal
13.07,scr,21.29,2,13,12,10,1,15,Suspicious
4.73,txt,0.89,1,4,61,6,2,65,Normal
0.4,jpg,2.67,0,7,71,3,2,216,Normal
46.62,bin,9.53,4,10,31,6,3,28,Suspicious
53.03,vbs,29.52,8,36,241,36,5,198,Suspicious
20.27,json,11.91,8,32,399,20,1,281,Normal
10.11,png,8.58,3,7,4,8,1,7,Normal
3.25,sh,29.24,17,41,577,27,3,425,Normal
347.17,zip,9.26,3,17,176,11,2,89,Normal
1.24,pdf,0.8,1,5,29,6,1,250,Normal
7.04,png,35.41,13,46,824,17,1,462,Normal
4.24,pdf,4.89,1,4,32,3,2,123,Normal
4.37,jpg,5.12,3,12,62,7,1,126,Normal
22.53,pdf,52.12,60,171,47,43,7,7,Suspicious
255.31,wav,16.73,2,13,107,12,2,232,Normal
8.64,docx,4.08,1,13,136,2,1,189,Normal
0.08,pdf,0.7,1,6,76,4,1,221,Normal
2.95,py,5.73,1,9,4,4,2,7,Normal
256.3,zip,8.25,5,21,162,11,3,226,Normal
4.19,pdf,1.47,1,7,126,7,1,225,Normal
9.6,dll,18.26,2,15,77,9,3,101,Suspicious
0.2,png,2.71,3,8,63,5,1,345,Normal
2.84,zip,40.87,62,109,28,49,6,56,Suspicious
5.25,js,20.96,3,43,695,22,1,304,Normal
103.05,wav,6.84,3,12,423,12,3,186,Normal
17.44,docx,4.41,1,4,154,7,1,241,Normal
368.36,mp4,40.61,21,39,91,79,6,347,Suspicious
2.93,pdf,33.55,30,68,502,22,2,181,Normal
365.62,mp4,13.37,16,31,135,40,4,269,Suspicious
2.1,txt,23.07,12,44,839,12,1,229,Normal
7.74,png,35.19,43,178,78,100,6,0,Suspicious
4.97,pdf,10.84,0,3,8,11,2,0,Normal
1.7,txt,2.58,0,5,91,7,1,287,Normal
0.61,pdf,2.83,1,4,49,5,1,168,Normal
1.72,jpg,2.83,0,3,6,9,1,9,Normal
61.68,png,30.85,11,60,275,23,6,146,Suspicious
0.12,jpg,1.52,0,6,55,4,1,205,Normal
7.92,pdf,5.52,1,7,2,9,1,7,Normal
0.66,docx,4.49,1,7,94,3,1,139,Normal
143.75,png,10.35,3,13,64,11,3,75,Normal
3.18,pdf,6.11,1,6,50,5,1,149,Normal
51.74,pdf,9.42,11,55,179,51,4,682,Suspicious
227.27,mp4,13.67,11,24,207,59,3,26,Suspicious
4.22,pdf,6.79,5,9,5,7,1,0,Normal
1.39,pdf,5.07,1,5,90,4,1,105,Normal
3.88,pdf,0.1,1,5,164,8,1,226,Normal
4.94,png,1.48,1,9,66,4,1,149,Normal
1.45,jpg,5.08,0,2,81,4,1,135,Normal
246.64,png,11.5,0,14,276,10,3,158,Normal
5.1,sh,6.66,10,28,647,23,2,227,Normal
1.84,pdf,5.21,2,10,5,7,1,9,Normal
7.95,jpg,4.25,1,3,97,10,1,260,Normal
29.88,txt,33.41,30,86,643,27,2,316,Normal
0.69,png,4.8,0,5,89,2,1,224,Normal
1.11,txt,3.27,2,7,36,6,1,200,Normal
8.32,docx,2.37,2,10,4,6,1,8,Normal
2.56,png,4.42,3,11,38,8,1,78,Normal
14.34,jpg,6.37,3,10,7,5,1,9,Normal
17.53,bat,15.44,3,10,114,8,5,86,Suspicious
4.18,js,14.22,4,57,1099,22,3,231,Normal
16.11,pdf,14.44,17,30,526,15,2,209,Normal
2.15,pdf,5.63,0,8,30,4,1,91,Normal
1.61,docx,0.93,1,5,38,3,2,224,Normal
4.52,js,24.47,1,19,500,26,1,218,Normal
24.12,docx,27.98,24,72,93,123,8,5,Suspicious
2.59,pdf,0.51,0,6,181,4,1,203,Normal
4.53,pdf,3.97,0,4,91,5,1,115,Normal
21.83,iso,13.57,6,19,107,10,1,11,Suspicious
10.36,jpg,4.27,1,4,43,2,1,192,Normal
1.28,jpg,5.38,1,6,30,4,1,168,Normal
13.97,docx,3.02,2,12,3,6,1,3,Normal
3.66,jpg,0.82,2,8,24,5,1,98,Normal
9.75,png,3.66,2,5,47,2,1,205,Normal
3.59,pdf,5.29,0,4,68,5,1,167,Normal
282.68,mp4,15.99,2,12,375,12,1,56,Normal
1.05,pdf,0.52,0,6,47,6,2,77,Normal
246.01,mp4,2.81,2,12,301,8,2,205,Normal
10.51,pdf,1.17,0,6,76,6,1,217,Normal
31.42,mp4,20.6,49,212,165,59,4,32,Suspicious
33.58,pdf,14.57,50,176,76,135,5,56,Suspicious
13.44,pdf,5.11,0,4,30,5,1,179,Normal
2.58,png,11.14,0,4,9,7,1,4,Normal
4.37,pdf,0.97,1,5,3,9,1,4,Normal
1.08,zip,23.22,4,30,424,22,1,249,Normal
0.72,png,2.43,0,5,103,5,1,200,Normal
5.35,txt,0.1,1,6,59,8,1,213,Normal
6.77,sh,21.94,6,30,288,19,1,424,Normal
179.52,mp4,13.31,0,12,99,12,1,141,Normal
1.04,docx,1.69,0,4,126,4,1,84,Normal
15.02,py,10.16,8,20,77,7,2,35,Suspicious
0.46,pdf,3.01,1,7,32,2,1,249,Normal
1.58,pdf,4.81,0,6,52,6,2,202,Normal
20.62,py,25.75,35,57,323,18,1,77,Normal
17.46,py,14.14,8,22,339,20,3,268,Normal
7.04,docx,4.7,0,3,14,3,1,358,Normal
2.79,py,16.29,2,29,512,21,2,310,Normal
3.93,pdf,0.9,2,7,37,3,2,78,Normal
14.12,docx,2.25,3,11,7,8,1,5,Normal
6.51,pdf,1.67,1,3,33,6,1,75,Normal
3.38,jpg,2.58,0,10,44,7,1,164,Normal
2.39,pdf,1.59,0,8,61,7,1,171,Normal
13.97,json,6.03,14,35,389,23,1,313,Normal
3.47,json,26.62,17,61,314,17,3,99,Normal
1.21,jpg,5.44,1,6,17,5,3,92,Normal
22.67,py,17.66,8,39,464,29,3,157,Normal
22.24,js,6.93,13,61,414,22,2,309,Normal
0.95,pdf,5.66,1,9,175,3,2,239,Normal
23.18,docx,2.61,0,6,62,3,1,229,Normal
7.68,zip,21.64,11,31,739,17,3,356,Normal
0.45,pdf,0.19,0,4,150,4,1,213,Normal
37.17,iso,8.74,3,17,22,9,1,34,Suspicious
22.96,txt,34.08,1,51,339,28,5,245,Normal
256.22,zip,28.07,23,49,206,82,3,271,Suspicious
1.88,png,4.94,0,3,57,3,1,47,Normal
1.32,js,25.21,16,25,329,15,1,320,Normal
2.84,pdf,1.9,0,4,3,7,2,1,Normal
9.42,pdf,16.94,8,34,617,27,4,672,Normal
5.17,pdf,0.75,0,8,71,3,1,139,Normal
3.71,pdf,3.96,1,9,71,3,2,197,Normal
3.4,jpg,0.71,0,9,51,3,1,232,Normal
6.46,png,4.03,0,4,111,4,2,188,Normal
201.46,mp4,15.33,2,21,703,10,2,117,Normal
9.97,docx,1.46,0,11,34,4,1,255,Normal
1.34,zip,8.58,15,26,365,26,1,113,Normal
4.82,docx,6.32,1,5,78,6,1,102,Normal
3.03,pdf,5.27,1,6,33,2,1,87,Normal
10.35,apk,3.57,3,14,61,4,3,32,Suspicious
0.32,png,2.95,4,9,58,4,3,303,Normal
7.82,js,16.87,21,49,817,22,2,297,Normal
19.69,json,20.03,33,109,714,29,3,391,Normal
9.24,txt,6.17,1,6,71,3,1,299,Normal
18.06,zip,85.95,15,79,139,70,8,14,Suspicious
0.39,docx,1.22,4,11,3,7,1,5,Normal
2.31,png,2.19,1,5,119,9,1,137,Normal
0.89,pdf,9.88,2,11,4,4,1,7,Normal
9.52,txt,3.73,0,3,30,4,2,164,Normal
5.96,txt,10.13,7,28,238,25,2,327,Normal
20.73,zip,20.17,1,63,650,22,2,177,Normal
0.71,jpg,3.7,1,4,56,5,1,154,Normal
5.96,py,6.61,10,20,556,25,2,320,Normal
1.74,png,1.89,0,2,93,6,1,141,Normal
1.1,png,2.31,0,4,59,3,1,135,Normal
0.84,jpg,1.04,0,4,168,3,1,186,Normal
4.41,py,3.81,19,33,452,16,2,134,Normal
4.13,docx,3.55,1,8,100,9,1,74,Normal
32.75,zip,10.12,15,38,301,47,4,480,Suspicious
10.94,bin,11.36,3,16,37,11,1,57,Suspicious
3.85,jpg,6.0,0,5,86,5,1,118,Normal
12.17,jpg,13.49,4,5,7,6,2,1,Normal
5.03,png,33.59,4,39,251,24,2,260,Normal
8.92,png,5.56,1,3,119,10,2,191,Normal
40.39,py,33.05,1,26,258,20,1,366,Normal
11.73,png,4.22,0,5,6,4,2,119,Normal
2.58,jpg,4.66,0,5,67,6,1,150,Normal
294.17,zip,3.04,6,21,32,12,2,162,Normal
6.89,docx,4.21,0,8,5,12,1,9,Normal
3.09,dll,19.58,4,12,18,10,1,38,Suspicious
39.81,exe,10.35,6,19,4,13,3,78,Suspicious
6.69,pdf,12.18,2,9,6,10,1,1,Normal
1.82,py,13.65,11,75,592,23,2,325,Normal
424.7,wav,7.72,2,16,174,12,2,137,Normal
403.53,docx,19.84,15,47,149,53,3,237,Suspicious
6.25,jpg,6.09,1,7,87,4,2,105,Normal
2.18,vbs,4.7,5,16,39,8,1,2,Suspicious
282.2,mp4,8.88,18,46,352,45,4,321,Suspicious
92.79,zip,23.46,17,38,153,52,3,169,Suspicious
5.97,docx,6.88,1,7,6,12,1,0,Normal
6.21,png,4.19,1,4,83,7,1,121,Normal
4.35,sh,3.74,17,44,178,13,3,274,Normal
17.26,bin,19.07,4,13,62,10,2,64,Suspicious
13.63,docx,2.03,0,3,5,10,1,3,Normal
2.98,zip,6.25,17,33,1045,21,2,194,Normal
158.45,mp4,11.5,2,12,268,5,1,228,Normal
39.18,bin,15.01,4,13,30,11,3,11,Suspicious
7.59,docx,27.2,3,34,254,36,4,573,Suspicious
7.03,pdf,1.23,0,10,108,7,1,109,Normal
3.14,docx,3.35,0,1,49,4,1,194,Normal
13.23,docx,2.61,2,5,28,10,1,144,Normal
0.67,txt,2.19,0,9,135,7,1,117,Normal
6.54,jpg,0.19,0,7,35,5,1,154,Normal
2.08,pdf,2.56,1,6,36,2,1,98,Normal
23.92,sh,22.98,34,141,27,104,3,56,Suspicious
8.53,png,3.91,0,5,129,4,2,243,Normal
5.09,docx,2.56,1,7,47,5,1,60,Normal
2.28,py,9.9,15,44,272,22,3,284,Normal
293.29,wav,7.52,4,14,90,15,1,154,Normal
0.56,pdf,1.7,1,3,287,4,1,144,Normal
1.16,pdf,1.47,1,4,4,8,1,0,Normal
29.33,docx,45.91,41,135,73,97,5,12,Suspicious
13.65,png,8.95,2,4,4,5,1,6,Normal
0.93,png,3.45,1,4,28,4,3,328,Normal
23.03,mp4,29.66,16,148,58,134,7,21,Suspicious
29.93,zip,64.76,25,149,17,74,4,3,Suspicious
5.6,json,12.26,10,38,379,23,2,215,Normal
27.58,py,43.6,46,149,22,100,3,12,Suspicious
14.44,zip,25.78,18,30,228,16,3,425,Normal
45.11,iso,18.99,5,10,23,8,1,91,Suspicious
1.27,docx,3.84,0,5,86,4,1,95,Normal
0.24,pdf,3.39,0,6,79,4,2,229,Normal
448.83,zip,18.56,9,57,127,27,4,291,Suspicious
215.71,mp4,12.19,2,17,306,14,2,304,Normal
21.6,docx,18.42,15,68,378,30,4,442,Suspicious
1.72,pdf,5.87,1,6,7,6,2,3,Normal
12.27,docx,1.59,1,5,115,7,1,244,Normal
2.39,json,21.81,11,34,812,28,3,283,Normal
59.12,zip,4.82,3,16,189,4,1,203,Normal
17.01,sh,14.44,2,19,331,23,1,277,Normal
7.37,jpg,4.17,1,9,30,9,1,98,Normal
247.55,zip,7.82,2,13,64,10,1,317,Normal
88.48,mp4,15.31,7,21,351,9,1,142,Normal
45.34,zip,10.29,12,33,743,25,2,433,Normal
0.92,js,10.41,8,49,202,30,1,355,Normal
7.3,docx,9.61,3,11,7,7,1,8,Normal
1.96,png,4.18,1,6,70,7,1,235,Normal
11.93,txt,5.44,0,4,158,6,1,101,Normal
3.42,jpg,2.38,0,4,24,6,1,67,Normal
0.22,docx,2.2,2,7,79,3,1,244,Normal
6.54,png,0.41,0,4,145,4,2,72,Normal
4.91,zip,7.48,25,51,443,22,1,192,Normal
38.47,bat,21.5,6,16,67,10,1,99,Suspicious
0.33,docx,6.34,2,4,194,7,1,167,Normal
7.32,png,5.43,0,4,81,3,1,206,Normal
2.35,pdf,10.11,2,5,5,3,2,6,Normal
8.76,zip,18.07,10,63,355,12,3,815,Suspicious
4.93,png,2.1,1,6,86,5,1,217,Normal
5.06,jpg,2.89,1,7,3,8,1,3,Normal
4.59,py,33.71,10,40,544,21,3,275,Normal
47.25,dll,12.05,2,14,94,9,5,54,Suspicious
5.36,py,21.59,13,25,924,19,1,153,Normal
6.68,docx,0.41,0,8,88,15,1,289,Normal
182.68,wav,6.2,2,19,79,13,2,148,Normal
0.53,docx,1.4,2,11,90,6,1,209,Normal
5.85,docx,10.26,3,8,4,8,2,8,Normal
1.32,jpg,5.37,3,12,4,8,1,1,Normal
2.74,docx,4.96,0,8,4,8,1,9,Normal
2.38,txt,2.95,1,5,27,9,1,242,Normal
6.02,png,1.81,0,1,185,5,1,126,Normal
8.25,docx,10.7,1,10,4,10,1,5,Normal
414.95,iso,17.33,6,18,134,9,1,170,Normal
3.0,py,33.32,6,37,539,27,2,76,Normal
29.5,docx,30.87,17,46,570,42,3,86,Suspicious
1.69,pdf,2.37,0,9,93,8,1,305,Normal
3.4,pdf,2.53,0,8,116,5,1,221,Normal
2.69,pdf,1.56,3,9,29,2,2,279,Normal
5.68,txt,4.34,0,3,128,5,1,238,Normal
4.5,png,3.0,1,4,171,4,1,122,Normal
7.02,jpg,3.6,2,7,58,3,1,343,Normal
17.05,json,20.63,7,17,147,20,1,169,Normal
67.41,png,12.83,3,15,353,10,1,211,Normal
15.73,zip,10.21,15,44,427,28,1,135,Normal
4.6,pdf,4.55,0,4,39,3,1,219,Normal
0.38,txt,1.67,0,5,14,6,1,155,Normal
254.48,exe,30.48,13,37,94,22,4,15,Suspicious
17.58,js,32.55,15,73,656,19,1,332,Normal
8.37,jpg,2.4,0,5,20,7,1,124,Normal
259.22,mp4,18.12,3,22,265,12,3,215,Normal
385.02,wav,5.82,3,22,110,11,2,350,Normal
136.4,mp4,23.42,12,65,168,43,5,38,Suspicious
2.71,js,25.52,33,43,552,23,3,382,Normal
36.1,py,28.43,5,52,432,22,2,365,Normal
395.95,jpg,10.3,1,7,174,11,1,65,Normal
7.77,pdf,3.49,0,8,171,2,1,103,Normal
1.1,jpg,3.94,0,1,22,2,1,92,Normal
3.18,jpg,1.9,2,7,256,4,1,176,Normal
43.66,apk,21.6,5,15,134,13,2,59,Suspicious
8.25,jpg,5.94,0,2,3,8,2,5,Normal
0.41,png,0.1,1,10,54,6,1,89,Normal
3.61,pdf,3.21,4,8,64,4,1,176,Normal
2.29,pdf,2.2,0,5,96,7,1,104,Normal
25.64,bat,12.59,6,11,94,12,1,3,Suspicious
35.32,exe,5.3,4,12,14,11,3,92,Suspicious
0.43,pdf,0.92,0,6,53,2,1,176,Normal
17.75,docx,4.68,0,5,73,4,1,105,Normal
1.66,pdf,3.66,0,5,53,10,1,178,Normal
8.93,pdf,0.19,0,3,174,4,1,101,Normal
8.81,txt,0.26,0,8,149,3,1,173,Normal
14.34,txt,4.34,0,6,71,7,1,98,Normal
1.85,py,13.71,13,43,413,20,1,203,Normal
7.66,png,5.71,0,4,52,8,1,277,Normal
3.63,vbs,7.19,5,15,31,11,1,72,Suspicious
1.23,txt,2.48,0,2,53,4,1,249,Normal
2.72,py,5.81,5,55,329,19,1,175,Normal
341.47,png,14.03,2,14,283,14,2,205,Normal
17.13,pdf,38.85,14,33,338,23,4,284,Suspicious
0.37,pdf,4.41,0,9,77,5,1,76,Normal
6.24,docx,0.39,1,5,55,8,2,244,Normal
0.09,docx,4.67,3,6,110,3,2,287,Normal
17.77,mp4,32.18,45,189,219,48,5,26,Suspicious
3.67,docx,6.91,0,6,40,4,1,252,Normal
157.5,wav,12.12,1,18,114,13,4,61,Normal
0.5,png,4.55,0,6,43,7,2,83,Normal
1.74,docx,23.22,2,40,285,14,4,81,Suspicious
0.22,pdf,3.17,0,6,62,6,1,88,Normal
35.71,png,69.85,23,98,75,62,7,1,Suspicious
4.04,pdf,1.87,0,6,116,4,1,270,Normal
16.1,mp4,15.48,5,18,54,8,3,293,Normal
46.86,exe,20.01,6,18,5,7,4,118,Suspicious
6.7,png,1.23,0,4,13,5,1,117,Normal
4.8,jpg,0.43,0,5,58,6,1,175,Normal
0.6,pdf,1.82,1,9,15,5,1,258,Normal
0.41,zip,6.42,1,4,6,5,1,0,Normal
254.26,png,10.95,2,16,170,16,1,42,Normal
2.06,png,9.08,0,2,7,6,2,6,Normal
0.87,pdf,1.58,0,9,115,5,1,160,Normal
4.05,xlsx,4.44,0,8,149,4,3,106,Normal
5.11,txt,5.07,3,5,39,6,1,248,Normal
54.75,mp4,27.57,17,71,82,64,3,108,Suspicious
0.13,docx,10.39,1,5,4,10,1,8,Normal
9.19,jpg,2.57,0,0,17,3,1,101,Normal
10.43,pdf,0.1,0,7,51,7,1,132,Normal
13.09,js,11.28,10,46,493,21,2,354,Normal
6.62,py,24.82,8,44,595,29,2,181,Normal
8.51,pdf,17.23,13,37,181,42,7,835,Suspicious
1.11,docx,1.7,1,5,37,2,1,366,Normal
15.72,js,8.76,7,38,109,30,1,275,Normal
10.21,docx,3.95,1,6,92,3,1,185,Normal
193.09,mp4,14.06,0,12,175,13,2,543,Normal
2.32,jpg,3.55,0,5,69,3,3,175,Normal
8.27,py,20.32,9,44,1266,22,1,163,Normal
7.96,docx,3.34,0,8,21,3,2,229,Normal
30.39,py,16.58,14,43,286,23,2,271,Normal
7.97,png,23.22,3,18,307,22,2,340,Normal
1.56,docx,3.96,2,7,69,4,2,195,Normal
5.03,zip,27.41,3,31,657,21,2,124,Normal
